"subscription_id","customer_id","plan_name","monthly_fee","status","start_date","discount_percent"
1,DxSAVy,Residential,120,Paused,"2023-01-01",5
2,"5NXFhm",Business,250,Active,"2023-01-01",10
3,x2uJPT,Mini,50,Active,"2023-01-01",20
4,tB7Ut2,Mini,50,Active,"2023-01-01",0
5,i4A2yx,Mini,50,Cancelled,"2023-01-01",5
6,u27pCF,Residential,120,Paused,"2023-01-01",10
7,SylVYM,Roam,80,Active,"2023-01-01",20
8,Pdbbe3,Residential,120,Active,"2023-01-01",0
9,ZLANQw,Residential,120,Active,"2023-01-01",5
10,yjbWTZ,Mini,50,Active,"2023-01-01",10
11,aa0uHK,Residential,120,Active,"2023-01-01",20
12,UKx7ti,Residential,120,Active,"2023-01-01",0
13,skEuuT,Residential,120,Active,"2023-01-01",5
14,es67gS,Residential,120,Active,"2023-01-01",10
15,JMLMUA,Residential,120,Active,"2023-01-01",20
16,U9T9pj,Roam,80,Active,"2023-01-01",0
17,qSHy5g,Residential,120,Active,"2023-01-01",5
18,W13KgQ,Residential,120,Active,"2023-01-01",10
19,"5Kk3x9",Residential,120,Active,"2023-01-01",20
20,GWzwYV,Residential,120,Active,"2023-01-01",0
21,ByT8KG,Business,250,Active,"2023-01-01",5
22,dfr6n4,Business,250,Paused,"2023-01-01",10
23,hNk0Aq,Residential,120,Active,"2023-01-01",20
24,hOliKx,Mini,50,Cancelled,"2023-01-01",0
25,jLHaed,Roam,80,Active,"2023-01-01",5
26,LDhepH,Residential,120,Active,"2023-01-01",10
27,XP7tS6,Residential,120,Cancelled,"2023-01-01",20
28,nRIaQU,Residential,120,Active,"2023-01-01",0
29,U3jmDP,Residential,120,Active,"2023-01-01",5
30,w37dxn,Residential,120,Active,"2023-01-01",10
31,RhL75X,Roam,80,Paused,"2023-01-01",20
32,yQF57Q,Residential,120,Active,"2023-01-01",0
33,"0PBrlL",Residential,120,Active,"2023-01-01",5
34,"9gdxMv",Residential,120,Active,"2023-01-01",10
35,"5eSD5N",Mini,50,Active,"2023-01-01",20
36,wvOpOK,Residential,120,Cancelled,"2023-01-01",0
37,"3JOLXy",Business,250,Active,"2023-01-01",5
38,QciFoE,Residential,120,Active,"2023-01-01",10
39,LSmzQQ,Roam,80,Paused,"2023-01-01",20
40,MKHCDs,Mini,50,Active,"2023-01-01",0
41,HoXLTR,Residential,120,Active,"2023-01-01",5
42,Uy0CaS,Business,250,Active,"2023-01-01",10
43,s90M4M,Mini,50,Paused,"2023-01-01",20
44,"3YYwWY",Residential,120,Active,"2023-01-01",0
45,"7MGUjv",Residential,120,Active,"2023-01-01",5
46,mhfjNM,Business,250,Active,"2023-01-01",10
47,aB3Oeb,Residential,120,Active,"2023-01-01",20
48,Uw8vS2,Residential,120,Active,"2023-01-01",0
49,ndcqeg,Roam,80,Active,"2023-01-01",5
50,jtJzaQ,Business,250,Active,"2023-01-01",10
51,RfSoDu,Business,250,Active,"2023-01-01",20
52,NGsK0M,Roam,80,Active,"2023-01-01",0
53,CvAIQN,Residential,120,Active,"2023-01-01",5
54,XovcZU,Mini,50,Active,"2023-01-01",10
55,"6fpHuy",Residential,120,Active,"2023-01-01",20
56,httP6h,Residential,120,Active,"2023-01-01",0
57,TR63mg,Residential,120,Active,"2023-01-01",5
58,Y0853s,Roam,80,Active,"2023-01-01",10
59,Y8Ti7w,Business,250,Active,"2023-01-01",20
60,IbS4Jv,Roam,80,Active,"2023-01-01",0
61,ORV4Rk,Residential,120,Paused,"2023-01-01",5
62,MGZreL,Residential,120,Active,"2023-01-01",10
63,"3Zya5n",Residential,120,Active,"2023-01-01",20
64,nsL8gH,Roam,80,Paused,"2023-01-01",0
65,xy3MHH,Residential,120,Active,"2023-01-01",5
66,L9Tm5q,Roam,80,Active,"2023-01-01",10
67,pyJYNc,Residential,120,Cancelled,"2023-01-01",20
68,"6IOTV7",Residential,120,Cancelled,"2023-01-01",0
69,qCSffG,Residential,120,Paused,"2023-01-01",5
70,xOYi73,Residential,120,Active,"2023-01-01",10
71,nXxONu,Residential,120,Active,"2023-01-01",20
72,"7SUOoi",Roam,80,Active,"2023-01-01",0
73,QgWroE,Residential,120,Active,"2023-01-01",5
74,yaOtM2,Business,250,Active,"2023-01-01",10
75,"2P2jwN",Roam,80,Active,"2023-01-01",20
76,OdO8ry,Residential,120,Active,"2023-01-01",0
77,P75BG6,Residential,120,Active,"2023-01-01",5
78,kBHl5n,Business,250,Active,"2023-01-01",10
79,yUgFYn,Roam,80,Active,"2023-01-01",20
80,z0AUs9,Residential,120,Active,"2023-01-01",0
81,rDyMN0,Residential,120,Active,"2023-01-01",5
82,pkrBuD,Residential,120,Active,"2023-01-01",10
83,MwOWYL,Residential,120,Active,"2023-01-01",20
84,I9oLuP,Roam,80,Active,"2023-01-01",0
85,"3CsYCn",Residential,120,Active,"2023-01-01",5
86,PhVnLt,Business,250,Active,"2023-01-01",10
87,PCwAxZ,Residential,120,Paused,"2023-01-01",20
88,f1P0AR,Residential,120,Active,"2023-01-01",0
89,"2wXE9t",Business,250,Active,"2023-01-01",5
90,mLuuqh,Business,250,Paused,"2023-01-01",10
91,p3VHQp,Roam,80,Cancelled,"2023-01-01",20
92,dnAGzq,Roam,80,Active,"2023-01-01",0
93,"6awrym",Residential,120,Paused,"2023-01-01",5
94,wYFlJE,Residential,120,Active,"2023-01-01",10
95,fHEc3u,Mini,50,Cancelled,"2023-01-01",20
96,E8rBJ7,Roam,80,Active,"2023-01-01",0
97,ghnnf7,Mini,50,Active,"2023-01-01",5
98,"3AFkV0",Roam,80,Active,"2023-01-01",10
99,qOtjx5,Business,250,Paused,"2023-01-01",20
100,g5PPMV,Residential,120,Active,"2023-01-01",0
101,v65NLv,Residential,120,Active,"2023-01-01",5
102,xEbKR5,Roam,80,Cancelled,"2023-01-01",10
103,ci98Ga,Residential,120,Active,"2023-01-01",20
104,"9IyDN8",Residential,120,Active,"2023-01-01",0
105,pMRMH8,Residential,120,Active,"2023-01-01",5
106,"9Ue591",Residential,120,Active,"2023-01-01",10
107,s5BoEp,Roam,80,Active,"2023-01-01",20
108,xqL2FU,Residential,120,Active,"2023-01-01",0
109,puhOOQ,Residential,120,Active,"2023-01-01",5
110,hlqsF0,Residential,120,Active,"2023-01-01",10
111,YuBtiM,Residential,120,Active,"2023-01-01",20
112,epx4yf,Roam,80,Cancelled,"2023-01-01",0
113,VLAOyN,Roam,80,Paused,"2023-01-01",5
114,WOefQr,Residential,120,Active,"2023-01-01",10
115,hslQFz,Mini,50,Active,"2023-01-01",20
116,hD6J7n,Residential,120,Active,"2023-01-01",0
117,LudYZn,Roam,80,Active,"2023-01-01",5
118,xjWAT9,Residential,120,Paused,"2023-01-01",10
119,iH8RRe,Mini,50,Active,"2023-01-01",20
120,sYiJDK,Roam,80,Active,"2023-01-01",0
121,eLh7Vy,Mini,50,Active,"2023-01-01",5
122,FmCgxl,Residential,120,Active,"2023-01-01",10
123,hBrwCA,Residential,120,Active,"2023-01-01",20
124,"6J9LBT",Roam,80,Active,"2023-01-01",0
125,mflLZZ,Roam,80,Active,"2023-01-01",5
126,DFWUSC,Residential,120,Active,"2023-01-01",10
127,Ao67Gx,Residential,120,Active,"2023-01-01",20
128,MJKnI3,Residential,120,Active,"2023-01-01",0
129,YsyvAz,Residential,120,Cancelled,"2023-01-01",5
130,oYfy4T,Mini,50,Active,"2023-01-01",10
131,MubBYr,Residential,120,Active,"2023-01-01",20
132,TIAae2,Roam,80,Active,"2023-01-01",0
133,uo4967,Mini,50,Active,"2023-01-01",5
134,"2qIL62",Residential,120,Active,"2023-01-01",10
135,"749qwB",Residential,120,Cancelled,"2023-01-01",20
136,jdMBL1,Residential,120,Active,"2023-01-01",0
137,YZZRb0,Mini,50,Active,"2023-01-01",5
138,ASBpXd,Business,250,Active,"2023-01-01",10
139,UaPKxN,Residential,120,Paused,"2023-01-01",20
140,ldIuVy,Business,250,Cancelled,"2023-01-01",0
141,"3jNwyC",Residential,120,Active,"2023-01-01",5
142,zV8ZOW,Roam,80,Cancelled,"2023-01-01",10
143,AzvCnT,Roam,80,Paused,"2023-01-01",20
144,EtTQc8,Residential,120,Active,"2023-01-01",0
145,EDBxdF,Residential,120,Active,"2023-01-01",5
146,gqrRCk,Residential,120,Active,"2023-01-01",10
147,EGNZjm,Roam,80,Cancelled,"2023-01-01",20
148,fmRXFd,Roam,80,Active,"2023-01-01",0
149,UZd81y,Residential,120,Paused,"2023-01-01",5
150,lTanMI,Roam,80,Active,"2023-01-01",10
151,"6gpKSk",Roam,80,Active,"2023-01-01",20
152,IgeqG9,Residential,120,Active,"2023-01-01",0
153,gPCnNQ,Roam,80,Active,"2023-01-01",5
154,"2eebFb",Residential,120,Cancelled,"2023-01-01",10
155,HUdKF0,Residential,120,Active,"2023-01-01",20
156,TeLYHt,Residential,120,Paused,"2023-01-01",0
157,zhjpzs,Roam,80,Active,"2023-01-01",5
158,laFSE5,Residential,120,Active,"2023-01-01",10
159,uQyYFl,Roam,80,Active,"2023-01-01",20
160,tGYkNs,Roam,80,Active,"2023-01-01",0
161,"8UzJKM",Residential,120,Active,"2023-01-01",5
162,"0NdDMg",Residential,120,Active,"2023-01-01",10
163,cdnIaH,Residential,120,Active,"2023-01-01",20
164,YHf5JE,Residential,120,Active,"2023-01-01",0
165,g7ef2x,Residential,120,Active,"2023-01-01",5
166,G47T4t,Residential,120,Active,"2023-01-01",10
167,US8Rgz,Residential,120,Active,"2023-01-01",20
168,"5AHSDs",Residential,120,Paused,"2023-01-01",0
169,D44hdr,Roam,80,Active,"2023-01-01",5
170,"1spjgJ",Residential,120,Active,"2023-01-01",10
171,FzG17Q,Residential,120,Active,"2023-01-01",20
172,niHSPa,Residential,120,Active,"2023-01-01",0
173,zTxjgf,Roam,80,Active,"2023-01-01",5
174,"5Rp7jx",Roam,80,Active,"2023-01-01",10
175,qpga3J,Mini,50,Cancelled,"2023-01-01",20
176,A3NujT,Roam,80,Active,"2023-01-01",0
177,Omw2b2,Residential,120,Active,"2023-01-01",5
178,"6gSwbO",Business,250,Active,"2023-01-01",10
179,Kwh90X,Business,250,Active,"2023-01-01",20
180,UKKHP9,Residential,120,Active,"2023-01-01",0
181,QHr2uc,Roam,80,Active,"2023-01-01",5
182,vfnXiz,Residential,120,Active,"2023-01-01",10
183,CXP9K6,Mini,50,Cancelled,"2023-01-01",20
184,"83lmRx",Roam,80,Active,"2023-01-01",0
185,"7XXu6I",Residential,120,Active,"2023-01-01",5
186,Rde5Cs,Roam,80,Paused,"2023-01-01",10
187,hmYEjN,Roam,80,Active,"2023-01-01",20
188,ywDfg2,Residential,120,Active,"2023-01-01",0
189,V6IS4Z,Residential,120,Active,"2023-01-01",5
190,apRE6v,Residential,120,Cancelled,"2023-01-01",10
191,FVjyoU,Residential,120,Active,"2023-01-01",20
192,dLAPyz,Residential,120,Active,"2023-01-01",0
193,RCN3u6,Business,250,Active,"2023-01-01",5
194,xToSn7,Business,250,Active,"2023-01-01",10
195,"2eT86p",Residential,120,Active,"2023-01-01",20
196,"1FhXsP",Residential,120,Active,"2023-01-01",0
197,oI5ONf,Residential,120,Paused,"2023-01-01",5
198,mnF1gp,Business,250,Active,"2023-01-01",10
199,teiwEY,Residential,120,Active,"2023-01-01",20
200,Q7iLWc,Residential,120,Active,"2023-01-01",0
201,zcqtRQ,Residential,120,Active,"2023-01-01",5
202,xlUaBG,Residential,120,Paused,"2023-01-01",10
203,eQLJTZ,Residential,120,Active,"2023-01-01",20
204,NeTdzk,Residential,120,Active,"2023-01-01",0
205,SSPmhI,Residential,120,Cancelled,"2023-01-01",5
206,z9sMvz,Residential,120,Active,"2023-01-01",10
207,uXPzoy,Residential,120,Active,"2023-01-01",20
208,Gzx8nI,Residential,120,Active,"2023-01-01",0
209,dIVoag,Mini,50,Cancelled,"2023-01-01",5
210,"3MsHar",Residential,120,Active,"2023-01-01",10
211,i0P2O3,Roam,80,Active,"2023-01-01",20
212,F4d4Ec,Residential,120,Paused,"2023-01-01",0
213,YhKp6P,Business,250,Active,"2023-01-01",5
214,KntHwl,Roam,80,Active,"2023-01-01",10
215,SH9gZU,Business,250,Active,"2023-01-01",20
216,"6FK3Xr",Residential,120,Active,"2023-01-01",0
217,ttnWXb,Roam,80,Active,"2023-01-01",5
218,yVfwEH,Business,250,Active,"2023-01-01",10
219,cMK1A7,Roam,80,Active,"2023-01-01",20
220,XfVqCb,Roam,80,Active,"2023-01-01",0
221,ujuym1,Residential,120,Active,"2023-01-01",5
222,u482Sf,Business,250,Active,"2023-01-01",10
223,udrSZK,Residential,120,Active,"2023-01-01",20
224,BzPoBr,Roam,80,Active,"2023-01-01",0
225,F0B702,Residential,120,Active,"2023-01-01",5
226,PCq5fA,Roam,80,Active,"2023-01-01",10
227,i87MB9,Residential,120,Active,"2023-01-01",20
228,uwX586,Roam,80,Active,"2023-01-01",0
229,i0sRFh,Residential,120,Paused,"2023-01-01",5
230,sQShcx,Residential,120,Active,"2023-01-01",10
231,DTiRbK,Residential,120,Active,"2023-01-01",20
232,NKGqpe,Mini,50,Paused,"2023-01-01",0
233,Lvc9sR,Business,250,Active,"2023-01-01",5
234,HfrNiP,Residential,120,Cancelled,"2023-01-01",10
235,Al4Le0,Business,250,Active,"2023-01-01",20
236,G2WGBZ,Residential,120,Active,"2023-01-01",0
237,yLOBsa,Residential,120,Active,"2023-01-01",5
238,X3OUjL,Roam,80,Paused,"2023-01-01",10
239,K0rjC2,Residential,120,Active,"2023-01-01",20
240,alXiUZ,Residential,120,Cancelled,"2023-01-01",0
241,GlGpMl,Residential,120,Active,"2023-01-01",5
242,hFgMm6,Roam,80,Cancelled,"2023-01-01",10
243,Dwswc3,Business,250,Active,"2023-01-01",20
244,AkxZFW,Roam,80,Active,"2023-01-01",0
245,BK5HoB,Business,250,Active,"2023-01-01",5
246,y6AwIg,Business,250,Active,"2023-01-01",10
247,JAMdsn,Residential,120,Active,"2023-01-01",20
248,ZeKGZR,Residential,120,Paused,"2023-01-01",0
249,iSnDBF,Residential,120,Active,"2023-01-01",5
250,T2Rmo3,Residential,120,Active,"2023-01-01",10
251,UtINcq,Residential,120,Active,"2023-01-01",20
252,GSWsIJ,Residential,120,Active,"2023-01-01",0
253,uNZJSo,Residential,120,Active,"2023-01-01",5
254,"2NRMbn",Residential,120,Cancelled,"2023-01-01",10
255,We4EMg,Residential,120,Cancelled,"2023-01-01",20
256,"7KNSD7",Residential,120,Active,"2023-01-01",0
257,N9JttA,Roam,80,Active,"2023-01-01",5
258,D6kyrt,Residential,120,Active,"2023-01-01",10
259,xIA58W,Residential,120,Active,"2023-01-01",20
260,uR4Mss,Business,250,Active,"2023-01-01",0
261,TUm1jt,Residential,120,Paused,"2023-01-01",5
262,FtnluE,Residential,120,Active,"2023-01-01",10
263,sdBMbS,Residential,120,Cancelled,"2023-01-01",20
264,If94Ch,Residential,120,Cancelled,"2023-01-01",0
265,xWQdFR,Residential,120,Active,"2023-01-01",5
266,"1a5BQ7",Business,250,Active,"2023-01-01",10
267,yo9NvU,Residential,120,Cancelled,"2023-01-01",20
268,k7fRai,Residential,120,Paused,"2023-01-01",0
269,rO3vq1,Residential,120,Active,"2023-01-01",5
270,"8rb8M0",Residential,120,Active,"2023-01-01",10
271,NIYnqK,Residential,120,Active,"2023-01-01",20
272,"08gCUl",Residential,120,Paused,"2023-01-01",0
273,"9CikK2",Residential,120,Active,"2023-01-01",5
274,feoDzN,Residential,120,Active,"2023-01-01",10
275,eLNWUA,Mini,50,Active,"2023-01-01",20
276,mOGfCQ,Residential,120,Active,"2023-01-01",0
277,pt2W0i,Residential,120,Active,"2023-01-01",5
278,"2atowO",Residential,120,Active,"2023-01-01",10
279,WhtauC,Residential,120,Active,"2023-01-01",20
280,EXfnQs,Residential,120,Active,"2023-01-01",0
281,Ehv1zJ,Residential,120,Active,"2023-01-01",5
282,xrGsAX,Residential,120,Active,"2023-01-01",10
283,Wq3SL0,Mini,50,Active,"2023-01-01",20
284,yshA6P,Residential,120,Active,"2023-01-01",0
285,"5yHrJg",Residential,120,Active,"2023-01-01",5
286,d3Nyrg,Roam,80,Paused,"2023-01-01",10
287,bHELNy,Roam,80,Active,"2023-01-01",20
288,crAnCx,Residential,120,Active,"2023-01-01",0
289,zFlrhJ,Residential,120,Active,"2023-01-01",5
290,YVgSEm,Residential,120,Active,"2023-01-01",10
291,f9ZLg4,Residential,120,Active,"2023-01-01",20
292,AhDVRq,Roam,80,Active,"2023-01-01",0
293,uf1zcC,Roam,80,Cancelled,"2023-01-01",5
294,V9t8yh,Residential,120,Active,"2023-01-01",10
295,rcZqUG,Residential,120,Active,"2023-01-01",20
296,Nwuq1n,Residential,120,Paused,"2023-01-01",0
297,Sta4zK,Residential,120,Active,"2023-01-01",5
298,"48cSLs",Business,250,Active,"2023-01-01",10
299,LvZdP1,Residential,120,Active,"2023-01-01",20
300,JWhoRl,Residential,120,Active,"2023-01-01",0
301,OBbEDy,Residential,120,Active,"2023-01-01",5
302,L2bfbA,Residential,120,Active,"2023-01-01",10
303,RlEFAp,Residential,120,Paused,"2023-01-01",20
304,YaXRvj,Roam,80,Active,"2023-01-01",0
305,GetH3X,Residential,120,Active,"2023-01-01",5
306,zHyzrU,Roam,80,Active,"2023-01-01",10
307,pvkuUE,Residential,120,Active,"2023-01-01",20
308,b0plEO,Residential,120,Active,"2023-01-01",0
309,dmiQPG,Business,250,Active,"2023-01-01",5
310,yMB5xt,Residential,120,Active,"2023-01-01",10
311,AsLdvX,Business,250,Active,"2023-01-01",20
312,GLkHhr,Roam,80,Active,"2023-01-01",0
313,FMzsqW,Residential,120,Active,"2023-01-01",5
314,"3h5llz",Residential,120,Active,"2023-01-01",10
315,"0ZJ6ZS",Residential,120,Active,"2023-01-01",20
316,zATKhb,Residential,120,Active,"2023-01-01",0
317,"7kHvqx",Residential,120,Active,"2023-01-01",5
318,lxaTc3,Mini,50,Active,"2023-01-01",10
319,rQc7Ly,Business,250,Cancelled,"2023-01-01",20
320,IfxJvL,Residential,120,Active,"2023-01-01",0
321,nGSZLz,Business,250,Paused,"2023-01-01",5
322,Nti9uF,Residential,120,Active,"2023-01-01",10
323,Ud48e1,Residential,120,Active,"2023-01-01",20
324,wqFthI,Residential,120,Active,"2023-01-01",0
325,palOtB,Roam,80,Paused,"2023-01-01",5
326,rv8P9i,Residential,120,Active,"2023-01-01",10
327,U0Yqqd,Roam,80,Active,"2023-01-01",20
328,L4tEtM,Roam,80,Cancelled,"2023-01-01",0
329,eAr6EV,Residential,120,Active,"2023-01-01",5
330,Pm1mza,Mini,50,Active,"2023-01-01",10
331,jhTdV5,Roam,80,Active,"2023-01-01",20
332,lv7Tbk,Residential,120,Active,"2023-01-01",0
333,ItoxqU,Roam,80,Active,"2023-01-01",5
334,QMo5RN,Business,250,Active,"2023-01-01",10
335,"5xFRaW",Residential,120,Active,"2023-01-01",20
336,Cka3O7,Residential,120,Active,"2023-01-01",0
337,LBzJZh,Residential,120,Active,"2023-01-01",5
338,zNMugI,Residential,120,Active,"2023-01-01",10
339,iJuHug,Residential,120,Active,"2023-01-01",20
340,aHm8sB,Business,250,Active,"2023-01-01",0
341,"68TXHK",Roam,80,Active,"2023-01-01",5
342,Sgpo9s,Mini,50,Cancelled,"2023-01-01",10
343,SKumPu,Residential,120,Active,"2023-01-01",20
344,ZZTGCe,Roam,80,Active,"2023-01-01",0
345,DcMA0y,Mini,50,Paused,"2023-01-01",5
346,"35FH7t",Residential,120,Paused,"2023-01-01",10
347,Eyn3hn,Mini,50,Active,"2023-01-01",20
348,upqoU7,Residential,120,Active,"2023-01-01",0
349,LjTXmL,Mini,50,Active,"2023-01-01",5
350,vwDVKU,Residential,120,Active,"2023-01-01",10
351,vslScP,Residential,120,Cancelled,"2023-01-01",20
352,S6LFeB,Business,250,Active,"2023-01-01",0
353,Ocbj1l,Business,250,Active,"2023-01-01",5
354,tMKbAj,Residential,120,Active,"2023-01-01",10
355,lFC5bp,Residential,120,Paused,"2023-01-01",20
356,WnNZkv,Mini,50,Active,"2023-01-01",0
357,KyFlzt,Residential,120,Active,"2023-01-01",5
358,p2d8zo,Roam,80,Cancelled,"2023-01-01",10
359,"1wKWKu",Residential,120,Active,"2023-01-01",20
360,eVQJSA,Roam,80,Active,"2023-01-01",0
361,"8NakB1",Residential,120,Active,"2023-01-01",5
362,NApHsj,Residential,120,Active,"2023-01-01",10
363,K9dTNi,Residential,120,Active,"2023-01-01",20
364,"6isOfD",Residential,120,Active,"2023-01-01",0
365,pogSV5,Business,250,Active,"2023-01-01",5
366,O2Eplz,Residential,120,Active,"2023-01-01",10
367,"5jC7ac",Residential,120,Active,"2023-01-01",20
368,"7SgOmQ",Residential,120,Cancelled,"2023-01-01",0
369,sl8q5N,Residential,120,Active,"2023-01-01",5
370,a8JU6w,Roam,80,Active,"2023-01-01",10
371,hpLycL,Residential,120,Active,"2023-01-01",20
372,P1503G,Residential,120,Active,"2023-01-01",0
373,OaG6Ye,Mini,50,Active,"2023-01-01",5
374,"8bg9Rv",Residential,120,Paused,"2023-01-01",10
375,LPhVoo,Residential,120,Active,"2023-01-01",20
376,QOfMXS,Roam,80,Active,"2023-01-01",0
377,FIIRmm,Roam,80,Cancelled,"2023-01-01",5
378,V2zWwC,Residential,120,Active,"2023-01-01",10
379,J5GUsg,Roam,80,Active,"2023-01-01",20
380,"6w4UOL",Residential,120,Active,"2023-01-01",0
381,MFmvti,Business,250,Active,"2023-01-01",5
382,xXLnDD,Residential,120,Active,"2023-01-01",10
383,DyQE4e,Residential,120,Paused,"2023-01-01",20
384,LCq0J0,Business,250,Active,"2023-01-01",0
385,LGc1FR,Residential,120,Cancelled,"2023-01-01",5
386,ftyyrd,Residential,120,Active,"2023-01-01",10
387,EsXucp,Residential,120,Active,"2023-01-01",20
388,fHlTbR,Residential,120,Active,"2023-01-01",0
389,iWUM6G,Residential,120,Active,"2023-01-01",5
390,VXowX9,Business,250,Paused,"2023-01-01",10
391,V8JE7x,Residential,120,Active,"2023-01-01",20
392,VZZOEL,Residential,120,Active,"2023-01-01",0
393,bWVa4O,Mini,50,Active,"2023-01-01",5
394,ws6nue,Roam,80,Active,"2023-01-01",10
395,kvHCTn,Roam,80,Active,"2023-01-01",20
396,jWJNJj,Roam,80,Active,"2023-01-01",0
397,DWrJ9f,Residential,120,Active,"2023-01-01",5
398,lt9kNK,Residential,120,Active,"2023-01-01",10
399,AHkxv7,Residential,120,Active,"2023-01-01",20
400,"7zlbTP",Residential,120,Active,"2023-01-01",0
401,Fm8ttD,Residential,120,Active,"2023-01-01",5
402,WU0YWV,Mini,50,Active,"2023-01-01",10
403,e16rRP,Business,250,Active,"2023-01-01",20
404,OA9x14,Residential,120,Active,"2023-01-01",0
405,RWmz5g,Business,250,Active,"2023-01-01",5
406,"59rLtG",Residential,120,Active,"2023-01-01",10
407,ysD1ZN,Residential,120,Cancelled,"2023-01-01",20
408,JCarhu,Residential,120,Active,"2023-01-01",0
409,J03IV2,Residential,120,Cancelled,"2023-01-01",5
410,Zl7Cgh,Residential,120,Active,"2023-01-01",10
411,LRUAbh,Residential,120,Active,"2023-01-01",20
412,jI205z,Residential,120,Active,"2023-01-01",0
413,aToDbt,Roam,80,Active,"2023-01-01",5
414,nlvw9R,Residential,120,Active,"2023-01-01",10
415,"2ExHgD",Residential,120,Paused,"2023-01-01",20
416,aFxMPM,Roam,80,Active,"2023-01-01",0
417,VaI5z5,Mini,50,Active,"2023-01-01",5
418,CsLSx0,Mini,50,Active,"2023-01-01",10
419,eN59UA,Residential,120,Active,"2023-01-01",20
420,rdsi6C,Residential,120,Active,"2023-01-01",0
421,TOAW5p,Residential,120,Paused,"2023-01-01",5
422,KJRSYn,Roam,80,Active,"2023-01-01",10
423,tToqsf,Residential,120,Active,"2023-01-01",20
424,"8BQCtf",Residential,120,Active,"2023-01-01",0
425,p7HmUA,Roam,80,Active,"2023-01-01",5
426,HivBNs,Residential,120,Cancelled,"2023-01-01",10
427,Eg7pAa,Residential,120,Active,"2023-01-01",20
428,akwcY4,Residential,120,Paused,"2023-01-01",0
429,gZFSOf,Residential,120,Active,"2023-01-01",5
430,AxTGQG,Residential,120,Active,"2023-01-01",10
431,tUzAPw,Residential,120,Cancelled,"2023-01-01",20
432,tTThRR,Residential,120,Active,"2023-01-01",0
433,SHHUcu,Roam,80,Active,"2023-01-01",5
434,fVlajJ,Business,250,Active,"2023-01-01",10
435,aRn6Bl,Roam,80,Active,"2023-01-01",20
436,b05ab3,Residential,120,Active,"2023-01-01",0
437,xLGja3,Residential,120,Active,"2023-01-01",5
438,g8lPXm,Residential,120,Active,"2023-01-01",10
439,C7y9F0,Residential,120,Active,"2023-01-01",20
440,ueP5vw,Roam,80,Paused,"2023-01-01",0
441,iQ5Vrx,Residential,120,Active,"2023-01-01",5
442,FReuv1,Residential,120,Cancelled,"2023-01-01",10
443,WtPfrl,Roam,80,Active,"2023-01-01",20
444,Cz3Nkn,Residential,120,Paused,"2023-01-01",0
445,hLlJrV,Mini,50,Active,"2023-01-01",5
446,i9lmEZ,Residential,120,Active,"2023-01-01",10
447,"4eyyur",Residential,120,Active,"2023-01-01",20
448,qv7Obb,Business,250,Active,"2023-01-01",0
449,trjcs8,Roam,80,Active,"2023-01-01",5
450,iC8bzV,Residential,120,Active,"2023-01-01",10
451,jFu6W7,Residential,120,Active,"2023-01-01",20
452,LuKjlQ,Residential,120,Active,"2023-01-01",0
453,u5XJrS,Roam,80,Active,"2023-01-01",5
454,obK18T,Residential,120,Active,"2023-01-01",10
455,zUgNCZ,Business,250,Active,"2023-01-01",20
456,nmcLug,Residential,120,Active,"2023-01-01",0
457,Amm4Wv,Roam,80,Active,"2023-01-01",5
458,H9x10k,Residential,120,Active,"2023-01-01",10
459,ZGGu16,Business,250,Active,"2023-01-01",20
460,YTCbdN,Roam,80,Active,"2023-01-01",0
461,NbOJqd,Residential,120,Active,"2023-01-01",5
462,nex7oj,Residential,120,Active,"2023-01-01",10
463,foqqDP,Mini,50,Active,"2023-01-01",20
464,"8it6mt",Mini,50,Active,"2023-01-01",0
465,r5jGAi,Residential,120,Active,"2023-01-01",5
466,fDCjLk,Residential,120,Active,"2023-01-01",10
467,RxUuQo,Roam,80,Cancelled,"2023-01-01",20
468,pIGSbJ,Roam,80,Paused,"2023-01-01",0
469,ex4dPz,Mini,50,Active,"2023-01-01",5
470,uct8Fa,Roam,80,Active,"2023-01-01",10
471,tUAkjH,Residential,120,Active,"2023-01-01",20
472,WZKgVZ,Roam,80,Paused,"2023-01-01",0
473,QQA4FU,Residential,120,Active,"2023-01-01",5
474,Vnygxy,Residential,120,Active,"2023-01-01",10
475,"6Y5ihw",Roam,80,Paused,"2023-01-01",20
476,oQ5r3T,Mini,50,Active,"2023-01-01",0
477,R4g63S,Residential,120,Active,"2023-01-01",5
478,agxNOs,Roam,80,Active,"2023-01-01",10
479,Xg5qo4,Residential,120,Active,"2023-01-01",20
480,XktJDv,Residential,120,Active,"2023-01-01",0
481,BoVOM0,Residential,120,Active,"2023-01-01",5
482,qWg6eu,Residential,120,Active,"2023-01-01",10
483,tGABeR,Roam,80,Active,"2023-01-01",20
484,"6yvT8G",Residential,120,Active,"2023-01-01",0
485,PFg3Fm,Residential,120,Active,"2023-01-01",5
486,MSJaeR,Residential,120,Cancelled,"2023-01-01",10
487,pePUW5,Residential,120,Active,"2023-01-01",20
488,beBH26,Residential,120,Active,"2023-01-01",0
489,B6Umeu,Roam,80,Active,"2023-01-01",5
490,WY4Vcl,Roam,80,Active,"2023-01-01",10
491,rJqEz2,Residential,120,Active,"2023-01-01",20
492,VEUVB5,Mini,50,Active,"2023-01-01",0
493,l9n7uQ,Roam,80,Paused,"2023-01-01",5
494,"9gy6Tp",Residential,120,Active,"2023-01-01",10
495,"7LnwhM",Residential,120,Active,"2023-01-01",20
496,OC2YWg,Roam,80,Active,"2023-01-01",0
497,jRKz68,Residential,120,Active,"2023-01-01",5
498,PLQKWk,Mini,50,Active,"2023-01-01",10
499,sVg6yD,Residential,120,Paused,"2023-01-01",20
500,cC45ra,Mini,50,Active,"2023-01-01",0
501,j7EGpE,Roam,80,Active,"2023-01-01",5
502,nEtoal,Residential,120,Active,"2023-01-01",10
503,"9OgQC7",Residential,120,Paused,"2023-01-01",20
504,pIWszf,Residential,120,Active,"2023-01-01",0
505,jk2u3d,Residential,120,Active,"2023-01-01",5
506,bd0Tyy,Roam,80,Paused,"2023-01-01",10
507,FWPC3I,Roam,80,Active,"2023-01-01",20
508,wISUkA,Residential,120,Cancelled,"2023-01-01",0
509,tPbMkv,Residential,120,Active,"2023-01-01",5
510,"51Z8um",Residential,120,Active,"2023-01-01",10
511,KYsETb,Residential,120,Paused,"2023-01-01",20
512,Jsu6QV,Residential,120,Active,"2023-01-01",0
513,jIpPfN,Residential,120,Active,"2023-01-01",5
514,ixcbZL,Business,250,Cancelled,"2023-01-01",10
515,uXMZ5f,Business,250,Active,"2023-01-01",20
516,UYgbSZ,Mini,50,Active,"2023-01-01",0
517,UGFHdj,Business,250,Paused,"2023-01-01",5
518,r2bzKY,Residential,120,Active,"2023-01-01",10
519,"5lqevu",Residential,120,Active,"2023-01-01",20
520,idfALe,Residential,120,Active,"2023-01-01",0
521,U0gd65,Business,250,Active,"2023-01-01",5
522,PHi8ai,Residential,120,Cancelled,"2023-01-01",10
523,nRQSIh,Residential,120,Active,"2023-01-01",20
524,IzF5eI,Roam,80,Active,"2023-01-01",0
525,z8CI9n,Roam,80,Active,"2023-01-01",5
526,vbPwRM,Mini,50,Active,"2023-01-01",10
527,v92DAi,Residential,120,Active,"2023-01-01",20
528,Rh1E2J,Residential,120,Cancelled,"2023-01-01",0
529,"9aEQha",Residential,120,Cancelled,"2023-01-01",5
530,"6E5FxV",Residential,120,Active,"2023-01-01",10
531,ObQzxH,Residential,120,Active,"2023-01-01",20
532,kp47qA,Roam,80,Active,"2023-01-01",0
533,"1g2WmX",Residential,120,Active,"2023-01-01",5
534,fFleT4,Mini,50,Active,"2023-01-01",10
535,gKB6As,Residential,120,Active,"2023-01-01",20
536,"8FnC8d",Residential,120,Active,"2023-01-01",0
537,EHtD50,Residential,120,Paused,"2023-01-01",5
538,KIwFKB,Residential,120,Active,"2023-01-01",10
539,"0uNAuo",Business,250,Active,"2023-01-01",20
540,"8ixTsi",Roam,80,Active,"2023-01-01",0
541,zs6rPe,Roam,80,Cancelled,"2023-01-01",5
542,"0Bqf5c",Residential,120,Active,"2023-01-01",10
543,VTucHY,Mini,50,Active,"2023-01-01",20
544,hGveyJ,Business,250,Paused,"2023-01-01",0
545,dOayq0,Business,250,Active,"2023-01-01",5
546,BY0FuC,Residential,120,Paused,"2023-01-01",10
547,JhN8k4,Mini,50,Active,"2023-01-01",20
548,Gvg0i9,Residential,120,Active,"2023-01-01",0
549,JUsgqc,Residential,120,Cancelled,"2023-01-01",5
550,iMo02a,Residential,120,Active,"2023-01-01",10
551,Hu99Vs,Business,250,Active,"2023-01-01",20
552,RpWfGa,Roam,80,Active,"2023-01-01",0
553,"5qQtbB",Business,250,Active,"2023-01-01",5
554,ilhSBS,Mini,50,Active,"2023-01-01",10
555,"9BcHPq",Residential,120,Active,"2023-01-01",20
556,XrGVdb,Roam,80,Active,"2023-01-01",0
557,"5O775u",Roam,80,Cancelled,"2023-01-01",5
558,mahMac,Residential,120,Active,"2023-01-01",10
559,QnEqDE,Roam,80,Active,"2023-01-01",20
560,pwFICe,Roam,80,Cancelled,"2023-01-01",0
561,"2MpSLF",Residential,120,Active,"2023-01-01",5
562,r2hcfF,Residential,120,Active,"2023-01-01",10
563,qqZSIt,Residential,120,Active,"2023-01-01",20
564,"0Fdaaq",Residential,120,Active,"2023-01-01",0
565,"5B4tkp",Mini,50,Active,"2023-01-01",5
566,ysfRli,Roam,80,Active,"2023-01-01",10
567,bXKoVT,Residential,120,Active,"2023-01-01",20
568,Tiiic9,Residential,120,Active,"2023-01-01",0
569,VcRGOX,Residential,120,Active,"2023-01-01",5
570,ui6CKp,Roam,80,Active,"2023-01-01",10
571,XWEJNT,Residential,120,Active,"2023-01-01",20
572,Zl9DZU,Residential,120,Active,"2023-01-01",0
573,"3k3UAd",Residential,120,Active,"2023-01-01",5
574,EWm49w,Residential,120,Cancelled,"2023-01-01",10
575,CSHoy0,Residential,120,Active,"2023-01-01",20
576,ie6ozZ,Mini,50,Active,"2023-01-01",0
577,"8BLoiM",Business,250,Cancelled,"2023-01-01",5
578,nCIMDO,Residential,120,Cancelled,"2023-01-01",10
579,B4RZrX,Business,250,Active,"2023-01-01",20
580,"1KSLOp",Mini,50,Active,"2023-01-01",0
581,gigv6V,Residential,120,Cancelled,"2023-01-01",5
582,cYNZNo,Residential,120,Active,"2023-01-01",10
583,Vy7piG,Residential,120,Cancelled,"2023-01-01",20
584,htN8oK,Residential,120,Active,"2023-01-01",0
585,"3m9k8i",Mini,50,Active,"2023-01-01",5
586,scZzBg,Roam,80,Active,"2023-01-01",10
587,EaIfWQ,Residential,120,Active,"2023-01-01",20
588,vG7Cw5,Residential,120,Paused,"2023-01-01",0
589,QZCfQg,Residential,120,Active,"2023-01-01",5
590,HOO4ur,Residential,120,Active,"2023-01-01",10
591,fnHx2s,Residential,120,Active,"2023-01-01",20
592,T31bjJ,Roam,80,Cancelled,"2023-01-01",0
593,tmG92H,Mini,50,Cancelled,"2023-01-01",5
594,jyMB15,Business,250,Active,"2023-01-01",10
595,"8uSO6J",Residential,120,Active,"2023-01-01",20
596,"1wST6y",Residential,120,Active,"2023-01-01",0
597,HNfVOw,Residential,120,Active,"2023-01-01",5
598,VgERTP,Roam,80,Active,"2023-01-01",10
599,HHwaTU,Residential,120,Active,"2023-01-01",20
600,RfEmiR,Residential,120,Active,"2023-01-01",0
601,SsXH8S,Residential,120,Active,"2023-01-01",5
602,sC7GrC,Residential,120,Cancelled,"2023-01-01",10
603,A1WbP5,Mini,50,Active,"2023-01-01",20
604,lp4mvY,Roam,80,Active,"2023-01-01",0
605,VOuaOn,Roam,80,Active,"2023-01-01",5
606,e9msJW,Residential,120,Active,"2023-01-01",10
607,Sf3azL,Residential,120,Active,"2023-01-01",20
608,j3P2K9,Residential,120,Paused,"2023-01-01",0
609,VwTeIX,Residential,120,Paused,"2023-01-01",5
610,tcmUxQ,Mini,50,Active,"2023-01-01",10
611,pXKcCr,Roam,80,Cancelled,"2023-01-01",20
612,hWq0TY,Residential,120,Active,"2023-01-01",0
613,zndITh,Roam,80,Active,"2023-01-01",5
614,ssVE4u,Residential,120,Active,"2023-01-01",10
615,"22YCdr",Roam,80,Cancelled,"2023-01-01",20
616,Eb1Ixk,Mini,50,Paused,"2023-01-01",0
617,dWCscm,Mini,50,Active,"2023-01-01",5
618,"6pO2ZA",Residential,120,Paused,"2023-01-01",10
619,JaMfDM,Roam,80,Paused,"2023-01-01",20
620,j3cucL,Roam,80,Active,"2023-01-01",0
621,p9eMoX,Roam,80,Active,"2023-01-01",5
622,NEXLYH,Residential,120,Cancelled,"2023-01-01",10
623,o8lNZX,Roam,80,Active,"2023-01-01",20
624,BP9xAk,Residential,120,Active,"2023-01-01",0
625,nzaOxC,Business,250,Active,"2023-01-01",5
626,dUgpxg,Residential,120,Active,"2023-01-01",10
627,KDGAUu,Mini,50,Cancelled,"2023-01-01",20
628,Fqcdef,Residential,120,Active,"2023-01-01",0
629,GwmTi9,Mini,50,Active,"2023-01-01",5
630,Hdr8UC,Business,250,Active,"2023-01-01",10
631,W0MqI6,Residential,120,Active,"2023-01-01",20
632,ZwgSZf,Residential,120,Active,"2023-01-01",0
633,fOfj3P,Residential,120,Active,"2023-01-01",5
634,kFq3KK,Residential,120,Active,"2023-01-01",10
635,"04yyqp",Residential,120,Active,"2023-01-01",20
636,wSixs1,Residential,120,Active,"2023-01-01",0
637,oKbews,Residential,120,Active,"2023-01-01",5
638,EyxHgn,Roam,80,Active,"2023-01-01",10
639,rzq5O5,Mini,50,Active,"2023-01-01",20
640,ubqvZJ,Residential,120,Active,"2023-01-01",0
641,"7uff0L",Residential,120,Active,"2023-01-01",5
642,"9Pot7G",Roam,80,Active,"2023-01-01",10
643,NiUHCK,Residential,120,Active,"2023-01-01",20
644,fZtFUU,Residential,120,Active,"2023-01-01",0
645,f3VT97,Residential,120,Active,"2023-01-01",5
646,xfSpZN,Roam,80,Active,"2023-01-01",10
647,UD9UDS,Residential,120,Cancelled,"2023-01-01",20
648,"7hoCgI",Business,250,Active,"2023-01-01",0
649,HhAlmI,Roam,80,Active,"2023-01-01",5
650,PU6zUj,Residential,120,Cancelled,"2023-01-01",10
651,BY24qT,Residential,120,Active,"2023-01-01",20
652,kEI0uc,Residential,120,Active,"2023-01-01",0
653,usvs9J,Roam,80,Active,"2023-01-01",5
654,EjoIAE,Roam,80,Active,"2023-01-01",10
655,AyeETK,Mini,50,Active,"2023-01-01",20
656,KfmD19,Mini,50,Paused,"2023-01-01",0
657,wM7prg,Roam,80,Active,"2023-01-01",5
658,doKKCH,Residential,120,Active,"2023-01-01",10
659,liNDsV,Roam,80,Active,"2023-01-01",20
660,K09HfP,Roam,80,Paused,"2023-01-01",0
661,lmlsPd,Residential,120,Paused,"2023-01-01",5
662,BGbop7,Residential,120,Active,"2023-01-01",10
663,ZNbrii,Residential,120,Active,"2023-01-01",20
664,X9Wvo1,Residential,120,Cancelled,"2023-01-01",0
665,RhDQiT,Residential,120,Active,"2023-01-01",5
666,"75CU9I",Residential,120,Active,"2023-01-01",10
667,rFlLWj,Roam,80,Active,"2023-01-01",20
668,nqCw3e,Business,250,Active,"2023-01-01",0
669,oZDns4,Roam,80,Active,"2023-01-01",5
670,bFj1hn,Roam,80,Active,"2023-01-01",10
671,JzRv6o,Roam,80,Active,"2023-01-01",20
672,tuF2UA,Residential,120,Active,"2023-01-01",0
673,l6RjWt,Residential,120,Active,"2023-01-01",5
674,fDPeFU,Residential,120,Active,"2023-01-01",10
675,"8x35Au",Residential,120,Active,"2023-01-01",20
676,hrXlAv,Residential,120,Active,"2023-01-01",0
677,WCwsXJ,Residential,120,Active,"2023-01-01",5
678,"0n7Cjg",Residential,120,Paused,"2023-01-01",10
679,qtHioR,Residential,120,Active,"2023-01-01",20
680,M1jvZZ,Residential,120,Active,"2023-01-01",0
681,"5iwUFq",Residential,120,Cancelled,"2023-01-01",5
682,ClPoN2,Mini,50,Active,"2023-01-01",10
683,XuHIdD,Residential,120,Active,"2023-01-01",20
684,EhXI6i,Residential,120,Active,"2023-01-01",0
685,NHXjhF,Residential,120,Active,"2023-01-01",5
686,y8GAfJ,Roam,80,Active,"2023-01-01",10
687,LU4Oil,Roam,80,Active,"2023-01-01",20
688,MACzXt,Residential,120,Paused,"2023-01-01",0
689,BpAjWZ,Residential,120,Active,"2023-01-01",5
690,TvYtzJ,Residential,120,Active,"2023-01-01",10
691,"8fV7s9",Residential,120,Active,"2023-01-01",20
692,sdlmOB,Roam,80,Active,"2023-01-01",0
693,Ad9GBM,Residential,120,Cancelled,"2023-01-01",5
694,nV0W1t,Residential,120,Active,"2023-01-01",10
695,"2j4S3V",Residential,120,Active,"2023-01-01",20
696,ahtgMD,Residential,120,Active,"2023-01-01",0
697,"6sjlnA",Residential,120,Active,"2023-01-01",5
698,Nc6GpN,Residential,120,Active,"2023-01-01",10
699,QTObyd,Roam,80,Active,"2023-01-01",20
700,JJRzhb,Residential,120,Active,"2023-01-01",0
701,"1ds7iq",Residential,120,Active,"2023-01-01",5
702,"4bS7Qk",Business,250,Active,"2023-01-01",10
703,xe6zgi,Residential,120,Cancelled,"2023-01-01",20
704,"8O7FRt",Residential,120,Active,"2023-01-01",0
705,K4tyo1,Residential,120,Active,"2023-01-01",5
706,OFxLhD,Residential,120,Active,"2023-01-01",10
707,YyBAyP,Roam,80,Active,"2023-01-01",20
708,nw3vkM,Residential,120,Active,"2023-01-01",0
709,"5c8ytW",Residential,120,Active,"2023-01-01",5
710,EHXtXo,Residential,120,Active,"2023-01-01",10
711,P2klyu,Residential,120,Paused,"2023-01-01",20
712,Tcl2v4,Business,250,Active,"2023-01-01",0
713,CUn0G0,Residential,120,Active,"2023-01-01",5
714,kT8JPl,Residential,120,Active,"2023-01-01",10
715,kdTGUD,Residential,120,Active,"2023-01-01",20
716,gcqO2S,Residential,120,Cancelled,"2023-01-01",0
717,JSmQzY,Residential,120,Active,"2023-01-01",5
718,"70Jqus",Roam,80,Active,"2023-01-01",10
719,dXn87w,Residential,120,Paused,"2023-01-01",20
720,QsUNTZ,Business,250,Active,"2023-01-01",0
721,G2076Z,Residential,120,Active,"2023-01-01",5
722,"6bvxgn",Business,250,Cancelled,"2023-01-01",10
723,ERIIw3,Roam,80,Paused,"2023-01-01",20
724,ekGBkE,Roam,80,Active,"2023-01-01",0
725,jOp1Aw,Mini,50,Active,"2023-01-01",5
726,YpPy9p,Residential,120,Active,"2023-01-01",10
727,blqhML,Mini,50,Active,"2023-01-01",20
728,zEEg9Y,Residential,120,Active,"2023-01-01",0
729,BBlg1s,Residential,120,Active,"2023-01-01",5
730,yvxES4,Roam,80,Active,"2023-01-01",10
731,veH30S,Roam,80,Active,"2023-01-01",20
732,j15KnW,Roam,80,Active,"2023-01-01",0
733,Nuy5av,Mini,50,Cancelled,"2023-01-01",5
734,QD1BnF,Business,250,Cancelled,"2023-01-01",10
735,tBhjqa,Residential,120,Active,"2023-01-01",20
736,MMADVC,Residential,120,Active,"2023-01-01",0
737,J82oQJ,Mini,50,Paused,"2023-01-01",5
738,jWHdM0,Residential,120,Active,"2023-01-01",10
739,Js3Jtv,Residential,120,Active,"2023-01-01",20
740,"98YhA9",Residential,120,Cancelled,"2023-01-01",0
741,duNf8v,Roam,80,Active,"2023-01-01",5
742,uK4MXq,Residential,120,Cancelled,"2023-01-01",10
743,pN2Ig0,Business,250,Active,"2023-01-01",20
744,ClbxXo,Roam,80,Active,"2023-01-01",0
745,DHCL7h,Residential,120,Active,"2023-01-01",5
746,czDezt,Mini,50,Active,"2023-01-01",10
747,ixlNQO,Residential,120,Active,"2023-01-01",20
748,oC5SjL,Residential,120,Cancelled,"2023-01-01",0
749,SDsN5f,Roam,80,Active,"2023-01-01",5
750,BFe5wZ,Residential,120,Active,"2023-01-01",10
751,naK3Pn,Residential,120,Active,"2023-01-01",20
752,"3qRHic",Residential,120,Cancelled,"2023-01-01",0
753,I6ht2T,Residential,120,Active,"2023-01-01",5
754,uxztba,Roam,80,Active,"2023-01-01",10
755,Bgs8Ow,Residential,120,Active,"2023-01-01",20
756,wGLD0k,Roam,80,Active,"2023-01-01",0
757,m3ZToM,Residential,120,Active,"2023-01-01",5
758,"68S0OO",Roam,80,Active,"2023-01-01",10
759,gcLRdT,Residential,120,Active,"2023-01-01",20
760,Ci6ZEC,Roam,80,Active,"2023-01-01",0
761,Lc0qwm,Residential,120,Active,"2023-01-01",5
762,schiC5,Roam,80,Cancelled,"2023-01-01",10
763,wghoVM,Residential,120,Active,"2023-01-01",20
764,EX1vfi,Residential,120,Active,"2023-01-01",0
765,rhlq2W,Residential,120,Active,"2023-01-01",5
766,qyNAbP,Residential,120,Active,"2023-01-01",10
767,"3Wk3c1",Residential,120,Cancelled,"2023-01-01",20
768,Z2GLL7,Roam,80,Active,"2023-01-01",0
769,"1NkNju",Mini,50,Active,"2023-01-01",5
770,TP9gyv,Roam,80,Paused,"2023-01-01",10
771,VmlM2i,Residential,120,Active,"2023-01-01",20
772,QfyI80,Business,250,Active,"2023-01-01",0
773,icOlsQ,Residential,120,Active,"2023-01-01",5
774,RBT7qY,Business,250,Paused,"2023-01-01",10
775,DPGAEZ,Business,250,Active,"2023-01-01",20
776,"64j8Yh",Residential,120,Active,"2023-01-01",0
777,"4anITU",Mini,50,Active,"2023-01-01",5
778,OkgYKi,Residential,120,Active,"2023-01-01",10
779,dFbxma,Roam,80,Active,"2023-01-01",20
780,JcaIAS,Business,250,Active,"2023-01-01",0
781,gIwTac,Roam,80,Active,"2023-01-01",5
782,fZonaZ,Mini,50,Active,"2023-01-01",10
783,"2OElbZ",Residential,120,Active,"2023-01-01",20
784,iGwh7C,Business,250,Active,"2023-01-01",0
785,leAMN0,Residential,120,Active,"2023-01-01",5
786,dDuAsn,Roam,80,Cancelled,"2023-01-01",10
787,"5IPZGa",Residential,120,Active,"2023-01-01",20
788,UhkysU,Business,250,Active,"2023-01-01",0
789,"0eh4Bs",Roam,80,Active,"2023-01-01",5
790,nxYi8R,Residential,120,Cancelled,"2023-01-01",10
791,dziYVY,Residential,120,Active,"2023-01-01",20
792,Pq8mCf,Roam,80,Cancelled,"2023-01-01",0
793,"4FAlP2",Mini,50,Active,"2023-01-01",5
794,afYpWN,Residential,120,Active,"2023-01-01",10
795,pJ3mIt,Residential,120,Cancelled,"2023-01-01",20
796,FO2TXJ,Residential,120,Active,"2023-01-01",0
797,kkbmIZ,Roam,80,Cancelled,"2023-01-01",5
798,OfPMce,Residential,120,Active,"2023-01-01",10
799,z2TfNW,Business,250,Paused,"2023-01-01",20
800,x8G3VD,Residential,120,Active,"2023-01-01",0
801,"6pvEiL",Roam,80,Active,"2023-01-01",5
802,YDtNZk,Residential,120,Active,"2023-01-01",10
803,Bsssqr,Residential,120,Active,"2023-01-01",20
804,"50DF5k",Residential,120,Active,"2023-01-01",0
805,gPuFVv,Residential,120,Active,"2023-01-01",5
806,wLiyuZ,Residential,120,Cancelled,"2023-01-01",10
807,mMK3ku,Roam,80,Active,"2023-01-01",20
808,lz8Ysn,Residential,120,Active,"2023-01-01",0
809,fUFg11,Business,250,Active,"2023-01-01",5
810,heK70O,Business,250,Active,"2023-01-01",10
811,ynu705,Residential,120,Active,"2023-01-01",20
812,bka6Gd,Residential,120,Active,"2023-01-01",0
813,m4IWxH,Residential,120,Cancelled,"2023-01-01",5
814,"7WeKft",Residential,120,Active,"2023-01-01",10
815,t2Ionu,Business,250,Paused,"2023-01-01",20
816,dNRXho,Roam,80,Active,"2023-01-01",0
817,A9qQCw,Residential,120,Active,"2023-01-01",5
818,nDU6w7,Residential,120,Paused,"2023-01-01",10
819,"4Nw3te",Residential,120,Paused,"2023-01-01",20
820,nVYHPl,Roam,80,Active,"2023-01-01",0
821,"6sP1QJ",Residential,120,Active,"2023-01-01",5
822,cUBaQG,Mini,50,Active,"2023-01-01",10
823,i0G1vk,Residential,120,Active,"2023-01-01",20
824,LEsIlI,Residential,120,Active,"2023-01-01",0
825,cqH0Rj,Residential,120,Cancelled,"2023-01-01",5
826,"5QHOMe",Mini,50,Active,"2023-01-01",10
827,"1JcSdS",Residential,120,Active,"2023-01-01",20
828,Yv8pBc,Roam,80,Paused,"2023-01-01",0
829,BABuaW,Roam,80,Paused,"2023-01-01",5
830,BhLr5k,Residential,120,Active,"2023-01-01",10
831,EuCpzc,Residential,120,Active,"2023-01-01",20
832,qP1DVF,Residential,120,Active,"2023-01-01",0
833,ZKJ27i,Residential,120,Active,"2023-01-01",5
834,LvOeqU,Roam,80,Active,"2023-01-01",10
835,lZl4xn,Residential,120,Active,"2023-01-01",20
836,"7QimZN",Residential,120,Active,"2023-01-01",0
837,MwKDpp,Business,250,Active,"2023-01-01",5
838,wn35WA,Residential,120,Cancelled,"2023-01-01",10
839,M4XMSg,Residential,120,Active,"2023-01-01",20
840,yHsIxJ,Residential,120,Active,"2023-01-01",0
841,dR9mSJ,Residential,120,Active,"2023-01-01",5
842,AA5FgN,Residential,120,Active,"2023-01-01",10
843,j7MPsr,Residential,120,Active,"2023-01-01",20
844,kD5et3,Residential,120,Active,"2023-01-01",0
845,o6jl5G,Residential,120,Active,"2023-01-01",5
846,cQhRf0,Roam,80,Active,"2023-01-01",10
847,O0yVee,Residential,120,Active,"2023-01-01",20
848,dhpWZn,Residential,120,Active,"2023-01-01",0
849,u5ogz2,Roam,80,Active,"2023-01-01",5
850,KgDDwH,Residential,120,Paused,"2023-01-01",10
851,"7SQ4hF",Mini,50,Active,"2023-01-01",20
852,T2kSSE,Residential,120,Active,"2023-01-01",0
853,aIcwZc,Residential,120,Active,"2023-01-01",5
854,TWNJEx,Mini,50,Active,"2023-01-01",10
855,Nm8x9W,Residential,120,Active,"2023-01-01",20
856,MmGT1u,Residential,120,Paused,"2023-01-01",0
857,w6wRj4,Residential,120,Paused,"2023-01-01",5
858,rBw0Fq,Mini,50,Active,"2023-01-01",10
859,cYg1T1,Residential,120,Active,"2023-01-01",20
860,"0TevTH",Business,250,Active,"2023-01-01",0
861,"86eNwX",Roam,80,Cancelled,"2023-01-01",5
862,j5jcS5,Residential,120,Active,"2023-01-01",10
863,kewKB8,Residential,120,Active,"2023-01-01",20
864,zEGm5Y,Residential,120,Active,"2023-01-01",0
865,"9vnz3H",Roam,80,Active,"2023-01-01",5
866,dJbAeB,Mini,50,Cancelled,"2023-01-01",10
867,Pap2wg,Residential,120,Active,"2023-01-01",20
868,G76Iat,Residential,120,Paused,"2023-01-01",0
869,xiKlHg,Residential,120,Active,"2023-01-01",5
870,kRN3pS,Residential,120,Active,"2023-01-01",10
871,CKbheN,Residential,120,Active,"2023-01-01",20
872,EVfMNz,Residential,120,Active,"2023-01-01",0
873,bL6nZK,Residential,120,Active,"2023-01-01",5
874,WU5Zz8,Roam,80,Active,"2023-01-01",10
875,KjwCkw,Residential,120,Active,"2023-01-01",20
876,CvJSV4,Residential,120,Cancelled,"2023-01-01",0
877,MdUjZO,Residential,120,Active,"2023-01-01",5
878,Db6k3j,Residential,120,Active,"2023-01-01",10
879,ZKUSwU,Residential,120,Active,"2023-01-01",20
880,"2NyCgx",Residential,120,Active,"2023-01-01",0
881,tXJ2dj,Mini,50,Paused,"2023-01-01",5
882,yYZcX9,Business,250,Cancelled,"2023-01-01",10
883,sFYnoZ,Residential,120,Active,"2023-01-01",20
884,iG16cC,Roam,80,Active,"2023-01-01",0
885,"5Je1JN",Residential,120,Active,"2023-01-01",5
886,"0iKVY6",Residential,120,Paused,"2023-01-01",10
887,i1QaSn,Roam,80,Active,"2023-01-01",20
888,qZsppV,Roam,80,Cancelled,"2023-01-01",0
889,qbB5ha,Mini,50,Active,"2023-01-01",5
890,"5OWEeC",Residential,120,Active,"2023-01-01",10
891,N5xnBl,Roam,80,Active,"2023-01-01",20
892,lHGTna,Business,250,Active,"2023-01-01",0
893,xpGzFR,Residential,120,Active,"2023-01-01",5
894,eSVzaZ,Residential,120,Cancelled,"2023-01-01",10
895,lsosEX,Residential,120,Active,"2023-01-01",20
896,zVz8vX,Roam,80,Active,"2023-01-01",0
897,BjcYmx,Residential,120,Active,"2023-01-01",5
898,t5bqvh,Residential,120,Active,"2023-01-01",10
899,noAF8D,Residential,120,Active,"2023-01-01",20
900,JKqr9H,Residential,120,Cancelled,"2023-01-01",0
901,bjQNY5,Residential,120,Active,"2023-01-01",5
902,C89AMF,Residential,120,Cancelled,"2023-01-01",10
903,GNAX5V,Residential,120,Cancelled,"2023-01-01",20
904,xUihOc,Roam,80,Cancelled,"2023-01-01",0
905,gjZmEa,Mini,50,Active,"2023-01-01",5
906,KDxhlw,Residential,120,Cancelled,"2023-01-01",10
907,Moiiy9,Roam,80,Active,"2023-01-01",20
908,t5VUX9,Residential,120,Active,"2023-01-01",0
909,"5iuK6i",Mini,50,Active,"2023-01-01",5
910,XSCPqv,Roam,80,Active,"2023-01-01",10
911,QmiMIX,Residential,120,Active,"2023-01-01",20
912,KF1SXi,Business,250,Active,"2023-01-01",0
913,Nn8i5c,Residential,120,Active,"2023-01-01",5
914,boWvrx,Roam,80,Active,"2023-01-01",10
915,pfIOZK,Residential,120,Active,"2023-01-01",20
916,QC9lwG,Roam,80,Paused,"2023-01-01",0
917,njD0lF,Residential,120,Active,"2023-01-01",5
918,"4HVHRJ",Roam,80,Active,"2023-01-01",10
919,ZgSNtE,Residential,120,Active,"2023-01-01",20
920,wbrwXh,Residential,120,Active,"2023-01-01",0
921,pPsJ9o,Residential,120,Cancelled,"2023-01-01",5
922,ed7JJN,Residential,120,Active,"2023-01-01",10
923,Qd0o4m,Residential,120,Active,"2023-01-01",20
924,Jf1Me8,Residential,120,Active,"2023-01-01",0
925,SO42uK,Residential,120,Active,"2023-01-01",5
926,GhmKfF,Residential,120,Active,"2023-01-01",10
927,I6TZqL,Residential,120,Active,"2023-01-01",20
928,q0OQdE,Residential,120,Active,"2023-01-01",0
929,NAGb85,Mini,50,Active,"2023-01-01",5
930,DALcPF,Residential,120,Cancelled,"2023-01-01",10
931,l262n6,Residential,120,Cancelled,"2023-01-01",20
932,"1vFZmX",Business,250,Cancelled,"2023-01-01",0
933,T92ilK,Residential,120,Active,"2023-01-01",5
934,YXmRFZ,Residential,120,Active,"2023-01-01",10
935,N2Bqpe,Residential,120,Active,"2023-01-01",20
936,hItulY,Residential,120,Active,"2023-01-01",0
937,g5nSil,Residential,120,Active,"2023-01-01",5
938,IWr8ne,Residential,120,Paused,"2023-01-01",10
939,kt9IUI,Business,250,Active,"2023-01-01",20
940,tCsoPh,Roam,80,Active,"2023-01-01",0
941,tWVab4,Roam,80,Active,"2023-01-01",5
942,iXu8z9,Roam,80,Active,"2023-01-01",10
943,Y5i0hQ,Residential,120,Active,"2023-01-01",20
944,fUtCVw,Roam,80,Active,"2023-01-01",0
945,CcMz5c,Residential,120,Active,"2023-01-01",5
946,chyZhI,Business,250,Active,"2023-01-01",10
947,"5jE9Vo",Roam,80,Active,"2023-01-01",20
948,Cni0Dl,Residential,120,Cancelled,"2023-01-01",0
949,Y9RKQh,Roam,80,Active,"2023-01-01",5
950,UzsrTz,Business,250,Active,"2023-01-01",10
951,TDzduC,Roam,80,Active,"2023-01-01",20
952,ktqz4C,Residential,120,Cancelled,"2023-01-01",0
953,"3KXwKs",Residential,120,Active,"2023-01-01",5
954,lZgevQ,Business,250,Paused,"2023-01-01",10
955,ehenVR,Residential,120,Active,"2023-01-01",20
956,fb91tq,Residential,120,Active,"2023-01-01",0
957,eWwxJL,Residential,120,Active,"2023-01-01",5
958,RQsGtq,Residential,120,Active,"2023-01-01",10
959,kUaPFL,Mini,50,Active,"2023-01-01",20
960,JxTWFj,Business,250,Active,"2023-01-01",0
961,ZxHnRv,Roam,80,Paused,"2023-01-01",5
962,SYdl2X,Residential,120,Active,"2023-01-01",10
963,hg9C5k,Residential,120,Active,"2023-01-01",20
964,"6W0f3l",Business,250,Active,"2023-01-01",0
965,xb0lnX,Roam,80,Active,"2023-01-01",5
966,wn0iIc,Roam,80,Active,"2023-01-01",10
967,wsMdp7,Residential,120,Active,"2023-01-01",20
968,B6nBvb,Roam,80,Active,"2023-01-01",0
969,cdWFMF,Residential,120,Active,"2023-01-01",5
970,eWshoL,Residential,120,Active,"2023-01-01",10
971,nkEEeL,Residential,120,Cancelled,"2023-01-01",20
972,Yog36A,Business,250,Active,"2023-01-01",0
973,gJg7H5,Roam,80,Paused,"2023-01-01",5
974,U2itT0,Mini,50,Active,"2023-01-01",10
975,cDHk4e,Roam,80,Active,"2023-01-01",20
976,"30pNIh",Roam,80,Active,"2023-01-01",0
977,LWaEal,Roam,80,Active,"2023-01-01",5
978,eCrA9O,Residential,120,Active,"2023-01-01",10
979,R1Sufa,Residential,120,Paused,"2023-01-01",20
980,VCQ9uc,Business,250,Paused,"2023-01-01",0
981,EcEPfQ,Residential,120,Active,"2023-01-01",5
982,u6s197,Mini,50,Active,"2023-01-01",10
983,"5JBFBa",Residential,120,Active,"2023-01-01",20
984,"7R0Zp9",Business,250,Active,"2023-01-01",0
985,eAs5BN,Residential,120,Active,"2023-01-01",5
986,FOyj3G,Residential,120,Active,"2023-01-01",10
987,cs2BX0,Roam,80,Active,"2023-01-01",20
988,CuugTw,Residential,120,Active,"2023-01-01",0
989,"2xnPj1",Roam,80,Paused,"2023-01-01",5
990,arKNHX,Business,250,Active,"2023-01-01",10
991,s2dYS4,Residential,120,Active,"2023-01-01",20
992,j1OsVF,Residential,120,Active,"2023-01-01",0
993,L2lVSI,Residential,120,Active,"2023-01-01",5
994,CiCwk7,Residential,120,Active,"2023-01-01",10
995,A3AxIT,Residential,120,Active,"2023-01-01",20
996,IapMW1,Residential,120,Active,"2023-01-01",0
997,TwBzBZ,Residential,120,Active,"2023-01-01",5
998,zjk67U,Residential,120,Active,"2023-01-01",10
999,tuBnEs,Residential,120,Active,"2023-01-01",20
1000,bgILs9,Residential,120,Active,"2023-01-01",0
1001,enRUnr,Residential,120,Active,"2023-01-01",5
1002,onUjJy,Residential,120,Active,"2023-01-01",10
1003,TpVveP,Residential,120,Active,"2023-01-01",20
1004,J0n4iB,Business,250,Active,"2023-01-01",0
1005,ggCk4O,Business,250,Active,"2023-01-01",5
1006,t5LT2P,Roam,80,Active,"2023-01-01",10
1007,s114gW,Residential,120,Active,"2023-01-01",20
1008,vUHvX5,Roam,80,Active,"2023-01-01",0
1009,sciWh4,Roam,80,Active,"2023-01-01",5
1010,HgQ3Ua,Residential,120,Active,"2023-01-01",10
1011,YbcH76,Roam,80,Cancelled,"2023-01-01",20
1012,"1hnuM2",Business,250,Active,"2023-01-01",0
1013,R5WQMw,Residential,120,Active,"2023-01-01",5
1014,YbLuP5,Residential,120,Active,"2023-01-01",10
1015,wS9qx5,Residential,120,Active,"2023-01-01",20
1016,SKD8fT,Residential,120,Active,"2023-01-01",0
1017,MVQm4M,Residential,120,Active,"2023-01-01",5
1018,a8tdBE,Residential,120,Active,"2023-01-01",10
1019,MJqI0j,Residential,120,Active,"2023-01-01",20
1020,iDl66U,Residential,120,Active,"2023-01-01",0
1021,XOGWBq,Roam,80,Active,"2023-01-01",5
1022,p58OPH,Residential,120,Paused,"2023-01-01",10
1023,Kfw0AT,Residential,120,Active,"2023-01-01",20
1024,ZBKKCR,Residential,120,Active,"2023-01-01",0
1025,MsoJKr,Residential,120,Active,"2023-01-01",5
1026,UHXwey,Residential,120,Active,"2023-01-01",10
1027,"9c6d6g",Residential,120,Active,"2023-01-01",20
1028,azDnKf,Residential,120,Active,"2023-01-01",0
1029,TsCFyF,Residential,120,Cancelled,"2023-01-01",5
1030,RlqKcX,Business,250,Paused,"2023-01-01",10
1031,I0nG5N,Roam,80,Active,"2023-01-01",20
1032,IIhaKH,Residential,120,Active,"2023-01-01",0
1033,Bm6AAf,Business,250,Active,"2023-01-01",5
1034,pLNyi2,Residential,120,Active,"2023-01-01",10
1035,OUaedm,Residential,120,Active,"2023-01-01",20
1036,l1fXWT,Residential,120,Active,"2023-01-01",0
1037,vivHyW,Residential,120,Paused,"2023-01-01",5
1038,"6teTT5",Residential,120,Active,"2023-01-01",10
1039,y8xtIA,Residential,120,Active,"2023-01-01",20
1040,EcqYmp,Roam,80,Active,"2023-01-01",0
1041,AOqde6,Residential,120,Active,"2023-01-01",5
1042,"6PnZQ8",Residential,120,Active,"2023-01-01",10
1043,DFQ8oF,Residential,120,Active,"2023-01-01",20
1044,gTOmWw,Business,250,Active,"2023-01-01",0
1045,lnZTV1,Business,250,Active,"2023-01-01",5
1046,JPpUT1,Mini,50,Active,"2023-01-01",10
1047,L0xvNK,Residential,120,Cancelled,"2023-01-01",20
1048,ISjs8J,Residential,120,Active,"2023-01-01",0
1049,"5LOJDf",Mini,50,Active,"2023-01-01",5
1050,Of4Ruc,Residential,120,Active,"2023-01-01",10
1051,CYLDi7,Residential,120,Active,"2023-01-01",20
1052,"9WoYKv",Roam,80,Active,"2023-01-01",0
1053,yxHBO1,Business,250,Active,"2023-01-01",5
1054,fKg3ti,Residential,120,Cancelled,"2023-01-01",10
1055,DrVfIS,Residential,120,Active,"2023-01-01",20
1056,bEJWBs,Business,250,Active,"2023-01-01",0
1057,pyuk3Y,Roam,80,Active,"2023-01-01",5
1058,dM8EGx,Residential,120,Active,"2023-01-01",10
1059,ls9rBI,Business,250,Active,"2023-01-01",20
1060,eO6eJu,Residential,120,Active,"2023-01-01",0
1061,sinUTa,Mini,50,Active,"2023-01-01",5
1062,YUbA4g,Residential,120,Active,"2023-01-01",10
1063,gzTkr0,Residential,120,Active,"2023-01-01",20
1064,uckylh,Roam,80,Paused,"2023-01-01",0
1065,g8joYv,Business,250,Active,"2023-01-01",5
1066,LsuBUO,Business,250,Active,"2023-01-01",10
1067,SkfDDa,Residential,120,Active,"2023-01-01",20
1068,sqHoTh,Mini,50,Active,"2023-01-01",0
1069,ORIY37,Residential,120,Active,"2023-01-01",5
1070,YSyYUJ,Mini,50,Active,"2023-01-01",10
1071,P7tMrn,Residential,120,Active,"2023-01-01",20
1072,T2yGHv,Business,250,Active,"2023-01-01",0
1073,QFNLXT,Residential,120,Active,"2023-01-01",5
1074,RxuaiU,Residential,120,Active,"2023-01-01",10
1075,zB4As2,Roam,80,Paused,"2023-01-01",20
1076,kwV4gc,Residential,120,Active,"2023-01-01",0
1077,D7WWJS,Roam,80,Active,"2023-01-01",5
1078,X4kbJm,Business,250,Paused,"2023-01-01",10
1079,dz19aL,Residential,120,Active,"2023-01-01",20
1080,TP8a7j,Residential,120,Active,"2023-01-01",0
1081,xEUemM,Residential,120,Active,"2023-01-01",5
1082,VRaC6B,Roam,80,Active,"2023-01-01",10
1083,"3yz9tc",Residential,120,Active,"2023-01-01",20
1084,KbwXYn,Roam,80,Cancelled,"2023-01-01",0
1085,nxOoQQ,Residential,120,Active,"2023-01-01",5
1086,SBm8jd,Roam,80,Active,"2023-01-01",10
1087,cl9Gmy,Residential,120,Active,"2023-01-01",20
1088,wruJkX,Residential,120,Active,"2023-01-01",0
1089,yxcLBP,Residential,120,Active,"2023-01-01",5
1090,CV7k62,Roam,80,Active,"2023-01-01",10
1091,If8qQq,Roam,80,Paused,"2023-01-01",20
1092,"87gYET",Residential,120,Active,"2023-01-01",0
1093,GGKF9D,Business,250,Active,"2023-01-01",5
1094,"5ylsn1",Roam,80,Active,"2023-01-01",10
1095,NPDs44,Residential,120,Cancelled,"2023-01-01",20
1096,"3DtUwM",Residential,120,Active,"2023-01-01",0
1097,UfBgX9,Residential,120,Active,"2023-01-01",5
1098,sqp8XO,Residential,120,Paused,"2023-01-01",10
1099,kr3QIu,Business,250,Active,"2023-01-01",20
1100,v80N6Y,Roam,80,Active,"2023-01-01",0
1101,VSNQLl,Residential,120,Active,"2023-01-01",5
1102,PM01rM,Residential,120,Active,"2023-01-01",10
1103,"3FMUPr",Residential,120,Active,"2023-01-01",20
1104,vf3GIt,Roam,80,Active,"2023-01-01",0
1105,LI3YPU,Residential,120,Active,"2023-01-01",5
1106,v2j1T2,Residential,120,Cancelled,"2023-01-01",10
1107,Od12tU,Residential,120,Active,"2023-01-01",20
1108,IMx5kM,Residential,120,Active,"2023-01-01",0
1109,Zey7zh,Residential,120,Active,"2023-01-01",5
1110,"3LLMxn",Residential,120,Cancelled,"2023-01-01",10
1111,"7rruFh",Residential,120,Active,"2023-01-01",20
1112,lb04bQ,Roam,80,Cancelled,"2023-01-01",0
1113,KFAQRj,Roam,80,Active,"2023-01-01",5
1114,j1FuUP,Residential,120,Cancelled,"2023-01-01",10
1115,WTBG2p,Roam,80,Active,"2023-01-01",20
1116,YUZusQ,Residential,120,Active,"2023-01-01",0
1117,K9xyJY,Residential,120,Active,"2023-01-01",5
1118,FJt7Gw,Roam,80,Active,"2023-01-01",10
1119,LFVuyC,Business,250,Active,"2023-01-01",20
1120,pq4KTB,Residential,120,Active,"2023-01-01",0
1121,"8qKc3m",Roam,80,Active,"2023-01-01",5
1122,lV9ClI,Mini,50,Paused,"2023-01-01",10
1123,oAXYDb,Residential,120,Active,"2023-01-01",20
1124,De3SF3,Residential,120,Active,"2023-01-01",0
1125,W3JJ4f,Roam,80,Active,"2023-01-01",5
1126,xJdQ64,Residential,120,Active,"2023-01-01",10
1127,tUhtue,Residential,120,Active,"2023-01-01",20
1128,"8ppY5Q",Residential,120,Active,"2023-01-01",0
1129,SmH1hp,Residential,120,Active,"2023-01-01",5
1130,"1jygur",Mini,50,Active,"2023-01-01",10
1131,UA3ho4,Residential,120,Active,"2023-01-01",20
1132,xb8Ms0,Business,250,Active,"2023-01-01",0
1133,vFQ1QA,Roam,80,Active,"2023-01-01",5
1134,rlKNuz,Residential,120,Paused,"2023-01-01",10
1135,Qi7SVE,Residential,120,Active,"2023-01-01",20
1136,zKG5mS,Mini,50,Active,"2023-01-01",0
1137,zc5xJm,Residential,120,Active,"2023-01-01",5
1138,JQJehe,Residential,120,Active,"2023-01-01",10
1139,w8EG0W,Residential,120,Cancelled,"2023-01-01",20
1140,EMlsl2,Residential,120,Active,"2023-01-01",0
1141,IPRjAl,Business,250,Active,"2023-01-01",5
1142,fMTgzg,Residential,120,Active,"2023-01-01",10
1143,ktplPs,Residential,120,Active,"2023-01-01",20
1144,"4oaDoo",Roam,80,Active,"2023-01-01",0
1145,Vct3k4,Roam,80,Active,"2023-01-01",5
1146,WI2OpV,Roam,80,Active,"2023-01-01",10
1147,TtWB9E,Residential,120,Active,"2023-01-01",20
1148,rCdrIE,Roam,80,Active,"2023-01-01",0
1149,RMXWfA,Residential,120,Active,"2023-01-01",5
1150,tBMsNt,Residential,120,Active,"2023-01-01",10
1151,VUAsHx,Roam,80,Active,"2023-01-01",20
1152,DIcj4b,Residential,120,Active,"2023-01-01",0
1153,KgtVei,Residential,120,Active,"2023-01-01",5
1154,dwaiY7,Residential,120,Cancelled,"2023-01-01",10
1155,"5HYtqz",Residential,120,Active,"2023-01-01",20
1156,"1L1jUL",Business,250,Active,"2023-01-01",0
1157,oWDG7J,Residential,120,Cancelled,"2023-01-01",5
1158,b6p4zP,Residential,120,Active,"2023-01-01",10
1159,pIfuZb,Business,250,Cancelled,"2023-01-01",20
1160,yMeSz7,Roam,80,Active,"2023-01-01",0
1161,gGB5oz,Residential,120,Cancelled,"2023-01-01",5
1162,ROsfd8,Residential,120,Paused,"2023-01-01",10
1163,Bb5D66,Residential,120,Active,"2023-01-01",20
1164,y60Vue,Residential,120,Active,"2023-01-01",0
1165,X1tRGi,Residential,120,Active,"2023-01-01",5
1166,PN9okf,Business,250,Active,"2023-01-01",10
1167,VgatAc,Residential,120,Active,"2023-01-01",20
1168,PAyJK5,Business,250,Active,"2023-01-01",0
1169,QMAbpy,Roam,80,Cancelled,"2023-01-01",5
1170,kUXdnf,Roam,80,Active,"2023-01-01",10
1171,i8L2tf,Residential,120,Paused,"2023-01-01",20
1172,E5UKGV,Mini,50,Cancelled,"2023-01-01",0
1173,FO2WlM,Mini,50,Active,"2023-01-01",5
1174,"3eXdI6",Residential,120,Active,"2023-01-01",10
1175,gU5gKE,Residential,120,Active,"2023-01-01",20
1176,JE17O9,Residential,120,Active,"2023-01-01",0
1177,H4y0EF,Roam,80,Active,"2023-01-01",5
1178,E2DIAU,Residential,120,Active,"2023-01-01",10
1179,xDpkhU,Residential,120,Active,"2023-01-01",20
1180,H2XvjO,Residential,120,Active,"2023-01-01",0
1181,vBecmd,Roam,80,Active,"2023-01-01",5
1182,uZkTfW,Roam,80,Active,"2023-01-01",10
1183,K6G6yZ,Roam,80,Paused,"2023-01-01",20
1184,eZN23K,Business,250,Active,"2023-01-01",0
1185,To6vHA,Residential,120,Paused,"2023-01-01",5
1186,lblz7J,Roam,80,Paused,"2023-01-01",10
1187,"2e5EGv",Roam,80,Paused,"2023-01-01",20
1188,YMAAcv,Residential,120,Active,"2023-01-01",0
1189,xT1jfH,Roam,80,Active,"2023-01-01",5
1190,SReEaO,Business,250,Active,"2023-01-01",10
1191,y5KUpR,Residential,120,Paused,"2023-01-01",20
1192,ZmkqP2,Roam,80,Active,"2023-01-01",0
1193,Vggv3H,Residential,120,Active,"2023-01-01",5
1194,v1F019,Roam,80,Active,"2023-01-01",10
1195,eBsrdF,Roam,80,Active,"2023-01-01",20
1196,bQTOaS,Business,250,Paused,"2023-01-01",0
1197,GAq6e8,Business,250,Active,"2023-01-01",5
1198,"0RtOd5",Residential,120,Active,"2023-01-01",10
1199,BBQMm7,Residential,120,Active,"2023-01-01",20
1200,hHi6lX,Residential,120,Active,"2023-01-01",0
1201,"5OM48m",Residential,120,Active,"2023-01-01",5
1202,"6uLBg0",Residential,120,Active,"2023-01-01",10
1203,ZqTCRy,Residential,120,Active,"2023-01-01",20
1204,snP4m8,Residential,120,Active,"2023-01-01",0
1205,rWsTqp,Residential,120,Active,"2023-01-01",5
1206,HlWVnF,Roam,80,Active,"2023-01-01",10
1207,t1Ux2P,Mini,50,Paused,"2023-01-01",20
1208,WUFbEK,Residential,120,Paused,"2023-01-01",0
1209,xxL8pc,Residential,120,Active,"2023-01-01",5
1210,P0YMkF,Residential,120,Active,"2023-01-01",10
1211,sVpXKM,Roam,80,Active,"2023-01-01",20
1212,PUjRs9,Residential,120,Cancelled,"2023-01-01",0
1213,NBUt61,Roam,80,Active,"2023-01-01",5
1214,NaqVkV,Roam,80,Active,"2023-01-01",10
1215,yFRmPV,Mini,50,Active,"2023-01-01",20
1216,urQ12M,Residential,120,Active,"2023-01-01",0
1217,EtyFau,Residential,120,Cancelled,"2023-01-01",5
1218,d6rLtd,Residential,120,Active,"2023-01-01",10
1219,LpDDNQ,Roam,80,Paused,"2023-01-01",20
1220,PFO8zq,Residential,120,Active,"2023-01-01",0
1221,YBBFzm,Roam,80,Active,"2023-01-01",5
1222,osEz7J,Roam,80,Active,"2023-01-01",10
1223,jSqyok,Business,250,Active,"2023-01-01",20
1224,shaga8,Residential,120,Active,"2023-01-01",0
1225,H73TO1,Residential,120,Active,"2023-01-01",5
1226,RZYNS3,Roam,80,Active,"2023-01-01",10
1227,kfaPkD,Roam,80,Active,"2023-01-01",20
1228,JQsXLk,Residential,120,Cancelled,"2023-01-01",0
1229,FoMjKp,Residential,120,Active,"2023-01-01",5
1230,h7e4He,Residential,120,Cancelled,"2023-01-01",10
1231,"9LT6up",Mini,50,Active,"2023-01-01",20
1232,"3iaDul",Residential,120,Active,"2023-01-01",0
1233,zwOf6S,Residential,120,Paused,"2023-01-01",5
1234,JaR5UI,Business,250,Active,"2023-01-01",10
1235,o8k2fR,Residential,120,Active,"2023-01-01",20
1236,"9G81aS",Residential,120,Active,"2023-01-01",0
1237,CkL6nS,Residential,120,Active,"2023-01-01",5
1238,lRK4GI,Mini,50,Active,"2023-01-01",10
1239,FGJIlq,Residential,120,Active,"2023-01-01",20
1240,NoQ05m,Residential,120,Active,"2023-01-01",0
1241,KwWLX5,Residential,120,Active,"2023-01-01",5
1242,G55MH8,Residential,120,Active,"2023-01-01",10
1243,lhCtFE,Business,250,Active,"2023-01-01",20
1244,eMddXA,Residential,120,Active,"2023-01-01",0
1245,UIFwra,Roam,80,Paused,"2023-01-01",5
1246,y6DfpW,Residential,120,Active,"2023-01-01",10
1247,gbW0vs,Mini,50,Active,"2023-01-01",20
1248,ePmDCL,Mini,50,Active,"2023-01-01",0
1249,QG2HnJ,Business,250,Paused,"2023-01-01",5
1250,ydw7gF,Residential,120,Active,"2023-01-01",10
1251,q8ssI5,Residential,120,Active,"2023-01-01",20
1252,AJZ2dY,Residential,120,Active,"2023-01-01",0
1253,FSy2gk,Residential,120,Active,"2023-01-01",5
1254,UsbGSc,Residential,120,Active,"2023-01-01",10
1255,j7GTO5,Roam,80,Active,"2023-01-01",20
1256,qYTavO,Residential,120,Active,"2023-01-01",0
1257,nwkyty,Residential,120,Active,"2023-01-01",5
1258,"5LABu6",Roam,80,Active,"2023-01-01",10
1259,"3kFDsC",Residential,120,Active,"2023-01-01",20
1260,"0nzah1",Mini,50,Active,"2023-01-01",0
1261,d5GPD6,Residential,120,Paused,"2023-01-01",5
1262,LW6Zcg,Residential,120,Paused,"2023-01-01",10
1263,P1cjPl,Roam,80,Active,"2023-01-01",20
1264,dfNFca,Business,250,Active,"2023-01-01",0
1265,nrYHgM,Residential,120,Cancelled,"2023-01-01",5
1266,"887VJx",Residential,120,Paused,"2023-01-01",10
1267,vHGVhk,Residential,120,Active,"2023-01-01",20
1268,n4SbR2,Residential,120,Active,"2023-01-01",0
1269,"2GPqZf",Residential,120,Paused,"2023-01-01",5
1270,GVNM7A,Residential,120,Active,"2023-01-01",10
1271,lK0Bvz,Residential,120,Active,"2023-01-01",20
1272,xZZy3A,Mini,50,Active,"2023-01-01",0
1273,EZ8poO,Roam,80,Paused,"2023-01-01",5
1274,grL21e,Residential,120,Cancelled,"2023-01-01",10
1275,vuntrV,Residential,120,Active,"2023-01-01",20
1276,"1bkA4T",Roam,80,Active,"2023-01-01",0
1277,lRYjAN,Residential,120,Active,"2023-01-01",5
1278,uKUXdK,Residential,120,Active,"2023-01-01",10
1279,Z1Blke,Residential,120,Active,"2023-01-01",20
1280,sXAHmy,Residential,120,Active,"2023-01-01",0
1281,dDNZk8,Residential,120,Active,"2023-01-01",5
1282,"4fPtFh",Roam,80,Paused,"2023-01-01",10
1283,OmRBgF,Residential,120,Paused,"2023-01-01",20
1284,ljDfBF,Residential,120,Active,"2023-01-01",0
1285,NqE40f,Residential,120,Paused,"2023-01-01",5
1286,f7ZJ69,Residential,120,Active,"2023-01-01",10
1287,LHim4Q,Residential,120,Active,"2023-01-01",20
1288,"9qzycR",Residential,120,Active,"2023-01-01",0
1289,"5fxnJT",Roam,80,Active,"2023-01-01",5
1290,QLRLaF,Residential,120,Active,"2023-01-01",10
1291,hee5qd,Residential,120,Active,"2023-01-01",20
1292,"4cJ9PD",Residential,120,Active,"2023-01-01",0
1293,qAs0NT,Residential,120,Active,"2023-01-01",5
1294,UMyzTn,Residential,120,Cancelled,"2023-01-01",10
1295,zu7Mrj,Residential,120,Active,"2023-01-01",20
1296,gchXO6,Residential,120,Active,"2023-01-01",0
1297,"0UM4b4",Roam,80,Active,"2023-01-01",5
1298,APPN4f,Business,250,Active,"2023-01-01",10
1299,oNZ8tt,Business,250,Active,"2023-01-01",20
1300,PDa42h,Business,250,Active,"2023-01-01",0
1301,ffnV3Y,Residential,120,Paused,"2023-01-01",5
1302,O8LZhg,Residential,120,Active,"2023-01-01",10
1303,fhNg3t,Mini,50,Active,"2023-01-01",20
1304,"7Ykp0y",Roam,80,Active,"2023-01-01",0
1305,"1kyIJa",Residential,120,Active,"2023-01-01",5
1306,"6MrfAi",Residential,120,Paused,"2023-01-01",10
1307,DV8YTo,Mini,50,Active,"2023-01-01",20
1308,LBrkbW,Residential,120,Active,"2023-01-01",0
1309,L1rRYw,Roam,80,Active,"2023-01-01",5
1310,N3Mc47,Residential,120,Active,"2023-01-01",10
1311,VwSFOA,Residential,120,Paused,"2023-01-01",20
1312,HWzKiq,Residential,120,Active,"2023-01-01",0
1313,"6j8d7e",Residential,120,Active,"2023-01-01",5
1314,L02gYf,Roam,80,Cancelled,"2023-01-01",10
1315,k7ADr2,Roam,80,Active,"2023-01-01",20
1316,gE3uJI,Roam,80,Active,"2023-01-01",0
1317,ekUE6j,Residential,120,Active,"2023-01-01",5
1318,pm5JQd,Roam,80,Cancelled,"2023-01-01",10
1319,F4aSuZ,Residential,120,Active,"2023-01-01",20
1320,Zq2Fjv,Residential,120,Active,"2023-01-01",0
1321,jdD1tK,Roam,80,Cancelled,"2023-01-01",5
1322,yODt05,Roam,80,Active,"2023-01-01",10
1323,yuIY1s,Residential,120,Active,"2023-01-01",20
1324,wsgaI1,Roam,80,Active,"2023-01-01",0
1325,XDDaZA,Residential,120,Active,"2023-01-01",5
1326,VH3iEC,Business,250,Active,"2023-01-01",10
1327,rBptcN,Mini,50,Active,"2023-01-01",20
1328,t3mjn0,Business,250,Active,"2023-01-01",0
1329,es0m9g,Residential,120,Active,"2023-01-01",5
1330,GNdzSg,Residential,120,Active,"2023-01-01",10
1331,EIIKtQ,Residential,120,Active,"2023-01-01",20
1332,SwWXbM,Residential,120,Active,"2023-01-01",0
1333,"7UNOMG",Roam,80,Active,"2023-01-01",5
1334,HRsYwP,Roam,80,Active,"2023-01-01",10
1335,E56tUw,Residential,120,Active,"2023-01-01",20
1336,pqrJKW,Residential,120,Active,"2023-01-01",0
1337,"24YnOc",Residential,120,Active,"2023-01-01",5
1338,vyRNEa,Residential,120,Paused,"2023-01-01",10
1339,tybB5T,Mini,50,Active,"2023-01-01",20
1340,"6f9bus",Residential,120,Active,"2023-01-01",0
1341,IuIQ6M,Residential,120,Active,"2023-01-01",5
1342,V7kKO8,Residential,120,Active,"2023-01-01",10
1343,GxNqLo,Business,250,Active,"2023-01-01",20
1344,MFifoc,Roam,80,Active,"2023-01-01",0
1345,E86PWt,Residential,120,Active,"2023-01-01",5
1346,fEPFbJ,Roam,80,Active,"2023-01-01",10
1347,m8Uiu7,Residential,120,Active,"2023-01-01",20
1348,qcZntu,Residential,120,Active,"2023-01-01",0
1349,"5N5xTF",Mini,50,Active,"2023-01-01",5
1350,NWhsAf,Roam,80,Active,"2023-01-01",10
1351,H0A2TV,Residential,120,Active,"2023-01-01",20
1352,U0wnqd,Business,250,Cancelled,"2023-01-01",0
1353,uSvG6T,Roam,80,Cancelled,"2023-01-01",5
1354,AutliY,Residential,120,Active,"2023-01-01",10
1355,"50OXir",Business,250,Active,"2023-01-01",20
1356,"1u8jiE",Mini,50,Active,"2023-01-01",0
1357,VFCBB1,Mini,50,Active,"2023-01-01",5
1358,"9vnfJP",Mini,50,Active,"2023-01-01",10
1359,DKXP6e,Residential,120,Active,"2023-01-01",20
1360,FXX0gC,Residential,120,Paused,"2023-01-01",0
1361,"9aSYeh",Mini,50,Active,"2023-01-01",5
1362,SGntWf,Residential,120,Active,"2023-01-01",10
1363,"1MD3Sh",Residential,120,Active,"2023-01-01",20
1364,BaxxF2,Roam,80,Active,"2023-01-01",0
1365,Okj5Yw,Residential,120,Cancelled,"2023-01-01",5
1366,"004CU3",Roam,80,Active,"2023-01-01",10
1367,oie0gV,Residential,120,Active,"2023-01-01",20
1368,"7YbwcY",Mini,50,Active,"2023-01-01",0
1369,yRuiu7,Residential,120,Paused,"2023-01-01",5
1370,"5xj2Gp",Roam,80,Active,"2023-01-01",10
1371,Occ4x1,Business,250,Paused,"2023-01-01",20
1372,IJvHgW,Residential,120,Active,"2023-01-01",0
1373,Es6erE,Residential,120,Active,"2023-01-01",5
1374,EgCL8s,Residential,120,Paused,"2023-01-01",10
1375,OpzEHH,Residential,120,Cancelled,"2023-01-01",20
1376,bnL8IH,Mini,50,Active,"2023-01-01",0
1377,FNsqrv,Roam,80,Active,"2023-01-01",5
1378,KBooPs,Residential,120,Active,"2023-01-01",10
1379,"0gHy7K",Residential,120,Active,"2023-01-01",20
1380,"6kamnb",Residential,120,Active,"2023-01-01",0
1381,edEbj0,Residential,120,Active,"2023-01-01",5
1382,kUxZAp,Mini,50,Active,"2023-01-01",10
1383,"2arlU3",Business,250,Active,"2023-01-01",20
1384,E9fVW9,Residential,120,Active,"2023-01-01",0
1385,uZDjqt,Residential,120,Active,"2023-01-01",5
1386,"4pjYUg",Roam,80,Active,"2023-01-01",10
1387,wuF1FS,Business,250,Active,"2023-01-01",20
1388,"1C5ner",Residential,120,Cancelled,"2023-01-01",0
1389,PMT37b,Roam,80,Active,"2023-01-01",5
1390,xxHPDl,Residential,120,Cancelled,"2023-01-01",10
1391,cYVAZ2,Residential,120,Active,"2023-01-01",20
1392,NfEukj,Mini,50,Active,"2023-01-01",0
1393,zoX67n,Residential,120,Active,"2023-01-01",5
1394,ViOPb7,Roam,80,Active,"2023-01-01",10
1395,lv2gry,Roam,80,Active,"2023-01-01",20
1396,"1NgrJ4",Residential,120,Active,"2023-01-01",0
1397,P3jf4W,Mini,50,Active,"2023-01-01",5
1398,gvXmhA,Residential,120,Active,"2023-01-01",10
1399,zcfsYh,Residential,120,Active,"2023-01-01",20
1400,"9L2501",Residential,120,Paused,"2023-01-01",0
1401,"9MXRRG",Residential,120,Paused,"2023-01-01",5
1402,"61xpjr",Roam,80,Active,"2023-01-01",10
1403,I1IRXS,Residential,120,Cancelled,"2023-01-01",20
1404,eh5Fac,Residential,120,Paused,"2023-01-01",0
1405,CiHqfn,Residential,120,Active,"2023-01-01",5
1406,J1UbAU,Roam,80,Active,"2023-01-01",10
1407,bfIGCb,Residential,120,Cancelled,"2023-01-01",20
1408,ho2E7K,Business,250,Active,"2023-01-01",0
1409,Hc72Lp,Residential,120,Paused,"2023-01-01",5
1410,rsLAWv,Roam,80,Active,"2023-01-01",10
1411,qrCCwq,Residential,120,Active,"2023-01-01",20
1412,"0XNCsW",Residential,120,Active,"2023-01-01",0
1413,JZLLcB,Roam,80,Paused,"2023-01-01",5
1414,WJPFGt,Residential,120,Paused,"2023-01-01",10
1415,w5NjuJ,Roam,80,Active,"2023-01-01",20
1416,qZKIDR,Residential,120,Active,"2023-01-01",0
1417,w4wM4w,Roam,80,Active,"2023-01-01",5
1418,JwtAap,Roam,80,Active,"2023-01-01",10
1419,BovCzf,Business,250,Active,"2023-01-01",20
1420,G5xMJC,Residential,120,Active,"2023-01-01",0
1421,Afyz4m,Residential,120,Active,"2023-01-01",5
1422,uz66IC,Mini,50,Cancelled,"2023-01-01",10
1423,"63gWsq",Residential,120,Active,"2023-01-01",20
1424,d1jMVf,Business,250,Active,"2023-01-01",0
1425,GEx3v4,Residential,120,Paused,"2023-01-01",5
1426,jZrMcx,Business,250,Active,"2023-01-01",10
1427,VH3o8J,Residential,120,Active,"2023-01-01",20
1428,TvfNMK,Roam,80,Active,"2023-01-01",0
1429,ARhsG0,Business,250,Active,"2023-01-01",5
1430,BkZBtL,Residential,120,Paused,"2023-01-01",10
1431,OC7Ka8,Mini,50,Cancelled,"2023-01-01",20
1432,"6lLunN",Residential,120,Active,"2023-01-01",0
1433,FwFvv0,Mini,50,Active,"2023-01-01",5
1434,hjpEAg,Residential,120,Active,"2023-01-01",10
1435,RSEqy5,Residential,120,Active,"2023-01-01",20
1436,WphJeV,Residential,120,Active,"2023-01-01",0
1437,yLJ6AM,Residential,120,Active,"2023-01-01",5
1438,OnokNV,Residential,120,Active,"2023-01-01",10
1439,"4DxerE",Roam,80,Active,"2023-01-01",20
1440,HnoimH,Business,250,Active,"2023-01-01",0
1441,VLpC3Y,Roam,80,Active,"2023-01-01",5
1442,aOpRti,Residential,120,Active,"2023-01-01",10
1443,ntJ6v6,Mini,50,Active,"2023-01-01",20
1444,opNv2t,Roam,80,Active,"2023-01-01",0
1445,"8JIWct",Roam,80,Active,"2023-01-01",5
1446,acNOMw,Residential,120,Active,"2023-01-01",10
1447,uDro6X,Roam,80,Active,"2023-01-01",20
1448,Lgz9sm,Residential,120,Active,"2023-01-01",0
1449,SoiAy5,Business,250,Active,"2023-01-01",5
1450,"5CHRrG",Mini,50,Active,"2023-01-01",10
1451,"3jOQBb",Residential,120,Active,"2023-01-01",20
1452,nVNdLD,Roam,80,Active,"2023-01-01",0
1453,QYSywl,Residential,120,Active,"2023-01-01",5
1454,OyCfR9,Residential,120,Active,"2023-01-01",10
1455,ObaWou,Business,250,Active,"2023-01-01",20
1456,"8TCece",Mini,50,Active,"2023-01-01",0
1457,"0XqjIH",Residential,120,Active,"2023-01-01",5
1458,VXtd9b,Roam,80,Active,"2023-01-01",10
1459,Zr8a5D,Residential,120,Paused,"2023-01-01",20
1460,jID86Y,Residential,120,Active,"2023-01-01",0
1461,fNTilS,Residential,120,Active,"2023-01-01",5
1462,"1Ajddi",Residential,120,Cancelled,"2023-01-01",10
1463,OaUVgA,Residential,120,Active,"2023-01-01",20
1464,ojCcrs,Business,250,Active,"2023-01-01",0
1465,cV4RQC,Residential,120,Active,"2023-01-01",5
1466,KIuhvP,Residential,120,Active,"2023-01-01",10
1467,ADSgwn,Residential,120,Active,"2023-01-01",20
1468,"4A9p6F",Roam,80,Active,"2023-01-01",0
1469,oO3Oml,Roam,80,Active,"2023-01-01",5
1470,"2oL74S",Residential,120,Cancelled,"2023-01-01",10
1471,pIt5M7,Residential,120,Active,"2023-01-01",20
1472,FTvNKt,Residential,120,Active,"2023-01-01",0
1473,r418yL,Residential,120,Active,"2023-01-01",5
1474,"0jSvoR",Mini,50,Paused,"2023-01-01",10
1475,GsyQIs,Residential,120,Active,"2023-01-01",20
1476,"4lKNEf",Residential,120,Active,"2023-01-01",0
1477,"2FBijd",Residential,120,Active,"2023-01-01",5
1478,OWOU6m,Roam,80,Active,"2023-01-01",10
1479,fVigvX,Residential,120,Active,"2023-01-01",20
1480,GVGASU,Residential,120,Active,"2023-01-01",0
1481,pquuah,Residential,120,Active,"2023-01-01",5
1482,mMQbHq,Mini,50,Active,"2023-01-01",10
1483,hxKlJb,Mini,50,Active,"2023-01-01",20
1484,"4s6A8v",Residential,120,Active,"2023-01-01",0
1485,mjH1oX,Business,250,Paused,"2023-01-01",5
1486,eOvGQY,Residential,120,Active,"2023-01-01",10
1487,"56WPHD",Residential,120,Active,"2023-01-01",20
1488,o66lwm,Business,250,Active,"2023-01-01",0
1489,DDBRts,Residential,120,Active,"2023-01-01",5
1490,UkdIMH,Residential,120,Cancelled,"2023-01-01",10
1491,iLc5Vl,Residential,120,Paused,"2023-01-01",20
1492,CVvZaW,Roam,80,Active,"2023-01-01",0
1493,nAqnPu,Roam,80,Cancelled,"2023-01-01",5
1494,"75FNUs",Residential,120,Active,"2023-01-01",10
1495,ZmzbNB,Residential,120,Active,"2023-01-01",20
1496,y6Au0Q,Residential,120,Active,"2023-01-01",0
1497,ZP0x2c,Residential,120,Active,"2023-01-01",5
1498,"5obRlB",Residential,120,Active,"2023-01-01",10
1499,uzUEHG,Business,250,Cancelled,"2023-01-01",20
1500,"9oJQR8",Residential,120,Paused,"2023-01-01",0
1501,P3skqp,Residential,120,Active,"2023-01-01",5
1502,EtHfet,Mini,50,Active,"2023-01-01",10
1503,KNmnzu,Residential,120,Active,"2023-01-01",20
1504,bC8h0T,Residential,120,Paused,"2023-01-01",0
1505,sClbYC,Residential,120,Active,"2023-01-01",5
1506,h6xibU,Roam,80,Active,"2023-01-01",10
1507,uIRRzV,Business,250,Active,"2023-01-01",20
1508,hdre10,Roam,80,Paused,"2023-01-01",0
1509,YLyc1b,Roam,80,Active,"2023-01-01",5
1510,xjC6y4,Mini,50,Active,"2023-01-01",10
1511,lepXHq,Residential,120,Active,"2023-01-01",20
1512,"2wvF4O",Residential,120,Active,"2023-01-01",0
1513,u4OWzR,Residential,120,Active,"2023-01-01",5
1514,BP5Kxg,Residential,120,Cancelled,"2023-01-01",10
1515,uqbk1M,Residential,120,Active,"2023-01-01",20
1516,f5JaPd,Residential,120,Active,"2023-01-01",0
1517,IoM5rY,Residential,120,Active,"2023-01-01",5
1518,CeRUxU,Residential,120,Active,"2023-01-01",10
1519,tJQmiI,Roam,80,Active,"2023-01-01",20
1520,"792mOt",Roam,80,Active,"2023-01-01",0
1521,jkuRv6,Roam,80,Cancelled,"2023-01-01",5
1522,"3YP6ye",Roam,80,Active,"2023-01-01",10
1523,dMBKjS,Roam,80,Cancelled,"2023-01-01",20
1524,N1Zsoq,Residential,120,Paused,"2023-01-01",0
1525,xcmlic,Business,250,Active,"2023-01-01",5
1526,HNRlVi,Roam,80,Active,"2023-01-01",10
1527,Slrm7L,Roam,80,Active,"2023-01-01",20
1528,Zi2mEg,Residential,120,Active,"2023-01-01",0
1529,Qe1hba,Residential,120,Active,"2023-01-01",5
1530,grUYSz,Roam,80,Active,"2023-01-01",10
1531,umi2yO,Residential,120,Active,"2023-01-01",20
1532,koFh3q,Residential,120,Active,"2023-01-01",0
1533,EkZrN0,Residential,120,Active,"2023-01-01",5
1534,"3cP4vW",Residential,120,Active,"2023-01-01",10
1535,"0qglq8",Residential,120,Active,"2023-01-01",20
1536,WLpJaf,Residential,120,Active,"2023-01-01",0
1537,cuOcKZ,Roam,80,Active,"2023-01-01",5
1538,"5nKLDY",Mini,50,Active,"2023-01-01",10
1539,"4r2vFP",Residential,120,Active,"2023-01-01",20
1540,FKvnZc,Mini,50,Active,"2023-01-01",0
1541,pNF3ug,Residential,120,Active,"2023-01-01",5
1542,CYSb8i,Roam,80,Active,"2023-01-01",10
1543,f9gD81,Roam,80,Cancelled,"2023-01-01",20
1544,"4I8ct1",Business,250,Active,"2023-01-01",0
1545,diVoow,Residential,120,Active,"2023-01-01",5
1546,fGcn13,Residential,120,Active,"2023-01-01",10
1547,rQUzWD,Residential,120,Active,"2023-01-01",20
1548,Q1vtqS,Roam,80,Cancelled,"2023-01-01",0
1549,PEmsrx,Residential,120,Active,"2023-01-01",5
1550,XKkS2N,Residential,120,Paused,"2023-01-01",10
1551,KVEgwj,Residential,120,Active,"2023-01-01",20
1552,PjUAoX,Roam,80,Active,"2023-01-01",0
1553,WCFRzV,Roam,80,Paused,"2023-01-01",5
1554,UGmgrr,Residential,120,Active,"2023-01-01",10
1555,NFytLC,Residential,120,Active,"2023-01-01",20
1556,Xvkcye,Residential,120,Active,"2023-01-01",0
1557,Z5BpBy,Residential,120,Cancelled,"2023-01-01",5
1558,ejLAUO,Business,250,Cancelled,"2023-01-01",10
1559,CNwqlR,Mini,50,Cancelled,"2023-01-01",20
1560,OQBmNm,Business,250,Active,"2023-01-01",0
1561,nmy4Bv,Roam,80,Cancelled,"2023-01-01",5
1562,"8gFFDs",Roam,80,Active,"2023-01-01",10
1563,DkxHVp,Roam,80,Active,"2023-01-01",20
1564,TdimuP,Residential,120,Active,"2023-01-01",0
1565,HfgqkW,Residential,120,Active,"2023-01-01",5
1566,SefOMo,Residential,120,Cancelled,"2023-01-01",10
1567,RMIQX1,Residential,120,Cancelled,"2023-01-01",20
1568,afyHoN,Roam,80,Active,"2023-01-01",0
1569,QeUIwH,Business,250,Active,"2023-01-01",5
1570,YLrylU,Residential,120,Active,"2023-01-01",10
1571,RF19fg,Business,250,Active,"2023-01-01",20
1572,bTzED1,Residential,120,Active,"2023-01-01",0
1573,If5rjw,Mini,50,Paused,"2023-01-01",5
1574,awuozb,Business,250,Active,"2023-01-01",10
1575,BT7rH4,Roam,80,Active,"2023-01-01",20
1576,ytdaVV,Roam,80,Active,"2023-01-01",0
1577,pTZzf1,Business,250,Active,"2023-01-01",5
1578,MS6hwW,Residential,120,Active,"2023-01-01",10
1579,O7llmI,Residential,120,Active,"2023-01-01",20
1580,bE0Xff,Residential,120,Cancelled,"2023-01-01",0
1581,NAxvpC,Residential,120,Active,"2023-01-01",5
1582,hxMbca,Residential,120,Active,"2023-01-01",10
1583,bCteaI,Residential,120,Active,"2023-01-01",20
1584,EMZLxR,Business,250,Paused,"2023-01-01",0
1585,MODzl9,Residential,120,Paused,"2023-01-01",5
1586,iZCShW,Residential,120,Active,"2023-01-01",10
1587,gCRS3i,Roam,80,Active,"2023-01-01",20
1588,gBVsGt,Roam,80,Active,"2023-01-01",0
1589,XAw0J3,Residential,120,Paused,"2023-01-01",5
1590,Th15tD,Residential,120,Active,"2023-01-01",10
1591,ExJHBe,Mini,50,Active,"2023-01-01",20
1592,"9Z850k",Roam,80,Active,"2023-01-01",0
1593,TuzXs9,Mini,50,Cancelled,"2023-01-01",5
1594,iK7gfY,Roam,80,Active,"2023-01-01",10
1595,aY0vDa,Residential,120,Active,"2023-01-01",20
1596,QOsCx6,Residential,120,Active,"2023-01-01",0
1597,W3RmuT,Residential,120,Cancelled,"2023-01-01",5
1598,hnTCcK,Mini,50,Active,"2023-01-01",10
1599,Xpfe2K,Mini,50,Active,"2023-01-01",20
1600,nB1E5a,Residential,120,Active,"2023-01-01",0
1601,N21Ad0,Residential,120,Paused,"2023-01-01",5
1602,IaobJO,Residential,120,Active,"2023-01-01",10
1603,x9qo4y,Residential,120,Active,"2023-01-01",20
1604,HSG9g7,Roam,80,Active,"2023-01-01",0
1605,aMOfTf,Residential,120,Active,"2023-01-01",5
1606,kUOwKd,Roam,80,Active,"2023-01-01",10
1607,trcdIF,Residential,120,Active,"2023-01-01",20
1608,SvSIC7,Roam,80,Active,"2023-01-01",0
1609,hMNEcU,Mini,50,Active,"2023-01-01",5
1610,jZlUAI,Residential,120,Active,"2023-01-01",10
1611,ltn3Wd,Residential,120,Active,"2023-01-01",20
1612,xjW6i4,Mini,50,Active,"2023-01-01",0
1613,hYSoiN,Business,250,Active,"2023-01-01",5
1614,"2sSmev",Residential,120,Paused,"2023-01-01",10
1615,TJXmLv,Residential,120,Active,"2023-01-01",20
1616,dI2FOB,Roam,80,Active,"2023-01-01",0
1617,VVpsNU,Residential,120,Active,"2023-01-01",5
1618,i1F0pg,Business,250,Active,"2023-01-01",10
1619,"0Ml2NX",Residential,120,Active,"2023-01-01",20
1620,YTCYCb,Residential,120,Active,"2023-01-01",0
1621,H8wylh,Residential,120,Active,"2023-01-01",5
1622,yOphTE,Residential,120,Active,"2023-01-01",10
1623,Gtg4jU,Residential,120,Paused,"2023-01-01",20
1624,"7UwTkp",Business,250,Active,"2023-01-01",0
1625,WqaXtA,Business,250,Paused,"2023-01-01",5
1626,jMUeXT,Roam,80,Active,"2023-01-01",10
1627,PW2CbD,Residential,120,Cancelled,"2023-01-01",20
1628,puB0tU,Residential,120,Active,"2023-01-01",0
1629,hTMkYK,Roam,80,Cancelled,"2023-01-01",5
1630,vC1FZ2,Residential,120,Cancelled,"2023-01-01",10
1631,"14hw07",Residential,120,Active,"2023-01-01",20
1632,E8VcvC,Residential,120,Active,"2023-01-01",0
1633,"5PzuOd",Residential,120,Cancelled,"2023-01-01",5
1634,iEAr9K,Residential,120,Active,"2023-01-01",10
1635,NESCi1,Residential,120,Cancelled,"2023-01-01",20
1636,iIdU2h,Residential,120,Active,"2023-01-01",0
1637,xtbl98,Residential,120,Cancelled,"2023-01-01",5
1638,"90MySE",Residential,120,Active,"2023-01-01",10
1639,"36Ystt",Residential,120,Active,"2023-01-01",20
1640,RxUkUk,Mini,50,Active,"2023-01-01",0
1641,i79PHw,Roam,80,Active,"2023-01-01",5
1642,CeYOwe,Residential,120,Active,"2023-01-01",10
1643,MCaULE,Roam,80,Cancelled,"2023-01-01",20
1644,QZ8i5h,Mini,50,Active,"2023-01-01",0
1645,qEv85A,Residential,120,Active,"2023-01-01",5
1646,VnBpq9,Roam,80,Active,"2023-01-01",10
1647,RJwDXN,Residential,120,Active,"2023-01-01",20
1648,fcYf4p,Residential,120,Active,"2023-01-01",0
1649,f5njKF,Residential,120,Cancelled,"2023-01-01",5
1650,nmOXP2,Residential,120,Active,"2023-01-01",10
1651,mxqQAy,Residential,120,Active,"2023-01-01",20
1652,togY6T,Residential,120,Active,"2023-01-01",0
1653,pO1YoE,Roam,80,Active,"2023-01-01",5
1654,DU4MIV,Residential,120,Active,"2023-01-01",10
1655,hQRCCO,Business,250,Active,"2023-01-01",20
1656,kYCNXr,Business,250,Active,"2023-01-01",0
1657,zJx8Vj,Business,250,Active,"2023-01-01",5
1658,Dvl5k9,Roam,80,Cancelled,"2023-01-01",10
1659,"8k5Mz9",Business,250,Active,"2023-01-01",20
1660,"1eF9Jp",Roam,80,Active,"2023-01-01",0
1661,BLPTIJ,Mini,50,Paused,"2023-01-01",5
1662,UPwePu,Business,250,Active,"2023-01-01",10
1663,Nb8wsI,Residential,120,Active,"2023-01-01",20
1664,Hgq8pH,Residential,120,Cancelled,"2023-01-01",0
1665,"1OcolJ",Residential,120,Active,"2023-01-01",5
1666,"0NRAE3",Roam,80,Active,"2023-01-01",10
1667,qnDDEG,Residential,120,Active,"2023-01-01",20
1668,IafLMs,Roam,80,Active,"2023-01-01",0
1669,Ku6Jy0,Residential,120,Active,"2023-01-01",5
1670,"3fvqtO",Residential,120,Active,"2023-01-01",10
1671,qZx3vv,Residential,120,Cancelled,"2023-01-01",20
1672,ot3fHO,Residential,120,Active,"2023-01-01",0
1673,VsntJh,Residential,120,Cancelled,"2023-01-01",5
1674,Jlsxx1,Residential,120,Active,"2023-01-01",10
1675,k7gyHn,Business,250,Active,"2023-01-01",20
1676,ViV3YT,Mini,50,Active,"2023-01-01",0
1677,PPoF7V,Roam,80,Active,"2023-01-01",5
1678,A1xPUu,Residential,120,Paused,"2023-01-01",10
1679,wdMJ2p,Roam,80,Active,"2023-01-01",20
1680,"2fxGLc",Residential,120,Active,"2023-01-01",0
1681,"7qb9Te",Business,250,Active,"2023-01-01",5
1682,yGfTNn,Residential,120,Active,"2023-01-01",10
1683,CpiufK,Roam,80,Cancelled,"2023-01-01",20
1684,HS9JI1,Residential,120,Paused,"2023-01-01",0
1685,qiWhZg,Residential,120,Active,"2023-01-01",5
1686,qtryzO,Residential,120,Active,"2023-01-01",10
1687,"8XMwFq",Residential,120,Active,"2023-01-01",20
1688,OTFG39,Residential,120,Active,"2023-01-01",0
1689,vqZxO9,Business,250,Paused,"2023-01-01",5
1690,vHGMba,Residential,120,Active,"2023-01-01",10
1691,Zf2boZ,Mini,50,Active,"2023-01-01",20
1692,GrFz4f,Roam,80,Active,"2023-01-01",0
1693,pD56pd,Residential,120,Active,"2023-01-01",5
1694,Sy306k,Residential,120,Active,"2023-01-01",10
1695,lsdrLG,Roam,80,Active,"2023-01-01",20
1696,"1Is8Kq",Residential,120,Active,"2023-01-01",0
1697,"4yVcOu",Mini,50,Active,"2023-01-01",5
1698,aU5VBt,Residential,120,Active,"2023-01-01",10
1699,SCEGrS,Residential,120,Active,"2023-01-01",20
1700,c1czvR,Business,250,Active,"2023-01-01",0
1701,Usd37E,Residential,120,Active,"2023-01-01",5
1702,elpr9V,Roam,80,Paused,"2023-01-01",10
1703,Pv29Ml,Mini,50,Active,"2023-01-01",20
1704,q0NtgP,Residential,120,Active,"2023-01-01",0
1705,OiGmMS,Residential,120,Active,"2023-01-01",5
1706,yXfh7Y,Residential,120,Active,"2023-01-01",10
1707,jnziZv,Residential,120,Active,"2023-01-01",20
1708,"3wieCu",Residential,120,Active,"2023-01-01",0
1709,Gga796,Roam,80,Active,"2023-01-01",5
1710,ZcGRZy,Mini,50,Active,"2023-01-01",10
1711,"6Rr9eo",Business,250,Active,"2023-01-01",20
1712,fdIjgd,Residential,120,Active,"2023-01-01",0
1713,dtDlff,Residential,120,Active,"2023-01-01",5
1714,yvc8IA,Residential,120,Paused,"2023-01-01",10
1715,jhxTdS,Roam,80,Active,"2023-01-01",20
1716,"9pkjI7",Business,250,Active,"2023-01-01",0
1717,"1pdfR9",Roam,80,Active,"2023-01-01",5
1718,h466ud,Residential,120,Active,"2023-01-01",10
1719,"0GdDGB",Roam,80,Cancelled,"2023-01-01",20
1720,NfvqYS,Roam,80,Cancelled,"2023-01-01",0
1721,Nlt6n9,Residential,120,Active,"2023-01-01",5
1722,"05tRx9",Residential,120,Cancelled,"2023-01-01",10
1723,hiygUL,Business,250,Active,"2023-01-01",20
1724,haOQtw,Roam,80,Paused,"2023-01-01",0
1725,G18pM1,Business,250,Active,"2023-01-01",5
1726,hfqv4N,Mini,50,Active,"2023-01-01",10
1727,KXLA4j,Residential,120,Active,"2023-01-01",20
1728,ecKrnK,Residential,120,Cancelled,"2023-01-01",0
1729,rf9lxt,Residential,120,Cancelled,"2023-01-01",5
1730,rdRtOz,Business,250,Paused,"2023-01-01",10
1731,dDkd9Y,Residential,120,Active,"2023-01-01",20
1732,zNmREp,Residential,120,Cancelled,"2023-01-01",0
1733,jM4FSj,Residential,120,Active,"2023-01-01",5
1734,cOAkMq,Business,250,Paused,"2023-01-01",10
1735,XgT64J,Business,250,Active,"2023-01-01",20
1736,ZXfL8I,Residential,120,Cancelled,"2023-01-01",0
1737,N7HE96,Mini,50,Active,"2023-01-01",5
1738,mClzOb,Residential,120,Active,"2023-01-01",10
1739,"50bfgT",Business,250,Cancelled,"2023-01-01",20
1740,NOmKQY,Roam,80,Active,"2023-01-01",0
1741,"54TEF4",Mini,50,Paused,"2023-01-01",5
1742,SJXwbe,Residential,120,Active,"2023-01-01",10
1743,"2fBReI",Residential,120,Cancelled,"2023-01-01",20
1744,J3WDSL,Mini,50,Active,"2023-01-01",0
1745,Az0OkB,Residential,120,Active,"2023-01-01",5
1746,xavU07,Residential,120,Active,"2023-01-01",10
1747,xgNrw5,Residential,120,Active,"2023-01-01",20
1748,fPpNw6,Business,250,Active,"2023-01-01",0
1749,FsWYaj,Residential,120,Active,"2023-01-01",5
1750,"5vmNyj",Residential,120,Paused,"2023-01-01",10
1751,k0NLY0,Residential,120,Active,"2023-01-01",20
1752,kWCRNY,Mini,50,Active,"2023-01-01",0
1753,wAsXKU,Residential,120,Active,"2023-01-01",5
1754,Vbwq2s,Roam,80,Active,"2023-01-01",10
1755,B0EK9W,Residential,120,Active,"2023-01-01",20
1756,pWxMdb,Roam,80,Active,"2023-01-01",0
1757,wB61gQ,Business,250,Active,"2023-01-01",5
1758,ZPTXX0,Residential,120,Paused,"2023-01-01",10
1759,"9NLwj5",Roam,80,Active,"2023-01-01",20
1760,e7eQxt,Roam,80,Active,"2023-01-01",0
1761,Nvf5De,Residential,120,Paused,"2023-01-01",5
1762,"6GxgkN",Residential,120,Active,"2023-01-01",10
1763,"1ERX5L",Business,250,Active,"2023-01-01",20
1764,l3yymV,Roam,80,Paused,"2023-01-01",0
1765,otRwsC,Residential,120,Active,"2023-01-01",5
1766,hZ26IE,Roam,80,Active,"2023-01-01",10
1767,jFJSeW,Business,250,Active,"2023-01-01",20
1768,qNfOa5,Residential,120,Active,"2023-01-01",0
1769,gXpEKP,Residential,120,Cancelled,"2023-01-01",5
1770,Yaz0vu,Residential,120,Paused,"2023-01-01",10
1771,Zf2pCL,Residential,120,Active,"2023-01-01",20
1772,enkGMP,Residential,120,Active,"2023-01-01",0
1773,RJdhg3,Residential,120,Active,"2023-01-01",5
1774,wGARzf,Residential,120,Paused,"2023-01-01",10
1775,"86J292",Residential,120,Active,"2023-01-01",20
1776,dKWNc0,Business,250,Active,"2023-01-01",0
1777,"0HYQ1M",Business,250,Cancelled,"2023-01-01",5
1778,fBGTor,Residential,120,Active,"2023-01-01",10
1779,wHemXT,Roam,80,Active,"2023-01-01",20
1780,F6fPf8,Residential,120,Active,"2023-01-01",0
1781,"7dVawT",Residential,120,Cancelled,"2023-01-01",5
1782,cYNPRO,Residential,120,Active,"2023-01-01",10
1783,ue8CmV,Business,250,Active,"2023-01-01",20
1784,f5L9UV,Residential,120,Active,"2023-01-01",0
1785,VHWGau,Roam,80,Active,"2023-01-01",5
1786,U53bYs,Roam,80,Active,"2023-01-01",10
1787,Sl27OQ,Residential,120,Active,"2023-01-01",20
1788,HhVit7,Mini,50,Active,"2023-01-01",0
1789,KcpS9K,Mini,50,Paused,"2023-01-01",5
1790,NHJQtU,Residential,120,Active,"2023-01-01",10
1791,q2CWg4,Residential,120,Active,"2023-01-01",20
1792,"9cGg2B",Residential,120,Cancelled,"2023-01-01",0
1793,"7H09tO",Mini,50,Active,"2023-01-01",5
1794,"3P84cs",Roam,80,Active,"2023-01-01",10
1795,aqMffN,Mini,50,Paused,"2023-01-01",20
1796,V9CWpV,Residential,120,Active,"2023-01-01",0
1797,G92OpY,Residential,120,Active,"2023-01-01",5
1798,FaxrbX,Residential,120,Cancelled,"2023-01-01",10
1799,lo8uQJ,Roam,80,Active,"2023-01-01",20
1800,mnOjke,Mini,50,Active,"2023-01-01",0
1801,"7Dt3bc",Roam,80,Active,"2023-01-01",5
1802,"8avFu2",Residential,120,Active,"2023-01-01",10
1803,kTtYEG,Mini,50,Cancelled,"2023-01-01",20
1804,dHKim6,Roam,80,Active,"2023-01-01",0
1805,qjggHh,Roam,80,Active,"2023-01-01",5
1806,yl6S4M,Residential,120,Active,"2023-01-01",10
1807,kyCFE0,Residential,120,Active,"2023-01-01",20
1808,p1Gbe9,Residential,120,Active,"2023-01-01",0
1809,ywuySm,Mini,50,Active,"2023-01-01",5
1810,"8gUFAg",Residential,120,Active,"2023-01-01",10
1811,X0DmGt,Residential,120,Active,"2023-01-01",20
1812,FxJ834,Mini,50,Active,"2023-01-01",0
1813,Sj53Vn,Residential,120,Active,"2023-01-01",5
1814,ZnHweL,Business,250,Active,"2023-01-01",10
1815,sRW5gB,Residential,120,Active,"2023-01-01",20
1816,EkzpTm,Residential,120,Paused,"2023-01-01",0
1817,Bki6uK,Roam,80,Active,"2023-01-01",5
1818,SEqZ6t,Residential,120,Active,"2023-01-01",10
1819,kUdYD2,Business,250,Active,"2023-01-01",20
1820,"4YxXBc",Residential,120,Active,"2023-01-01",0
1821,uAw39Y,Roam,80,Active,"2023-01-01",5
1822,SgpDVB,Roam,80,Active,"2023-01-01",10
1823,"2t8jUc",Business,250,Active,"2023-01-01",20
1824,QUDdxq,Residential,120,Cancelled,"2023-01-01",0
1825,k9TsuZ,Roam,80,Active,"2023-01-01",5
1826,kVtUUy,Residential,120,Active,"2023-01-01",10
1827,"11WTFS",Roam,80,Active,"2023-01-01",20
1828,NeowKF,Mini,50,Active,"2023-01-01",0
1829,GuROZx,Roam,80,Active,"2023-01-01",5
1830,BpH2UT,Residential,120,Active,"2023-01-01",10
1831,guNQVB,Residential,120,Active,"2023-01-01",20
1832,zCzUq0,Residential,120,Active,"2023-01-01",0
1833,"0BWXTO",Residential,120,Active,"2023-01-01",5
1834,"7wMh55",Mini,50,Active,"2023-01-01",10
1835,IaCLy3,Roam,80,Active,"2023-01-01",20
1836,l6BYld,Residential,120,Active,"2023-01-01",0
1837,n5Cum2,Business,250,Paused,"2023-01-01",5
1838,y1jpe0,Residential,120,Active,"2023-01-01",10
1839,nBPY4S,Roam,80,Active,"2023-01-01",20
1840,YDPysA,Residential,120,Active,"2023-01-01",0
1841,pugPJb,Residential,120,Active,"2023-01-01",5
1842,PkwBM2,Roam,80,Active,"2023-01-01",10
1843,pFfJc6,Residential,120,Active,"2023-01-01",20
1844,eBgroJ,Residential,120,Active,"2023-01-01",0
1845,URoa9b,Mini,50,Active,"2023-01-01",5
1846,jThSH8,Roam,80,Active,"2023-01-01",10
1847,ZxBUTx,Roam,80,Paused,"2023-01-01",20
1848,DHSM00,Residential,120,Active,"2023-01-01",0
1849,mbksf0,Residential,120,Active,"2023-01-01",5
1850,ovC3ku,Residential,120,Active,"2023-01-01",10
1851,x3THtN,Mini,50,Active,"2023-01-01",20
1852,obImT2,Residential,120,Active,"2023-01-01",0
1853,TYKUwA,Residential,120,Active,"2023-01-01",5
1854,qQS7PJ,Business,250,Active,"2023-01-01",10
1855,HHn9sE,Residential,120,Active,"2023-01-01",20
1856,"2ZQsQQ",Residential,120,Active,"2023-01-01",0
1857,NXbpkS,Residential,120,Active,"2023-01-01",5
1858,PO82zp,Residential,120,Cancelled,"2023-01-01",10
1859,SzaMnw,Residential,120,Active,"2023-01-01",20
1860,hgquLX,Residential,120,Active,"2023-01-01",0
1861,"8IUmMX",Roam,80,Cancelled,"2023-01-01",5
1862,ZQSFAM,Mini,50,Paused,"2023-01-01",10
1863,MdnIjx,Residential,120,Active,"2023-01-01",20
1864,E5crx6,Residential,120,Cancelled,"2023-01-01",0
1865,tqR8rL,Residential,120,Active,"2023-01-01",5
1866,Urs8ql,Business,250,Paused,"2023-01-01",10
1867,gY1lJ1,Mini,50,Cancelled,"2023-01-01",20
1868,rAs5jL,Residential,120,Active,"2023-01-01",0
1869,pQCcLI,Residential,120,Paused,"2023-01-01",5
1870,H0Dr9k,Roam,80,Active,"2023-01-01",10
1871,"4ldFMo",Residential,120,Paused,"2023-01-01",20
1872,GdqjeR,Business,250,Active,"2023-01-01",0
1873,dMOTG1,Roam,80,Paused,"2023-01-01",5
1874,Dp6cTq,Residential,120,Active,"2023-01-01",10
1875,j9BDxx,Residential,120,Active,"2023-01-01",20
1876,Pllyf2,Roam,80,Active,"2023-01-01",0
1877,Olun1k,Roam,80,Active,"2023-01-01",5
1878,zNEMr7,Residential,120,Active,"2023-01-01",10
1879,MSmoqa,Roam,80,Active,"2023-01-01",20
1880,cFOAs0,Residential,120,Active,"2023-01-01",0
1881,OyOZvF,Residential,120,Active,"2023-01-01",5
1882,"2Aw5Ny",Residential,120,Active,"2023-01-01",10
1883,BiDPgd,Roam,80,Active,"2023-01-01",20
1884,"8t0wQp",Roam,80,Active,"2023-01-01",0
1885,VMCBzC,Roam,80,Active,"2023-01-01",5
1886,je1S1u,Residential,120,Active,"2023-01-01",10
1887,znCwg7,Business,250,Cancelled,"2023-01-01",20
1888,"71gMVw",Residential,120,Active,"2023-01-01",0
1889,ZektUJ,Roam,80,Active,"2023-01-01",5
1890,"3rd8R5",Roam,80,Active,"2023-01-01",10
1891,fwR2El,Business,250,Active,"2023-01-01",20
1892,LjPXRL,Residential,120,Active,"2023-01-01",0
1893,"9LSBCX",Residential,120,Active,"2023-01-01",5
1894,WwZHjC,Roam,80,Active,"2023-01-01",10
1895,a5F2j7,Residential,120,Active,"2023-01-01",20
1896,fucGWu,Roam,80,Cancelled,"2023-01-01",0
1897,j8G8hn,Mini,50,Active,"2023-01-01",5
1898,xdn1m9,Business,250,Active,"2023-01-01",10
1899,"9s8OrJ",Residential,120,Active,"2023-01-01",20
1900,sTCT9p,Residential,120,Active,"2023-01-01",0
1901,lZjPi1,Roam,80,Active,"2023-01-01",5
1902,"9aDaI4",Roam,80,Paused,"2023-01-01",10
1903,Ul9k1y,Roam,80,Active,"2023-01-01",20
1904,MYuyXT,Residential,120,Cancelled,"2023-01-01",0
1905,SWDeJ7,Residential,120,Active,"2023-01-01",5
1906,eJIBZQ,Roam,80,Active,"2023-01-01",10
1907,JcLNUc,Roam,80,Active,"2023-01-01",20
1908,Pz3nuL,Residential,120,Active,"2023-01-01",0
1909,"2y5z5m",Business,250,Active,"2023-01-01",5
1910,FyUdoF,Residential,120,Active,"2023-01-01",10
1911,xrFM1c,Mini,50,Active,"2023-01-01",20
1912,jQ8RNC,Residential,120,Active,"2023-01-01",0
1913,XF388W,Business,250,Active,"2023-01-01",5
1914,pSfk92,Residential,120,Active,"2023-01-01",10
1915,IXkGbo,Residential,120,Active,"2023-01-01",20
1916,P5J3Ib,Mini,50,Cancelled,"2023-01-01",0
1917,SSCyU5,Business,250,Active,"2023-01-01",5
1918,BbPNnR,Business,250,Paused,"2023-01-01",10
1919,ezOSTy,Residential,120,Active,"2023-01-01",20
1920,e1IgyH,Mini,50,Active,"2023-01-01",0
1921,"6Pp5je",Residential,120,Active,"2023-01-01",5
1922,B4CiC8,Roam,80,Active,"2023-01-01",10
1923,MXT29R,Mini,50,Active,"2023-01-01",20
1924,M1cDAY,Residential,120,Active,"2023-01-01",0
1925,jgHxcF,Residential,120,Active,"2023-01-01",5
1926,QrE4p4,Business,250,Active,"2023-01-01",10
1927,r1PVjf,Roam,80,Active,"2023-01-01",20
1928,"6PqjYT",Business,250,Active,"2023-01-01",0
1929,K0ZDgV,Residential,120,Active,"2023-01-01",5
1930,n5AGPw,Business,250,Active,"2023-01-01",10
1931,Q48PjB,Residential,120,Active,"2023-01-01",20
1932,BTV0O2,Residential,120,Active,"2023-01-01",0
1933,B0UhiL,Residential,120,Active,"2023-01-01",5
1934,fuDN9X,Residential,120,Active,"2023-01-01",10
1935,vSvSWr,Roam,80,Active,"2023-01-01",20
1936,DdQmWT,Residential,120,Active,"2023-01-01",0
1937,"7rLm5J",Residential,120,Active,"2023-01-01",5
1938,n1iohi,Residential,120,Active,"2023-01-01",10
1939,z8uwfe,Residential,120,Active,"2023-01-01",20
1940,eCbY9d,Residential,120,Active,"2023-01-01",0
1941,y1JEIO,Residential,120,Active,"2023-01-01",5
1942,CIFFpn,Residential,120,Active,"2023-01-01",10
1943,Ybnm72,Roam,80,Active,"2023-01-01",20
1944,VYYf8W,Residential,120,Active,"2023-01-01",0
1945,qQPonE,Residential,120,Active,"2023-01-01",5
1946,gqstIQ,Roam,80,Active,"2023-01-01",10
1947,h9quNO,Roam,80,Active,"2023-01-01",20
1948,RgSRcY,Roam,80,Active,"2023-01-01",0
1949,jMp7gb,Roam,80,Active,"2023-01-01",5
1950,zc5L2l,Business,250,Active,"2023-01-01",10
1951,QPTrye,Residential,120,Active,"2023-01-01",20
1952,Lt8BIs,Mini,50,Active,"2023-01-01",0
1953,dviPzU,Residential,120,Active,"2023-01-01",5
1954,"5ydce7",Residential,120,Active,"2023-01-01",10
1955,ozSSz6,Residential,120,Paused,"2023-01-01",20
1956,Gg1HE1,Residential,120,Active,"2023-01-01",0
1957,joeI2v,Residential,120,Active,"2023-01-01",5
1958,LcrDcR,Roam,80,Active,"2023-01-01",10
1959,PvYZwk,Residential,120,Active,"2023-01-01",20
1960,GM7rdz,Residential,120,Active,"2023-01-01",0
1961,KXbCms,Residential,120,Paused,"2023-01-01",5
1962,mSjjlm,Roam,80,Cancelled,"2023-01-01",10
1963,YZI489,Residential,120,Active,"2023-01-01",20
1964,hRN1ZZ,Residential,120,Active,"2023-01-01",0
1965,FYrsK9,Mini,50,Cancelled,"2023-01-01",5
1966,GsB4Dj,Residential,120,Active,"2023-01-01",10
1967,rAwuwt,Residential,120,Active,"2023-01-01",20
1968,qlRtva,Roam,80,Active,"2023-01-01",0
1969,"2ZCh2h",Residential,120,Active,"2023-01-01",5
1970,v5Hn9o,Residential,120,Active,"2023-01-01",10
1971,P7JwxM,Mini,50,Active,"2023-01-01",20
1972,"8FvBB5",Mini,50,Active,"2023-01-01",0
1973,lFRXgd,Residential,120,Active,"2023-01-01",5
1974,"8jYPIK",Mini,50,Active,"2023-01-01",10
1975,tUM8qB,Roam,80,Active,"2023-01-01",20
1976,Wrzx7I,Residential,120,Active,"2023-01-01",0
1977,yaWLeP,Roam,80,Active,"2023-01-01",5
1978,tFAq4G,Roam,80,Paused,"2023-01-01",10
1979,mCISZv,Residential,120,Active,"2023-01-01",20
1980,XUbxtq,Roam,80,Cancelled,"2023-01-01",0
1981,UfiSDn,Residential,120,Active,"2023-01-01",5
1982,b0ioGY,Mini,50,Active,"2023-01-01",10
1983,"9vWsrH",Business,250,Active,"2023-01-01",20
1984,xaA7wh,Roam,80,Active,"2023-01-01",0
1985,"1EkGk3",Mini,50,Active,"2023-01-01",5
1986,vKDPgd,Residential,120,Active,"2023-01-01",10
1987,JEUs6z,Roam,80,Paused,"2023-01-01",20
1988,EVICRj,Residential,120,Active,"2023-01-01",0
1989,"9OBGhn",Roam,80,Active,"2023-01-01",5
1990,A9b8IE,Residential,120,Active,"2023-01-01",10
1991,Dww6f9,Roam,80,Cancelled,"2023-01-01",20
1992,yVVoiW,Roam,80,Cancelled,"2023-01-01",0
1993,rRXrb4,Residential,120,Active,"2023-01-01",5
1994,JzxhN1,Residential,120,Active,"2023-01-01",10
1995,zp2bjC,Residential,120,Active,"2023-01-01",20
1996,blsvC7,Residential,120,Cancelled,"2023-01-01",0
1997,xk1Jfu,Business,250,Cancelled,"2023-01-01",5
1998,CROQ0a,Roam,80,Cancelled,"2023-01-01",10
1999,KjJa8c,Residential,120,Active,"2023-01-01",20
2000,UQvOwh,Residential,120,Active,"2023-01-01",0
2001,giDo1r,Residential,120,Active,"2023-01-01",5
2002,bF5276,Residential,120,Active,"2023-01-01",10
2003,JCCw4V,Residential,120,Active,"2023-01-01",20
2004,"78vvGO",Residential,120,Active,"2023-01-01",0
2005,"6yWIfH",Mini,50,Active,"2023-01-01",5
2006,fCcGOt,Residential,120,Active,"2023-01-01",10
2007,FylkQ3,Residential,120,Paused,"2023-01-01",20
2008,JndNud,Residential,120,Active,"2023-01-01",0
2009,YHBhlB,Residential,120,Active,"2023-01-01",5
2010,"1iA0dN",Residential,120,Paused,"2023-01-01",10
2011,uxffXa,Roam,80,Active,"2023-01-01",20
2012,OvacuZ,Business,250,Paused,"2023-01-01",0
2013,ECoxga,Residential,120,Paused,"2023-01-01",5
2014,"9PlX7w",Residential,120,Active,"2023-01-01",10
2015,JOxYh3,Residential,120,Active,"2023-01-01",20
2016,uMt6kj,Mini,50,Active,"2023-01-01",0
2017,lzJz6R,Roam,80,Active,"2023-01-01",5
2018,GhtGZe,Business,250,Active,"2023-01-01",10
2019,UdFgO0,Roam,80,Active,"2023-01-01",20
2020,fcgAL0,Residential,120,Active,"2023-01-01",0
2021,md6Rni,Residential,120,Active,"2023-01-01",5
2022,FAI38d,Roam,80,Active,"2023-01-01",10
2023,mOlUBl,Residential,120,Active,"2023-01-01",20
2024,NbMuMv,Roam,80,Active,"2023-01-01",0
2025,vLjewC,Roam,80,Active,"2023-01-01",5
2026,XnGBB1,Mini,50,Active,"2023-01-01",10
2027,mSYIlc,Residential,120,Active,"2023-01-01",20
2028,Vy62WH,Residential,120,Paused,"2023-01-01",0
2029,UnAvwS,Business,250,Active,"2023-01-01",5
2030,mHnEJK,Residential,120,Active,"2023-01-01",10
2031,Vw0NJZ,Roam,80,Active,"2023-01-01",20
2032,MPYoT5,Roam,80,Active,"2023-01-01",0
2033,zLhe9H,Roam,80,Active,"2023-01-01",5
2034,zGGSuu,Residential,120,Active,"2023-01-01",10
2035,i3hI7J,Residential,120,Active,"2023-01-01",20
2036,kYqcDD,Mini,50,Active,"2023-01-01",0
2037,dVvmVx,Residential,120,Active,"2023-01-01",5
2038,IeJxcf,Residential,120,Active,"2023-01-01",10
2039,ezzTT0,Residential,120,Cancelled,"2023-01-01",20
2040,Q6xVJG,Roam,80,Active,"2023-01-01",0
2041,"9DQYTw",Business,250,Active,"2023-01-01",5
2042,B3Kuqy,Residential,120,Active,"2023-01-01",10
2043,"8215sA",Residential,120,Active,"2023-01-01",20
2044,RjWI3K,Mini,50,Paused,"2023-01-01",0
2045,m7N72Q,Residential,120,Cancelled,"2023-01-01",5
2046,"25ewrM",Residential,120,Active,"2023-01-01",10
2047,YgQn85,Residential,120,Active,"2023-01-01",20
2048,LEkL0K,Residential,120,Active,"2023-01-01",0
2049,wInv6T,Residential,120,Active,"2023-01-01",5
2050,e5fOhW,Mini,50,Active,"2023-01-01",10
2051,"8SBRQT",Roam,80,Active,"2023-01-01",20
2052,O37d0w,Business,250,Active,"2023-01-01",0
2053,itnEP1,Business,250,Cancelled,"2023-01-01",5
2054,bpelWu,Roam,80,Active,"2023-01-01",10
2055,"15gKej",Mini,50,Cancelled,"2023-01-01",20
2056,zlwY67,Business,250,Active,"2023-01-01",0
2057,NvlMXa,Roam,80,Active,"2023-01-01",5
2058,exZUtP,Residential,120,Active,"2023-01-01",10
2059,XJ4pmC,Residential,120,Cancelled,"2023-01-01",20
2060,zsouB0,Roam,80,Active,"2023-01-01",0
2061,"0bsM4S",Residential,120,Active,"2023-01-01",5
2062,DYdisc,Residential,120,Active,"2023-01-01",10
2063,MGwjjQ,Residential,120,Paused,"2023-01-01",20
2064,"7Gt546",Residential,120,Active,"2023-01-01",0
2065,ImhqPe,Residential,120,Active,"2023-01-01",5
2066,JJByVK,Residential,120,Active,"2023-01-01",10
2067,NwGTR8,Residential,120,Active,"2023-01-01",20
2068,lFevwI,Roam,80,Active,"2023-01-01",0
2069,"2VKKHB",Business,250,Active,"2023-01-01",5
2070,ZpTg5J,Mini,50,Active,"2023-01-01",10
2071,mQeO6b,Roam,80,Active,"2023-01-01",20
2072,qubD9T,Business,250,Active,"2023-01-01",0
2073,"2fFr6w",Business,250,Active,"2023-01-01",5
2074,uesKmQ,Roam,80,Paused,"2023-01-01",10
2075,BW8BbC,Residential,120,Paused,"2023-01-01",20
2076,hnuyRi,Residential,120,Active,"2023-01-01",0
2077,URyBCS,Residential,120,Active,"2023-01-01",5
2078,"85FRBt",Residential,120,Cancelled,"2023-01-01",10
2079,FdNIh7,Residential,120,Cancelled,"2023-01-01",20
2080,"3f84I7",Residential,120,Active,"2023-01-01",0
2081,O2O30z,Residential,120,Active,"2023-01-01",5
2082,pxaUKs,Residential,120,Active,"2023-01-01",10
2083,QkSCuL,Residential,120,Paused,"2023-01-01",20
2084,bqopwt,Roam,80,Cancelled,"2023-01-01",0
2085,DKXOWm,Roam,80,Active,"2023-01-01",5
2086,UpXPYX,Residential,120,Active,"2023-01-01",10
2087,"1UfZqq",Residential,120,Active,"2023-01-01",20
2088,"8JaYb3",Business,250,Active,"2023-01-01",0
2089,irp0AU,Business,250,Cancelled,"2023-01-01",5
2090,"7PGKeS",Residential,120,Active,"2023-01-01",10
2091,SUk8hT,Residential,120,Active,"2023-01-01",20
2092,CEJiPF,Roam,80,Active,"2023-01-01",0
2093,"3nRvRm",Residential,120,Active,"2023-01-01",5
2094,tTze4m,Business,250,Active,"2023-01-01",10
2095,U54NbK,Roam,80,Active,"2023-01-01",20
2096,"4qbP8r",Residential,120,Active,"2023-01-01",0
2097,tbzG03,Roam,80,Active,"2023-01-01",5
2098,gTtrf8,Residential,120,Paused,"2023-01-01",10
2099,v6OOdw,Roam,80,Active,"2023-01-01",20
2100,llI1DA,Business,250,Cancelled,"2023-01-01",0
2101,hREEej,Residential,120,Active,"2023-01-01",5
2102,nzOqcK,Business,250,Active,"2023-01-01",10
2103,"6cyEXr",Residential,120,Paused,"2023-01-01",20
2104,"5RBDjl",Residential,120,Active,"2023-01-01",0
2105,WQ2tYi,Residential,120,Active,"2023-01-01",5
2106,xX2Mv6,Residential,120,Active,"2023-01-01",10
2107,Laj4QG,Residential,120,Active,"2023-01-01",20
2108,UTAqh6,Residential,120,Cancelled,"2023-01-01",0
2109,uw8HtQ,Residential,120,Active,"2023-01-01",5
2110,T6TKsZ,Residential,120,Paused,"2023-01-01",10
2111,iyXH7i,Business,250,Active,"2023-01-01",20
2112,"7gWHxW",Residential,120,Cancelled,"2023-01-01",0
2113,PhpbOK,Mini,50,Active,"2023-01-01",5
2114,m5ml0A,Mini,50,Active,"2023-01-01",10
2115,CtlRJo,Roam,80,Cancelled,"2023-01-01",20
2116,qHM5Hf,Roam,80,Paused,"2023-01-01",0
2117,mBGvBs,Roam,80,Active,"2023-01-01",5
2118,Q9CRy6,Residential,120,Cancelled,"2023-01-01",10
2119,mm0VCr,Residential,120,Cancelled,"2023-01-01",20
2120,RmfL2z,Residential,120,Active,"2023-01-01",0
2121,KUcRBN,Mini,50,Active,"2023-01-01",5
2122,MmKyRm,Residential,120,Active,"2023-01-01",10
2123,qXB7f1,Residential,120,Active,"2023-01-01",20
2124,"1uD8Hq",Residential,120,Active,"2023-01-01",0
2125,eXTuFr,Residential,120,Active,"2023-01-01",5
2126,Vt5rix,Roam,80,Active,"2023-01-01",10
2127,"1J7Pt8",Residential,120,Active,"2023-01-01",20
2128,VYCLcw,Residential,120,Active,"2023-01-01",0
2129,i7deay,Residential,120,Active,"2023-01-01",5
2130,"9PhfXb",Mini,50,Active,"2023-01-01",10
2131,c2mFHG,Mini,50,Active,"2023-01-01",20
2132,hK4OlR,Mini,50,Active,"2023-01-01",0
2133,yoIfUb,Mini,50,Active,"2023-01-01",5
2134,ft75OA,Residential,120,Active,"2023-01-01",10
2135,"1cG0rI",Business,250,Active,"2023-01-01",20
2136,c7gvVb,Residential,120,Active,"2023-01-01",0
2137,ghL5px,Residential,120,Active,"2023-01-01",5
2138,JAXX9i,Business,250,Active,"2023-01-01",10
2139,"1scYAr",Residential,120,Active,"2023-01-01",20
2140,PKY6go,Residential,120,Active,"2023-01-01",0
2141,tEfuRK,Residential,120,Active,"2023-01-01",5
2142,YBczEd,Residential,120,Cancelled,"2023-01-01",10
2143,w8j5Da,Mini,50,Active,"2023-01-01",20
2144,p4oSKa,Residential,120,Active,"2023-01-01",0
2145,SfQ25V,Roam,80,Paused,"2023-01-01",5
2146,"2vfCkR",Residential,120,Active,"2023-01-01",10
2147,"0BUDEV",Roam,80,Active,"2023-01-01",20
2148,mH5JlL,Residential,120,Cancelled,"2023-01-01",0
2149,"8PAfaO",Residential,120,Active,"2023-01-01",5
2150,IFAPbW,Roam,80,Active,"2023-01-01",10
2151,"5UHi6R",Residential,120,Active,"2023-01-01",20
2152,Bvwi7q,Residential,120,Paused,"2023-01-01",0
2153,UqXacu,Residential,120,Active,"2023-01-01",5
2154,F52itG,Mini,50,Active,"2023-01-01",10
2155,rwU6Us,Residential,120,Active,"2023-01-01",20
2156,OlPLKT,Residential,120,Active,"2023-01-01",0
2157,z97ocz,Residential,120,Active,"2023-01-01",5
2158,GNXX9W,Residential,120,Active,"2023-01-01",10
2159,bAccCm,Mini,50,Cancelled,"2023-01-01",20
2160,njJhR3,Business,250,Active,"2023-01-01",0
2161,"3qwFeR",Residential,120,Active,"2023-01-01",5
2162,raD9zN,Residential,120,Active,"2023-01-01",10
2163,dsyw2i,Residential,120,Active,"2023-01-01",20
2164,F5NRjN,Residential,120,Active,"2023-01-01",0
2165,eAVPcZ,Residential,120,Active,"2023-01-01",5
2166,rbyYjB,Residential,120,Paused,"2023-01-01",10
2167,"6T9Ce1",Mini,50,Active,"2023-01-01",20
2168,Nmp0NJ,Residential,120,Active,"2023-01-01",0
2169,"7vYEst",Roam,80,Active,"2023-01-01",5
2170,"0HkLOr",Roam,80,Active,"2023-01-01",10
2171,kT55lQ,Residential,120,Active,"2023-01-01",20
2172,lFDTBC,Residential,120,Paused,"2023-01-01",0
2173,RhFJ0k,Residential,120,Active,"2023-01-01",5
2174,XYNBAu,Roam,80,Active,"2023-01-01",10
2175,"776Gui",Residential,120,Cancelled,"2023-01-01",20
2176,uY8fk1,Business,250,Paused,"2023-01-01",0
2177,Z5oeSt,Residential,120,Paused,"2023-01-01",5
2178,"3TaTEP",Residential,120,Active,"2023-01-01",10
2179,SW6wE4,Residential,120,Active,"2023-01-01",20
2180,TIqlLe,Residential,120,Active,"2023-01-01",0
2181,nRE0IE,Residential,120,Active,"2023-01-01",5
2182,lseAzA,Residential,120,Active,"2023-01-01",10
2183,"24lM9c",Residential,120,Active,"2023-01-01",20
2184,dgzUyP,Residential,120,Cancelled,"2023-01-01",0
2185,"47J0Xo",Residential,120,Active,"2023-01-01",5
2186,"9XFrA6",Residential,120,Active,"2023-01-01",10
2187,F7DW71,Business,250,Active,"2023-01-01",20
2188,PC7CfG,Residential,120,Paused,"2023-01-01",0
2189,OS3JrU,Mini,50,Active,"2023-01-01",5
2190,AkMUTq,Roam,80,Active,"2023-01-01",10
2191,Rt8eZA,Residential,120,Active,"2023-01-01",20
2192,cuALD5,Residential,120,Active,"2023-01-01",0
2193,DTW0uB,Roam,80,Active,"2023-01-01",5
2194,dTZVLk,Residential,120,Active,"2023-01-01",10
2195,eHAKgL,Roam,80,Cancelled,"2023-01-01",20
2196,oUf0fu,Residential,120,Paused,"2023-01-01",0
2197,AjOo2x,Residential,120,Paused,"2023-01-01",5
2198,TwVfq4,Residential,120,Paused,"2023-01-01",10
2199,gdtigy,Roam,80,Active,"2023-01-01",20
2200,KEx6tA,Business,250,Cancelled,"2023-01-01",0
2201,sqjdte,Roam,80,Active,"2023-01-01",5
2202,"78CizR",Roam,80,Active,"2023-01-01",10
2203,k5wigo,Roam,80,Active,"2023-01-01",20
2204,VTcF4H,Business,250,Active,"2023-01-01",0
2205,anSb9I,Residential,120,Active,"2023-01-01",5
2206,E7ouoW,Mini,50,Active,"2023-01-01",10
2207,TWNBsC,Mini,50,Active,"2023-01-01",20
2208,vOuKR0,Mini,50,Paused,"2023-01-01",0
2209,PvQs74,Business,250,Active,"2023-01-01",5
2210,hnB0TY,Residential,120,Active,"2023-01-01",10
2211,sAOapv,Residential,120,Active,"2023-01-01",20
2212,D1aN7q,Roam,80,Active,"2023-01-01",0
2213,cne9le,Residential,120,Active,"2023-01-01",5
2214,"6FzzpH",Residential,120,Active,"2023-01-01",10
2215,OWZWYB,Roam,80,Active,"2023-01-01",20
2216,x2WL17,Roam,80,Active,"2023-01-01",0
2217,qSMPpP,Residential,120,Active,"2023-01-01",5
2218,D5fzQk,Residential,120,Cancelled,"2023-01-01",10
2219,gnpmBF,Roam,80,Active,"2023-01-01",20
2220,ZEvRw1,Residential,120,Active,"2023-01-01",0
2221,GYG5e4,Residential,120,Active,"2023-01-01",5
2222,gDg4zg,Roam,80,Cancelled,"2023-01-01",10
2223,"2nDaGE",Residential,120,Active,"2023-01-01",20
2224,"84hN7X",Business,250,Active,"2023-01-01",0
2225,K3GlAZ,Residential,120,Active,"2023-01-01",5
2226,bOAkPq,Residential,120,Active,"2023-01-01",10
2227,"0aYF7A",Roam,80,Active,"2023-01-01",20
2228,AOp9dj,Residential,120,Active,"2023-01-01",0
2229,DvDQR4,Residential,120,Cancelled,"2023-01-01",5
2230,GML2Cg,Residential,120,Active,"2023-01-01",10
2231,"4MrtOW",Residential,120,Cancelled,"2023-01-01",20
2232,YIysSp,Mini,50,Active,"2023-01-01",0
2233,kzdDr1,Residential,120,Active,"2023-01-01",5
2234,ZaqvvJ,Residential,120,Active,"2023-01-01",10
2235,"5RKwbo",Residential,120,Active,"2023-01-01",20
2236,MrzyfL,Residential,120,Active,"2023-01-01",0
2237,h8LojI,Roam,80,Paused,"2023-01-01",5
2238,BBDntI,Roam,80,Active,"2023-01-01",10
2239,OLH1ZW,Residential,120,Active,"2023-01-01",20
2240,bLgXOw,Residential,120,Cancelled,"2023-01-01",0
2241,BwRbGR,Residential,120,Active,"2023-01-01",5
2242,qevKPc,Residential,120,Active,"2023-01-01",10
2243,"7L4EDQ",Residential,120,Paused,"2023-01-01",20
2244,lbCmfd,Residential,120,Active,"2023-01-01",0
2245,ZQuF4b,Residential,120,Active,"2023-01-01",5
2246,NA9pOn,Residential,120,Active,"2023-01-01",10
2247,sxu07s,Business,250,Active,"2023-01-01",20
2248,SClWXg,Business,250,Cancelled,"2023-01-01",0
2249,GTGbSN,Residential,120,Active,"2023-01-01",5
2250,L3gfgW,Residential,120,Active,"2023-01-01",10
2251,Chnfdi,Residential,120,Active,"2023-01-01",20
2252,"2cNaix",Mini,50,Active,"2023-01-01",0
2253,FqCbUB,Roam,80,Active,"2023-01-01",5
2254,"6KYuUY",Roam,80,Active,"2023-01-01",10
2255,Qb6gbt,Residential,120,Paused,"2023-01-01",20
2256,NsSv9W,Residential,120,Paused,"2023-01-01",0
2257,nKCnSg,Residential,120,Active,"2023-01-01",5
2258,FNOrCH,Residential,120,Cancelled,"2023-01-01",10
2259,igT5GZ,Residential,120,Active,"2023-01-01",20
2260,"5uwfIo",Residential,120,Active,"2023-01-01",0
2261,FTgOui,Roam,80,Paused,"2023-01-01",5
2262,O0Sl6k,Roam,80,Active,"2023-01-01",10
2263,VBTcCV,Business,250,Cancelled,"2023-01-01",20
2264,qSU9zM,Residential,120,Active,"2023-01-01",0
2265,t9h9RD,Mini,50,Active,"2023-01-01",5
2266,J0pxXr,Residential,120,Paused,"2023-01-01",10
2267,"5NZcCM",Residential,120,Active,"2023-01-01",20
2268,wIdRYw,Roam,80,Active,"2023-01-01",0
2269,EIBnyy,Residential,120,Active,"2023-01-01",5
2270,"3HyvbH",Mini,50,Active,"2023-01-01",10
2271,jxrzuL,Residential,120,Active,"2023-01-01",20
2272,SLMg6l,Residential,120,Active,"2023-01-01",0
2273,MhgwQb,Mini,50,Paused,"2023-01-01",5
2274,vfXk2a,Business,250,Paused,"2023-01-01",10
2275,ztccdU,Roam,80,Active,"2023-01-01",20
2276,T84xfl,Roam,80,Active,"2023-01-01",0
2277,mQ8sgz,Residential,120,Active,"2023-01-01",5
2278,GQNWeb,Residential,120,Active,"2023-01-01",10
2279,ctb8Uq,Residential,120,Active,"2023-01-01",20
2280,cYSZTS,Residential,120,Active,"2023-01-01",0
2281,o8iPcx,Residential,120,Cancelled,"2023-01-01",5
2282,o2DRbx,Roam,80,Paused,"2023-01-01",10
2283,"8pIx5F",Mini,50,Active,"2023-01-01",20
2284,x6bW7S,Residential,120,Active,"2023-01-01",0
2285,Xv5jek,Business,250,Paused,"2023-01-01",5
2286,"8VbRmS",Residential,120,Paused,"2023-01-01",10
2287,CcM355,Residential,120,Cancelled,"2023-01-01",20
2288,nuzM1A,Residential,120,Active,"2023-01-01",0
2289,qk0tb1,Residential,120,Active,"2023-01-01",5
2290,F0i5xo,Residential,120,Active,"2023-01-01",10
2291,Rej3as,Residential,120,Paused,"2023-01-01",20
2292,WlTi5n,Residential,120,Active,"2023-01-01",0
2293,OrWXAQ,Roam,80,Active,"2023-01-01",5
2294,HDWViq,Residential,120,Active,"2023-01-01",10
2295,Spbgvr,Roam,80,Cancelled,"2023-01-01",20
2296,Zr20ZU,Roam,80,Cancelled,"2023-01-01",0
2297,yqZv07,Residential,120,Active,"2023-01-01",5
2298,hEQ50E,Mini,50,Active,"2023-01-01",10
2299,Rl3gtv,Roam,80,Active,"2023-01-01",20
2300,Dx2QJw,Residential,120,Active,"2023-01-01",0
2301,"9fNzCW",Residential,120,Active,"2023-01-01",5
2302,H2Fb31,Mini,50,Active,"2023-01-01",10
2303,YzH1D2,Roam,80,Active,"2023-01-01",20
2304,VuUL49,Residential,120,Active,"2023-01-01",0
2305,N65ldq,Residential,120,Paused,"2023-01-01",5
2306,JHjhjR,Business,250,Active,"2023-01-01",10
2307,oreogr,Residential,120,Active,"2023-01-01",20
2308,TpLVll,Residential,120,Active,"2023-01-01",0
2309,vpyRkP,Roam,80,Cancelled,"2023-01-01",5
2310,M38UR8,Mini,50,Active,"2023-01-01",10
2311,rK7xna,Residential,120,Active,"2023-01-01",20
2312,"1lEy9O",Roam,80,Active,"2023-01-01",0
2313,Wjtvwa,Residential,120,Active,"2023-01-01",5
2314,OtJw4J,Roam,80,Active,"2023-01-01",10
2315,"4RIUHy",Mini,50,Active,"2023-01-01",20
2316,"9Lz0pF",Residential,120,Cancelled,"2023-01-01",0
2317,DDnjZb,Residential,120,Active,"2023-01-01",5
2318,Ucsw8Q,Residential,120,Paused,"2023-01-01",10
2319,v2Rra6,Residential,120,Active,"2023-01-01",20
2320,"693IO3",Residential,120,Cancelled,"2023-01-01",0
2321,mnjhdL,Residential,120,Paused,"2023-01-01",5
2322,gu1pwT,Residential,120,Active,"2023-01-01",10
2323,rDilV4,Residential,120,Active,"2023-01-01",20
2324,"0aP90h",Residential,120,Active,"2023-01-01",0
2325,YFjtFi,Residential,120,Paused,"2023-01-01",5
2326,lMwBhd,Residential,120,Active,"2023-01-01",10
2327,Jf6w6X,Residential,120,Active,"2023-01-01",20
2328,WE4Vtp,Residential,120,Cancelled,"2023-01-01",0
2329,AEfgIc,Residential,120,Active,"2023-01-01",5
2330,"1KsMzp",Roam,80,Active,"2023-01-01",10
2331,"4qbePY",Roam,80,Active,"2023-01-01",20
2332,EHYviZ,Roam,80,Active,"2023-01-01",0
2333,"2Gxtt1",Residential,120,Active,"2023-01-01",5
2334,"5hbZvj",Mini,50,Active,"2023-01-01",10
2335,M9cidS,Residential,120,Paused,"2023-01-01",20
2336,"4cNefX",Residential,120,Active,"2023-01-01",0
2337,yQdYDN,Residential,120,Active,"2023-01-01",5
2338,"0xUMYi",Roam,80,Active,"2023-01-01",10
2339,"2quGcz",Residential,120,Active,"2023-01-01",20
2340,"1fvIAV",Residential,120,Paused,"2023-01-01",0
2341,j54Ar9,Residential,120,Paused,"2023-01-01",5
2342,b0Lnyy,Residential,120,Cancelled,"2023-01-01",10
2343,iu7vMz,Residential,120,Cancelled,"2023-01-01",20
2344,tsyBrU,Residential,120,Paused,"2023-01-01",0
2345,"9KNoic",Mini,50,Cancelled,"2023-01-01",5
2346,"6Xj8G1",Residential,120,Active,"2023-01-01",10
2347,AtYNI7,Business,250,Active,"2023-01-01",20
2348,XQKrsK,Business,250,Active,"2023-01-01",0
2349,"0lzRdy",Mini,50,Active,"2023-01-01",5
2350,Ka2i51,Residential,120,Active,"2023-01-01",10
2351,Phr2Kb,Residential,120,Cancelled,"2023-01-01",20
2352,D4qbuq,Residential,120,Active,"2023-01-01",0
2353,IQSnpm,Residential,120,Active,"2023-01-01",5
2354,EjrDrx,Mini,50,Active,"2023-01-01",10
2355,l3MZGG,Residential,120,Cancelled,"2023-01-01",20
2356,jZycGU,Residential,120,Active,"2023-01-01",0
2357,lqwC4l,Residential,120,Active,"2023-01-01",5
2358,lMsogw,Roam,80,Active,"2023-01-01",10
2359,"8bnXvA",Residential,120,Active,"2023-01-01",20
2360,"5WjhcZ",Residential,120,Active,"2023-01-01",0
2361,CMfUcB,Roam,80,Active,"2023-01-01",5
2362,O9MuM1,Residential,120,Active,"2023-01-01",10
2363,"5fUTQr",Residential,120,Cancelled,"2023-01-01",20
2364,Asuq35,Roam,80,Active,"2023-01-01",0
2365,"2CwsIk",Residential,120,Active,"2023-01-01",5
2366,HIe820,Mini,50,Cancelled,"2023-01-01",10
2367,"6Xq7yz",Residential,120,Active,"2023-01-01",20
2368,WzQ62N,Residential,120,Active,"2023-01-01",0
2369,hYzSsf,Residential,120,Paused,"2023-01-01",5
2370,AEeppM,Residential,120,Active,"2023-01-01",10
2371,O2mQ8t,Roam,80,Cancelled,"2023-01-01",20
2372,FdJwsT,Roam,80,Active,"2023-01-01",0
2373,zwGUxm,Residential,120,Cancelled,"2023-01-01",5
2374,QdFiNQ,Residential,120,Active,"2023-01-01",10
2375,vFfxUw,Roam,80,Active,"2023-01-01",20
2376,"0UE6dN",Roam,80,Cancelled,"2023-01-01",0
2377,t46xHr,Residential,120,Active,"2023-01-01",5
2378,"3BYOtD",Roam,80,Active,"2023-01-01",10
2379,"9hm4zu",Residential,120,Active,"2023-01-01",20
2380,fXHzUr,Mini,50,Active,"2023-01-01",0
2381,ZqzwsD,Residential,120,Active,"2023-01-01",5
2382,s78qFw,Residential,120,Active,"2023-01-01",10
2383,"0Wul8B",Residential,120,Active,"2023-01-01",20
2384,OeOcH3,Residential,120,Paused,"2023-01-01",0
2385,P3d2Gl,Residential,120,Active,"2023-01-01",5
2386,sy07fn,Residential,120,Paused,"2023-01-01",10
2387,"69ipBT",Roam,80,Active,"2023-01-01",20
2388,QUYKN0,Business,250,Active,"2023-01-01",0
2389,PHvK7X,Residential,120,Cancelled,"2023-01-01",5
2390,yA4ZdH,Roam,80,Active,"2023-01-01",10
2391,MnlUI0,Business,250,Paused,"2023-01-01",20
2392,t9lKcv,Residential,120,Active,"2023-01-01",0
2393,"2mmpMj",Residential,120,Cancelled,"2023-01-01",5
2394,jaGS0t,Roam,80,Active,"2023-01-01",10
2395,DvBTvu,Residential,120,Active,"2023-01-01",20
2396,dU2foZ,Business,250,Active,"2023-01-01",0
2397,"6KQD2J",Roam,80,Active,"2023-01-01",5
2398,iMb2JQ,Residential,120,Active,"2023-01-01",10
2399,D8qKgN,Mini,50,Cancelled,"2023-01-01",20
2400,lFiNuF,Residential,120,Active,"2023-01-01",0
2401,holIdk,Residential,120,Active,"2023-01-01",5
2402,CGIlbc,Residential,120,Paused,"2023-01-01",10
2403,xKcRN1,Residential,120,Active,"2023-01-01",20
2404,sFsXLA,Roam,80,Active,"2023-01-01",0
2405,vJc3Bi,Residential,120,Paused,"2023-01-01",5
2406,L15dwH,Residential,120,Active,"2023-01-01",10
2407,VMkZnq,Residential,120,Active,"2023-01-01",20
2408,gWg93o,Residential,120,Active,"2023-01-01",0
2409,"5ySIqz",Residential,120,Paused,"2023-01-01",5
2410,r23IHf,Mini,50,Active,"2023-01-01",10
2411,MnsLuZ,Mini,50,Active,"2023-01-01",20
2412,h28zXi,Residential,120,Active,"2023-01-01",0
2413,g07ilp,Business,250,Active,"2023-01-01",5
2414,fjSNTt,Residential,120,Active,"2023-01-01",10
2415,pPhyJq,Residential,120,Active,"2023-01-01",20
2416,qlXPHo,Residential,120,Active,"2023-01-01",0
2417,FbszVu,Roam,80,Active,"2023-01-01",5
2418,"6gANcT",Residential,120,Active,"2023-01-01",10
2419,nANNR9,Roam,80,Active,"2023-01-01",20
2420,"3dTyO6",Roam,80,Active,"2023-01-01",0
2421,l9EgBO,Residential,120,Active,"2023-01-01",5
2422,qjQFPR,Roam,80,Active,"2023-01-01",10
2423,hK51F1,Residential,120,Cancelled,"2023-01-01",20
2424,YO6892,Residential,120,Active,"2023-01-01",0
2425,uFLWoj,Roam,80,Active,"2023-01-01",5
2426,K2pZT0,Residential,120,Active,"2023-01-01",10
2427,ThmuoH,Residential,120,Active,"2023-01-01",20
2428,"24qfUc",Roam,80,Paused,"2023-01-01",0
2429,Vo5NqX,Residential,120,Paused,"2023-01-01",5
2430,A9MZp4,Residential,120,Paused,"2023-01-01",10
2431,oC8Kyc,Residential,120,Active,"2023-01-01",20
2432,WXNJN3,Business,250,Paused,"2023-01-01",0
2433,"3Lej2Q",Residential,120,Active,"2023-01-01",5
2434,JThyL2,Residential,120,Cancelled,"2023-01-01",10
2435,Y1OZNV,Business,250,Active,"2023-01-01",20
2436,"5RkRHz",Business,250,Active,"2023-01-01",0
2437,Y34UtS,Residential,120,Active,"2023-01-01",5
2438,RqX9Q5,Mini,50,Active,"2023-01-01",10
2439,"63Z3WZ",Residential,120,Active,"2023-01-01",20
2440,eFZK4Z,Residential,120,Active,"2023-01-01",0
2441,"7P6j77",Roam,80,Cancelled,"2023-01-01",5
2442,u09Ldq,Residential,120,Active,"2023-01-01",10
2443,tUPigS,Residential,120,Active,"2023-01-01",20
2444,d0ncno,Roam,80,Cancelled,"2023-01-01",0
2445,"13QpK3",Residential,120,Paused,"2023-01-01",5
2446,HMQ3m5,Residential,120,Active,"2023-01-01",10
2447,cSLD8K,Residential,120,Active,"2023-01-01",20
2448,U95uvn,Residential,120,Active,"2023-01-01",0
2449,nE9I9e,Business,250,Active,"2023-01-01",5
2450,FzI13a,Residential,120,Cancelled,"2023-01-01",10
2451,v8OOr4,Business,250,Paused,"2023-01-01",20
2452,CQizoX,Residential,120,Active,"2023-01-01",0
2453,ffT6Uh,Business,250,Active,"2023-01-01",5
2454,"7yPiyC",Residential,120,Active,"2023-01-01",10
2455,HgYnIQ,Residential,120,Active,"2023-01-01",20
2456,s8Oin7,Residential,120,Active,"2023-01-01",0
2457,dFo9xb,Residential,120,Active,"2023-01-01",5
2458,"0TP1XQ",Mini,50,Active,"2023-01-01",10
2459,CW8zKi,Residential,120,Active,"2023-01-01",20
2460,W1lLaY,Residential,120,Active,"2023-01-01",0
2461,G4ZpZD,Roam,80,Active,"2023-01-01",5
2462,XcEGK0,Residential,120,Active,"2023-01-01",10
2463,S2vOdB,Residential,120,Cancelled,"2023-01-01",20
2464,Xr3H71,Roam,80,Active,"2023-01-01",0
2465,P4cTuU,Roam,80,Active,"2023-01-01",5
2466,TgYjKx,Residential,120,Active,"2023-01-01",10
2467,lMp7ED,Residential,120,Active,"2023-01-01",20
2468,ETObkl,Residential,120,Paused,"2023-01-01",0
2469,kBFTVY,Residential,120,Active,"2023-01-01",5
2470,bQv9DU,Mini,50,Active,"2023-01-01",10
2471,KDNggt,Mini,50,Paused,"2023-01-01",20
2472,DBCHTQ,Residential,120,Active,"2023-01-01",0
2473,wkhIu2,Residential,120,Cancelled,"2023-01-01",5
2474,HxEAUn,Residential,120,Active,"2023-01-01",10
2475,XDlMml,Roam,80,Active,"2023-01-01",20
2476,wPLtxR,Residential,120,Active,"2023-01-01",0
2477,ytOCDv,Business,250,Active,"2023-01-01",5
2478,WuM5RE,Residential,120,Active,"2023-01-01",10
2479,ALZnVD,Roam,80,Active,"2023-01-01",20
2480,uwvvMf,Roam,80,Active,"2023-01-01",0
2481,VZocvu,Residential,120,Active,"2023-01-01",5
2482,QkhZKp,Roam,80,Active,"2023-01-01",10
2483,"66pdDG",Residential,120,Active,"2023-01-01",20
2484,Qid9Mc,Residential,120,Active,"2023-01-01",0
2485,WzzJOD,Residential,120,Active,"2023-01-01",5
2486,muo2t4,Roam,80,Active,"2023-01-01",10
2487,A2GFvU,Mini,50,Active,"2023-01-01",20
2488,"3UQXO4",Residential,120,Active,"2023-01-01",0
2489,"4VIOGw",Residential,120,Active,"2023-01-01",5
2490,YoY3gg,Residential,120,Paused,"2023-01-01",10
2491,"8wXD16",Residential,120,Active,"2023-01-01",20
2492,"5EPXWl",Residential,120,Paused,"2023-01-01",0
2493,JnO4nI,Business,250,Active,"2023-01-01",5
2494,"6UpIlb",Roam,80,Active,"2023-01-01",10
2495,wp0Rj2,Residential,120,Cancelled,"2023-01-01",20
2496,t1LXmZ,Residential,120,Active,"2023-01-01",0
2497,hkFaa4,Residential,120,Active,"2023-01-01",5
2498,ICbaq7,Residential,120,Paused,"2023-01-01",10
2499,ID4Hpb,Roam,80,Active,"2023-01-01",20
2500,rbLOFz,Residential,120,Active,"2023-01-01",0
2501,uCZKOn,Residential,120,Active,"2023-01-01",5
2502,"3bXO10",Roam,80,Active,"2023-01-01",10
2503,Zon34N,Residential,120,Cancelled,"2023-01-01",20
2504,GYEalT,Residential,120,Paused,"2023-01-01",0
2505,"8tTJM3",Mini,50,Active,"2023-01-01",5
2506,H08twQ,Residential,120,Active,"2023-01-01",10
2507,Sbi9sM,Residential,120,Active,"2023-01-01",20
2508,uLSjba,Residential,120,Active,"2023-01-01",0
2509,h60amp,Residential,120,Active,"2023-01-01",5
2510,rERg1i,Residential,120,Paused,"2023-01-01",10
2511,t2wsgo,Residential,120,Paused,"2023-01-01",20
2512,"0dfACL",Business,250,Active,"2023-01-01",0
2513,cnanoM,Residential,120,Active,"2023-01-01",5
2514,"02q49I",Residential,120,Active,"2023-01-01",10
2515,F5kku9,Business,250,Active,"2023-01-01",20
2516,hCiDjI,Roam,80,Active,"2023-01-01",0
2517,lcyuTF,Roam,80,Active,"2023-01-01",5
2518,lKQqXq,Residential,120,Active,"2023-01-01",10
2519,k5bZAG,Mini,50,Active,"2023-01-01",20
2520,"2pmgH3",Business,250,Active,"2023-01-01",0
2521,JDfwU2,Business,250,Active,"2023-01-01",5
2522,"64sfvV",Residential,120,Paused,"2023-01-01",10
2523,Ld9nOr,Residential,120,Cancelled,"2023-01-01",20
2524,Xtwszn,Mini,50,Active,"2023-01-01",0
2525,kGv14Y,Residential,120,Active,"2023-01-01",5
2526,"7fpShs",Business,250,Active,"2023-01-01",10
2527,Zlvb0p,Residential,120,Paused,"2023-01-01",20
2528,Aq6HXW,Roam,80,Active,"2023-01-01",0
2529,qI5Uhc,Residential,120,Active,"2023-01-01",5
2530,"0YJE0u",Residential,120,Active,"2023-01-01",10
2531,Sx0Eil,Roam,80,Active,"2023-01-01",20
2532,zo2q7P,Residential,120,Active,"2023-01-01",0
2533,a5Gtrg,Residential,120,Active,"2023-01-01",5
2534,ciJER1,Residential,120,Cancelled,"2023-01-01",10
2535,hIQE8O,Residential,120,Cancelled,"2023-01-01",20
2536,S1HTEk,Roam,80,Active,"2023-01-01",0
2537,b2I4nd,Business,250,Active,"2023-01-01",5
2538,uz5Dx5,Residential,120,Active,"2023-01-01",10
2539,T2FNwz,Residential,120,Active,"2023-01-01",20
2540,"4nsig9",Residential,120,Paused,"2023-01-01",0
2541,EvGNpq,Mini,50,Active,"2023-01-01",5
2542,dNOa1Y,Residential,120,Active,"2023-01-01",10
2543,F344eh,Roam,80,Active,"2023-01-01",20
2544,eVDnty,Roam,80,Active,"2023-01-01",0
2545,VPuvVd,Roam,80,Active,"2023-01-01",5
2546,gNl86G,Residential,120,Active,"2023-01-01",10
2547,M9NOtJ,Residential,120,Active,"2023-01-01",20
2548,"0FFdVA",Residential,120,Active,"2023-01-01",0
2549,D9Q5xV,Roam,80,Active,"2023-01-01",5
2550,"6Pxdwu",Business,250,Cancelled,"2023-01-01",10
2551,skepz0,Residential,120,Active,"2023-01-01",20
2552,"076BrN",Mini,50,Paused,"2023-01-01",0
2553,rcjDNt,Business,250,Active,"2023-01-01",5
2554,mXofKO,Residential,120,Active,"2023-01-01",10
2555,"37qBWX",Residential,120,Active,"2023-01-01",20
2556,cmNIlg,Roam,80,Active,"2023-01-01",0
2557,SZZfZS,Roam,80,Active,"2023-01-01",5
2558,L6Nnj0,Business,250,Active,"2023-01-01",10
2559,nG6aJo,Business,250,Active,"2023-01-01",20
2560,JppTQO,Residential,120,Active,"2023-01-01",0
2561,D20NVn,Residential,120,Cancelled,"2023-01-01",5
2562,gTQ1C8,Roam,80,Active,"2023-01-01",10
2563,sZ7dqI,Residential,120,Active,"2023-01-01",20
2564,"9nu6yF",Residential,120,Active,"2023-01-01",0
2565,rmi8oT,Residential,120,Active,"2023-01-01",5
2566,"7J1j1Q",Residential,120,Cancelled,"2023-01-01",10
2567,cNCHKu,Mini,50,Active,"2023-01-01",20
2568,zlne99,Roam,80,Active,"2023-01-01",0
2569,aj2seo,Residential,120,Paused,"2023-01-01",5
2570,"6dra7L",Business,250,Active,"2023-01-01",10
2571,nk1Iln,Roam,80,Active,"2023-01-01",20
2572,"0ca4Lx",Roam,80,Cancelled,"2023-01-01",0
2573,HNMUKR,Mini,50,Active,"2023-01-01",5
2574,DF0eAH,Residential,120,Active,"2023-01-01",10
2575,C98jD7,Residential,120,Active,"2023-01-01",20
2576,I63E2s,Business,250,Paused,"2023-01-01",0
2577,Px0I9d,Roam,80,Active,"2023-01-01",5
2578,tSMlh7,Residential,120,Paused,"2023-01-01",10
2579,JYBpIe,Roam,80,Active,"2023-01-01",20
2580,DeTn1V,Residential,120,Active,"2023-01-01",0
2581,h9RNKp,Residential,120,Cancelled,"2023-01-01",5
2582,KtlIgI,Residential,120,Active,"2023-01-01",10
2583,dGOfNI,Residential,120,Active,"2023-01-01",20
2584,fs6yB1,Business,250,Active,"2023-01-01",0
2585,"1vfHeh",Residential,120,Active,"2023-01-01",5
2586,oo4LPI,Mini,50,Paused,"2023-01-01",10
2587,XVzHTa,Mini,50,Paused,"2023-01-01",20
2588,WbYMmW,Roam,80,Active,"2023-01-01",0
2589,jMEXi1,Business,250,Active,"2023-01-01",5
2590,LFrAZT,Roam,80,Active,"2023-01-01",10
2591,bs7Qh4,Residential,120,Active,"2023-01-01",20
2592,q0XdM9,Business,250,Cancelled,"2023-01-01",0
2593,nYCsXo,Roam,80,Cancelled,"2023-01-01",5
2594,"0qJjxW",Roam,80,Active,"2023-01-01",10
2595,qoAxj7,Residential,120,Cancelled,"2023-01-01",20
2596,GWl1YV,Roam,80,Active,"2023-01-01",0
2597,tJJr5s,Roam,80,Active,"2023-01-01",5
2598,ecFQCQ,Residential,120,Active,"2023-01-01",10
2599,Sy540J,Roam,80,Cancelled,"2023-01-01",20
2600,azf1WG,Residential,120,Active,"2023-01-01",0
2601,YdAhBz,Residential,120,Active,"2023-01-01",5
2602,"4Qekxn",Residential,120,Active,"2023-01-01",10
2603,wseHC6,Residential,120,Active,"2023-01-01",20
2604,C3CzxA,Mini,50,Active,"2023-01-01",0
2605,JGuvM3,Business,250,Active,"2023-01-01",5
2606,pvr6Sg,Roam,80,Active,"2023-01-01",10
2607,"0R1M34",Residential,120,Paused,"2023-01-01",20
2608,"0UjaqA",Roam,80,Active,"2023-01-01",0
2609,otbCwN,Business,250,Cancelled,"2023-01-01",5
2610,fdXIJo,Residential,120,Active,"2023-01-01",10
2611,ITnxMG,Roam,80,Active,"2023-01-01",20
2612,VlBH09,Residential,120,Active,"2023-01-01",0
2613,R3056f,Residential,120,Active,"2023-01-01",5
2614,DrMMdj,Residential,120,Active,"2023-01-01",10
2615,"8GJzeV",Residential,120,Paused,"2023-01-01",20
2616,pIn8sr,Residential,120,Active,"2023-01-01",0
2617,u8zF9O,Business,250,Active,"2023-01-01",5
2618,AwXiv6,Business,250,Cancelled,"2023-01-01",10
2619,NK2Rsy,Mini,50,Active,"2023-01-01",20
2620,"2bnfTy",Residential,120,Active,"2023-01-01",0
2621,"90h7WN",Mini,50,Paused,"2023-01-01",5
2622,Nt6vfR,Residential,120,Active,"2023-01-01",10
2623,KP950A,Business,250,Cancelled,"2023-01-01",20
2624,PqPEBq,Residential,120,Cancelled,"2023-01-01",0
2625,o24iqA,Residential,120,Active,"2023-01-01",5
2626,"92BWed",Business,250,Active,"2023-01-01",10
2627,hQ3Bvp,Mini,50,Active,"2023-01-01",20
2628,nf7XA2,Residential,120,Active,"2023-01-01",0
2629,dPwubo,Residential,120,Active,"2023-01-01",5
2630,vNU0J8,Residential,120,Paused,"2023-01-01",10
2631,pauXQK,Residential,120,Active,"2023-01-01",20
2632,ukZ9ki,Mini,50,Paused,"2023-01-01",0
2633,JyulDg,Residential,120,Active,"2023-01-01",5
2634,tQlME6,Business,250,Active,"2023-01-01",10
2635,"8Ctqui",Business,250,Active,"2023-01-01",20
2636,"4sHISn",Residential,120,Active,"2023-01-01",0
2637,NVtr7Z,Roam,80,Active,"2023-01-01",5
2638,W65ySP,Business,250,Active,"2023-01-01",10
2639,MIonXq,Roam,80,Active,"2023-01-01",20
2640,"0tiYej",Residential,120,Active,"2023-01-01",0
2641,VJ8dX0,Roam,80,Active,"2023-01-01",5
2642,"8Gqiof",Roam,80,Active,"2023-01-01",10
2643,"2Zgkgg",Residential,120,Active,"2023-01-01",20
2644,"3aaoKM",Residential,120,Active,"2023-01-01",0
2645,KkgYQy,Roam,80,Active,"2023-01-01",5
2646,"5Ux9iw",Mini,50,Active,"2023-01-01",10
2647,gKcX3O,Residential,120,Active,"2023-01-01",20
2648,k5Sr80,Residential,120,Active,"2023-01-01",0
2649,"4jMIKV",Residential,120,Active,"2023-01-01",5
2650,DZKUzk,Residential,120,Active,"2023-01-01",10
2651,YRsMfi,Residential,120,Active,"2023-01-01",20
2652,QQ2bYt,Residential,120,Active,"2023-01-01",0
2653,KnlI4g,Residential,120,Active,"2023-01-01",5
2654,W3Q6sm,Residential,120,Active,"2023-01-01",10
2655,ziOpDZ,Business,250,Active,"2023-01-01",20
2656,Oupbto,Residential,120,Cancelled,"2023-01-01",0
2657,vLZOQc,Residential,120,Active,"2023-01-01",5
2658,is1bUO,Residential,120,Active,"2023-01-01",10
2659,vzGyQ9,Residential,120,Active,"2023-01-01",20
2660,jQVdbl,Residential,120,Active,"2023-01-01",0
2661,"2kkH8p",Roam,80,Cancelled,"2023-01-01",5
2662,I4Ckdd,Residential,120,Paused,"2023-01-01",10
2663,qesye3,Residential,120,Active,"2023-01-01",20
2664,Fx84Vq,Residential,120,Paused,"2023-01-01",0
2665,MuNgGe,Roam,80,Active,"2023-01-01",5
2666,DK76Rv,Residential,120,Active,"2023-01-01",10
2667,QEM4yN,Residential,120,Active,"2023-01-01",20
2668,guMDju,Residential,120,Active,"2023-01-01",0
2669,uPXeDt,Roam,80,Active,"2023-01-01",5
2670,"8JiZXV",Residential,120,Active,"2023-01-01",10
2671,Jk7Bys,Residential,120,Active,"2023-01-01",20
2672,"4Otqsj",Mini,50,Active,"2023-01-01",0
2673,wyJmIe,Mini,50,Active,"2023-01-01",5
2674,UQwWq9,Roam,80,Active,"2023-01-01",10
2675,"68JjJ4",Residential,120,Active,"2023-01-01",20
2676,vrzCpC,Business,250,Active,"2023-01-01",0
2677,XGaVXv,Business,250,Cancelled,"2023-01-01",5
2678,"2fbgOc",Business,250,Active,"2023-01-01",10
2679,OYyP3L,Roam,80,Active,"2023-01-01",20
2680,zMeFW3,Residential,120,Active,"2023-01-01",0
2681,iz9JLq,Residential,120,Active,"2023-01-01",5
2682,MdvwhD,Residential,120,Paused,"2023-01-01",10
2683,Kk7RbW,Residential,120,Active,"2023-01-01",20
2684,D8ziem,Roam,80,Active,"2023-01-01",0
2685,WZGI7t,Residential,120,Active,"2023-01-01",5
2686,yKrXmC,Residential,120,Active,"2023-01-01",10
2687,JHO5ET,Residential,120,Active,"2023-01-01",20
2688,qr34ri,Roam,80,Active,"2023-01-01",0
2689,ZgnbDr,Business,250,Active,"2023-01-01",5
2690,hPrfWv,Mini,50,Active,"2023-01-01",10
2691,xAF0ox,Residential,120,Active,"2023-01-01",20
2692,FIz5TN,Residential,120,Active,"2023-01-01",0
2693,HosQyj,Roam,80,Active,"2023-01-01",5
2694,mfpQ0x,Business,250,Cancelled,"2023-01-01",10
2695,MlaVCm,Residential,120,Cancelled,"2023-01-01",20
2696,w1obNU,Mini,50,Active,"2023-01-01",0
2697,wUZ84N,Residential,120,Active,"2023-01-01",5
2698,ILbnv8,Business,250,Cancelled,"2023-01-01",10
2699,"4WIuZt",Residential,120,Active,"2023-01-01",20
2700,"9A5k1Z",Residential,120,Active,"2023-01-01",0
2701,NFLyuI,Business,250,Cancelled,"2023-01-01",5
2702,GRfPpv,Roam,80,Cancelled,"2023-01-01",10
2703,qBevMT,Residential,120,Active,"2023-01-01",20
2704,"8J4cU2",Roam,80,Active,"2023-01-01",0
2705,BtDVNw,Residential,120,Active,"2023-01-01",5
2706,lqNWNS,Residential,120,Active,"2023-01-01",10
2707,a7rP3U,Residential,120,Paused,"2023-01-01",20
2708,mljtLH,Residential,120,Active,"2023-01-01",0
2709,HOBTFm,Mini,50,Active,"2023-01-01",5
2710,dRSxf4,Residential,120,Active,"2023-01-01",10
2711,"5JJcEq",Business,250,Active,"2023-01-01",20
2712,"7x4rQt",Mini,50,Active,"2023-01-01",0
2713,oMSygT,Roam,80,Active,"2023-01-01",5
2714,mOxDJ0,Mini,50,Active,"2023-01-01",10
2715,xNbnsK,Residential,120,Active,"2023-01-01",20
2716,URzf9l,Roam,80,Active,"2023-01-01",0
2717,j1GXwo,Business,250,Active,"2023-01-01",5
2718,kVetxL,Residential,120,Active,"2023-01-01",10
2719,s51j1R,Mini,50,Cancelled,"2023-01-01",20
2720,lZylcV,Residential,120,Active,"2023-01-01",0
2721,ap0vn5,Business,250,Cancelled,"2023-01-01",5
2722,LPkuUC,Residential,120,Cancelled,"2023-01-01",10
2723,"8X9J3M",Business,250,Active,"2023-01-01",20
2724,F1ROCz,Mini,50,Paused,"2023-01-01",0
2725,I4HqXA,Roam,80,Active,"2023-01-01",5
2726,ATYrGk,Residential,120,Active,"2023-01-01",10
2727,HC6XYX,Residential,120,Active,"2023-01-01",20
2728,"2dpsax",Residential,120,Active,"2023-01-01",0
2729,B2UMnb,Roam,80,Active,"2023-01-01",5
2730,oCUmOk,Residential,120,Active,"2023-01-01",10
2731,scEjcj,Residential,120,Paused,"2023-01-01",20
2732,kpIxMi,Residential,120,Active,"2023-01-01",0
2733,QpY7NE,Business,250,Active,"2023-01-01",5
2734,ZsAbJx,Business,250,Active,"2023-01-01",10
2735,Nq9ZgD,Mini,50,Active,"2023-01-01",20
2736,Uj896i,Residential,120,Paused,"2023-01-01",0
2737,HMrfMV,Residential,120,Cancelled,"2023-01-01",5
2738,"0NGB3T",Residential,120,Active,"2023-01-01",10
2739,"95P6Ot",Roam,80,Cancelled,"2023-01-01",20
2740,"2Dm7tO",Residential,120,Active,"2023-01-01",0
2741,l55C9K,Roam,80,Paused,"2023-01-01",5
2742,RyuXzQ,Residential,120,Active,"2023-01-01",10
2743,zVA98G,Residential,120,Active,"2023-01-01",20
2744,pDgZpA,Roam,80,Active,"2023-01-01",0
2745,hDzNch,Residential,120,Active,"2023-01-01",5
2746,C65akY,Residential,120,Active,"2023-01-01",10
2747,vOTEfH,Residential,120,Active,"2023-01-01",20
2748,eEWu4c,Residential,120,Active,"2023-01-01",0
2749,GoEd9S,Roam,80,Active,"2023-01-01",5
2750,SvL3Et,Residential,120,Active,"2023-01-01",10
2751,pi4ojs,Roam,80,Active,"2023-01-01",20
2752,YMNb5Z,Residential,120,Active,"2023-01-01",0
2753,HGlTGU,Residential,120,Active,"2023-01-01",5
2754,"5FbQDx",Business,250,Active,"2023-01-01",10
2755,SVUVpg,Business,250,Active,"2023-01-01",20
2756,rRe5e2,Residential,120,Paused,"2023-01-01",0
2757,HKvrWS,Residential,120,Active,"2023-01-01",5
2758,MZoPjp,Residential,120,Paused,"2023-01-01",10
2759,"70P8QK",Residential,120,Active,"2023-01-01",20
2760,VmI5BR,Residential,120,Active,"2023-01-01",0
2761,uGFk6Z,Residential,120,Active,"2023-01-01",5
2762,FExsEc,Residential,120,Active,"2023-01-01",10
2763,TUVmi9,Roam,80,Cancelled,"2023-01-01",20
2764,c5L6Tu,Business,250,Active,"2023-01-01",0
2765,Wp21eJ,Residential,120,Active,"2023-01-01",5
2766,qpiaj8,Residential,120,Paused,"2023-01-01",10
2767,"4UcvIP",Residential,120,Active,"2023-01-01",20
2768,FUlQaz,Roam,80,Active,"2023-01-01",0
2769,YWXONg,Residential,120,Active,"2023-01-01",5
2770,Pjmqkf,Residential,120,Active,"2023-01-01",10
2771,oqRF8y,Roam,80,Cancelled,"2023-01-01",20
2772,TAhCtK,Roam,80,Active,"2023-01-01",0
2773,ER0Nl7,Residential,120,Active,"2023-01-01",5
2774,EZJDvM,Residential,120,Active,"2023-01-01",10
2775,XHXaVD,Residential,120,Active,"2023-01-01",20
2776,vkByhw,Business,250,Active,"2023-01-01",0
2777,m9ZOwd,Residential,120,Active,"2023-01-01",5
2778,mgv3r4,Residential,120,Active,"2023-01-01",10
2779,Xqw36t,Residential,120,Active,"2023-01-01",20
2780,eykJXm,Residential,120,Active,"2023-01-01",0
2781,rfILLW,Residential,120,Paused,"2023-01-01",5
2782,"9wojvA",Residential,120,Active,"2023-01-01",10
2783,OeNVM6,Residential,120,Active,"2023-01-01",20
2784,Os6zP0,Roam,80,Active,"2023-01-01",0
2785,aMntD4,Residential,120,Active,"2023-01-01",5
2786,"2T2GZ1",Residential,120,Active,"2023-01-01",10
2787,"7IoESA",Residential,120,Active,"2023-01-01",20
2788,"2nEqai",Residential,120,Paused,"2023-01-01",0
2789,WPbJb6,Residential,120,Cancelled,"2023-01-01",5
2790,chsHph,Residential,120,Active,"2023-01-01",10
2791,Jnnk7U,Residential,120,Active,"2023-01-01",20
2792,chMKgY,Residential,120,Active,"2023-01-01",0
2793,xdbg1R,Residential,120,Cancelled,"2023-01-01",5
2794,"4PpQSL",Business,250,Active,"2023-01-01",10
2795,"4esubu",Roam,80,Active,"2023-01-01",20
2796,HE60Dl,Residential,120,Active,"2023-01-01",0
2797,vxHks5,Roam,80,Active,"2023-01-01",5
2798,gV0Lh8,Residential,120,Active,"2023-01-01",10
2799,EpiMDS,Residential,120,Active,"2023-01-01",20
2800,GEr3u7,Roam,80,Active,"2023-01-01",0
2801,dv1jQe,Residential,120,Active,"2023-01-01",5
2802,VGakvt,Roam,80,Active,"2023-01-01",10
2803,"0hg4uy",Residential,120,Active,"2023-01-01",20
2804,YOsspt,Residential,120,Cancelled,"2023-01-01",0
2805,zunQRn,Residential,120,Active,"2023-01-01",5
2806,sxCMsX,Roam,80,Active,"2023-01-01",10
2807,"3zElhE",Residential,120,Active,"2023-01-01",20
2808,sZjfqW,Roam,80,Paused,"2023-01-01",0
2809,PZRVfh,Mini,50,Active,"2023-01-01",5
2810,tJRrYL,Residential,120,Active,"2023-01-01",10
2811,jtvtTO,Residential,120,Active,"2023-01-01",20
2812,nDcjle,Residential,120,Active,"2023-01-01",0
2813,foccjD,Mini,50,Active,"2023-01-01",5
2814,iVz2S8,Residential,120,Active,"2023-01-01",10
2815,zlOKO8,Business,250,Active,"2023-01-01",20
2816,Pq9bzC,Mini,50,Active,"2023-01-01",0
2817,BAnAwT,Roam,80,Active,"2023-01-01",5
2818,hQ4iwf,Residential,120,Active,"2023-01-01",10
2819,WLNuf2,Residential,120,Active,"2023-01-01",20
2820,cipP2A,Residential,120,Active,"2023-01-01",0
2821,XjgyBH,Residential,120,Cancelled,"2023-01-01",5
2822,fayrYj,Residential,120,Cancelled,"2023-01-01",10
2823,i8uVNj,Residential,120,Active,"2023-01-01",20
2824,"4OcVRY",Business,250,Active,"2023-01-01",0
2825,V0q30Z,Residential,120,Paused,"2023-01-01",5
2826,cm4wDC,Mini,50,Active,"2023-01-01",10
2827,lJy6o1,Roam,80,Active,"2023-01-01",20
2828,wwR9c8,Roam,80,Active,"2023-01-01",0
2829,Swmc3X,Mini,50,Active,"2023-01-01",5
2830,"2Ys8yv",Roam,80,Active,"2023-01-01",10
2831,ADdMid,Roam,80,Cancelled,"2023-01-01",20
2832,Y2ndrU,Residential,120,Active,"2023-01-01",0
2833,"1yiBd7",Roam,80,Cancelled,"2023-01-01",5
2834,DCQSCo,Residential,120,Active,"2023-01-01",10
2835,usHaMv,Residential,120,Cancelled,"2023-01-01",20
2836,nfp7G2,Residential,120,Active,"2023-01-01",0
2837,"9tuojj",Roam,80,Active,"2023-01-01",5
2838,enGVHA,Residential,120,Active,"2023-01-01",10
2839,ZdVmg9,Residential,120,Cancelled,"2023-01-01",20
2840,sRX4I8,Roam,80,Active,"2023-01-01",0
2841,YcDmzs,Residential,120,Active,"2023-01-01",5
2842,m2L3rA,Residential,120,Active,"2023-01-01",10
2843,iQB66c,Residential,120,Cancelled,"2023-01-01",20
2844,erJYeC,Residential,120,Active,"2023-01-01",0
2845,Zbziaz,Roam,80,Active,"2023-01-01",5
2846,bW7vft,Business,250,Cancelled,"2023-01-01",10
2847,"0Ym4Od",Residential,120,Active,"2023-01-01",20
2848,yqwcja,Residential,120,Active,"2023-01-01",0
2849,FEsALo,Residential,120,Active,"2023-01-01",5
2850,kf1AKm,Residential,120,Cancelled,"2023-01-01",10
2851,X1PO0H,Residential,120,Paused,"2023-01-01",20
2852,BeRbZG,Residential,120,Active,"2023-01-01",0
2853,iuWuzO,Business,250,Cancelled,"2023-01-01",5
2854,pSticw,Residential,120,Active,"2023-01-01",10
2855,"4GSy3V",Roam,80,Active,"2023-01-01",20
2856,ijldez,Residential,120,Active,"2023-01-01",0
2857,NKfSLU,Residential,120,Active,"2023-01-01",5
2858,"8qizXb",Residential,120,Active,"2023-01-01",10
2859,CRtLSQ,Residential,120,Active,"2023-01-01",20
2860,ChMbyI,Mini,50,Active,"2023-01-01",0
2861,dn55ND,Residential,120,Active,"2023-01-01",5
2862,lr3H8g,Residential,120,Active,"2023-01-01",10
2863,"1jhkQQ",Residential,120,Active,"2023-01-01",20
2864,LW7slQ,Business,250,Active,"2023-01-01",0
2865,nCNjrD,Residential,120,Active,"2023-01-01",5
2866,bzGuUd,Residential,120,Cancelled,"2023-01-01",10
2867,rEVpjF,Residential,120,Active,"2023-01-01",20
2868,KgerUT,Residential,120,Active,"2023-01-01",0
2869,"33YUX1",Residential,120,Cancelled,"2023-01-01",5
2870,EAblHl,Business,250,Active,"2023-01-01",10
2871,JjNMIZ,Residential,120,Active,"2023-01-01",20
2872,FN274U,Residential,120,Active,"2023-01-01",0
2873,wgyli8,Residential,120,Active,"2023-01-01",5
2874,Pxm9cr,Residential,120,Active,"2023-01-01",10
2875,PsnR7L,Residential,120,Active,"2023-01-01",20
2876,xbe2ag,Residential,120,Active,"2023-01-01",0
2877,RGCSeJ,Residential,120,Paused,"2023-01-01",5
2878,"7neCJH",Mini,50,Active,"2023-01-01",10
2879,"4pZdi7",Business,250,Active,"2023-01-01",20
2880,ctZyHB,Residential,120,Paused,"2023-01-01",0
2881,Pbq4Gy,Roam,80,Cancelled,"2023-01-01",5
2882,LRAKMt,Residential,120,Active,"2023-01-01",10
2883,HJN3pV,Mini,50,Cancelled,"2023-01-01",20
2884,FyE8Mv,Residential,120,Active,"2023-01-01",0
2885,"2gHahk",Mini,50,Cancelled,"2023-01-01",5
2886,LnQlCR,Business,250,Active,"2023-01-01",10
2887,Ru99Kp,Roam,80,Active,"2023-01-01",20
2888,JMTKTo,Residential,120,Active,"2023-01-01",0
2889,"1ZJGpI",Residential,120,Paused,"2023-01-01",5
2890,aX3QjB,Roam,80,Paused,"2023-01-01",10
2891,pRSvY8,Residential,120,Cancelled,"2023-01-01",20
2892,"4PF002",Residential,120,Active,"2023-01-01",0
2893,x9sEXi,Residential,120,Active,"2023-01-01",5
2894,ydoj9Q,Residential,120,Active,"2023-01-01",10
2895,qAIXSu,Residential,120,Active,"2023-01-01",20
2896,"3EAX4l",Business,250,Active,"2023-01-01",0
2897,abPbYb,Roam,80,Paused,"2023-01-01",5
2898,"0diBKT",Roam,80,Active,"2023-01-01",10
2899,KT8sHE,Residential,120,Active,"2023-01-01",20
2900,SWHkm1,Residential,120,Active,"2023-01-01",0
2901,fjBANe,Residential,120,Active,"2023-01-01",5
2902,klpbyQ,Roam,80,Active,"2023-01-01",10
2903,"93ryBO",Residential,120,Active,"2023-01-01",20
2904,Kw3knH,Residential,120,Active,"2023-01-01",0
2905,pqjSCb,Roam,80,Paused,"2023-01-01",5
2906,ikdUtq,Roam,80,Paused,"2023-01-01",10
2907,mzJ0S8,Roam,80,Active,"2023-01-01",20
2908,UcKJw9,Residential,120,Paused,"2023-01-01",0
2909,"6nRRZk",Residential,120,Active,"2023-01-01",5
2910,z8DiZf,Roam,80,Active,"2023-01-01",10
2911,P1Oubt,Residential,120,Active,"2023-01-01",20
2912,piAMoz,Residential,120,Paused,"2023-01-01",0
2913,csmFGe,Roam,80,Active,"2023-01-01",5
2914,"0h1cen",Residential,120,Cancelled,"2023-01-01",10
2915,"3NBX7r",Residential,120,Active,"2023-01-01",20
2916,Yjyw7y,Residential,120,Paused,"2023-01-01",0
2917,"9KunKE",Residential,120,Active,"2023-01-01",5
2918,JO4yLm,Business,250,Active,"2023-01-01",10
2919,"7vIsUE",Residential,120,Active,"2023-01-01",20
2920,kYYlKN,Residential,120,Active,"2023-01-01",0
2921,u7fJwQ,Residential,120,Cancelled,"2023-01-01",5
2922,MCVlbR,Business,250,Cancelled,"2023-01-01",10
2923,"54ENDZ",Residential,120,Active,"2023-01-01",20
2924,aO50YL,Roam,80,Active,"2023-01-01",0
2925,eC99en,Residential,120,Active,"2023-01-01",5
2926,SpO28D,Business,250,Active,"2023-01-01",10
2927,jHp4ae,Residential,120,Active,"2023-01-01",20
2928,JK6Yu2,Roam,80,Active,"2023-01-01",0
2929,UKbSFH,Mini,50,Active,"2023-01-01",5
2930,hajZon,Residential,120,Active,"2023-01-01",10
2931,P8I0TC,Residential,120,Active,"2023-01-01",20
2932,gkipft,Mini,50,Active,"2023-01-01",0
2933,UlxKRl,Residential,120,Active,"2023-01-01",5
2934,Yh0OPk,Residential,120,Active,"2023-01-01",10
2935,"1Wn6Se",Roam,80,Active,"2023-01-01",20
2936,wASeJ4,Mini,50,Cancelled,"2023-01-01",0
2937,AQ9i14,Residential,120,Active,"2023-01-01",5
2938,YmUk9P,Mini,50,Active,"2023-01-01",10
2939,ewm6tv,Residential,120,Active,"2023-01-01",20
2940,"11f1BZ",Residential,120,Active,"2023-01-01",0
2941,KBebQB,Residential,120,Cancelled,"2023-01-01",5
2942,YfZr65,Mini,50,Active,"2023-01-01",10
2943,swdvPR,Residential,120,Paused,"2023-01-01",20
2944,SwUVZA,Residential,120,Active,"2023-01-01",0
2945,i1ENi5,Residential,120,Cancelled,"2023-01-01",5
2946,pnAclk,Residential,120,Active,"2023-01-01",10
2947,A17Yen,Residential,120,Active,"2023-01-01",20
2948,SZkTrF,Roam,80,Active,"2023-01-01",0
2949,COzWgN,Residential,120,Active,"2023-01-01",5
2950,B7To12,Business,250,Active,"2023-01-01",10
2951,spzaPA,Business,250,Active,"2023-01-01",20
2952,zVwwq2,Roam,80,Active,"2023-01-01",0
2953,SHRUDd,Roam,80,Active,"2023-01-01",5
2954,x8bbEg,Residential,120,Active,"2023-01-01",10
2955,N1e3uc,Business,250,Active,"2023-01-01",20
2956,ShVnvZ,Residential,120,Active,"2023-01-01",0
2957,"2pAcOu",Business,250,Active,"2023-01-01",5
2958,HfOGyy,Mini,50,Active,"2023-01-01",10
2959,NYX2lS,Roam,80,Active,"2023-01-01",20
2960,je8tlR,Mini,50,Paused,"2023-01-01",0
2961,lluSPH,Residential,120,Paused,"2023-01-01",5
2962,IM6Qi0,Residential,120,Active,"2023-01-01",10
2963,tSv6yg,Residential,120,Paused,"2023-01-01",20
2964,Yr6Jqp,Mini,50,Paused,"2023-01-01",0
2965,yE6752,Residential,120,Active,"2023-01-01",5
2966,nJWw4x,Roam,80,Active,"2023-01-01",10
2967,HewXLF,Business,250,Active,"2023-01-01",20
2968,McCnFv,Residential,120,Active,"2023-01-01",0
2969,"2weTum",Roam,80,Active,"2023-01-01",5
2970,CpQiIu,Roam,80,Active,"2023-01-01",10
2971,c7eO9O,Residential,120,Active,"2023-01-01",20
2972,cSMdmz,Residential,120,Active,"2023-01-01",0
2973,oHNAms,Residential,120,Active,"2023-01-01",5
2974,DdH21E,Residential,120,Cancelled,"2023-01-01",10
2975,cFYLzA,Residential,120,Active,"2023-01-01",20
2976,"7fvlG8",Mini,50,Active,"2023-01-01",0
2977,"0UVt3U",Roam,80,Active,"2023-01-01",5
2978,SqY82i,Roam,80,Active,"2023-01-01",10
2979,Zs7hsI,Residential,120,Active,"2023-01-01",20
2980,APxj5e,Residential,120,Active,"2023-01-01",0
2981,L3Zw68,Residential,120,Cancelled,"2023-01-01",5
2982,DuxRFP,Residential,120,Active,"2023-01-01",10
2983,sxkDzp,Mini,50,Active,"2023-01-01",20
2984,HwiNk7,Roam,80,Active,"2023-01-01",0
2985,"5QygxB",Mini,50,Active,"2023-01-01",5
2986,f53GRx,Residential,120,Active,"2023-01-01",10
2987,pvm3H0,Roam,80,Active,"2023-01-01",20
2988,lGnNw1,Roam,80,Paused,"2023-01-01",0
2989,rliJog,Residential,120,Active,"2023-01-01",5
2990,WZELZw,Residential,120,Active,"2023-01-01",10
2991,pZat3h,Residential,120,Active,"2023-01-01",20
2992,PeYHuy,Mini,50,Paused,"2023-01-01",0
2993,FGmVR9,Residential,120,Paused,"2023-01-01",5
2994,BuwI5p,Residential,120,Active,"2023-01-01",10
2995,zmhtm8,Residential,120,Active,"2023-01-01",20
2996,"9TfAnv",Residential,120,Paused,"2023-01-01",0
2997,KZJGfA,Business,250,Active,"2023-01-01",5
2998,SGrXH9,Residential,120,Active,"2023-01-01",10
2999,"3WOzLR",Residential,120,Active,"2023-01-01",20
3000,DSKRRk,Residential,120,Paused,"2023-01-01",0
3001,Xvmp6z,Residential,120,Paused,"2023-01-01",5
3002,PGJ2Vi,Roam,80,Active,"2023-01-01",10
3003,"3zUDOZ",Roam,80,Cancelled,"2023-01-01",20
3004,"4TLYYt",Business,250,Paused,"2023-01-01",0
3005,nokrTL,Residential,120,Active,"2023-01-01",5
3006,r4RmmY,Business,250,Active,"2023-01-01",10
3007,QXwc82,Residential,120,Active,"2023-01-01",20
3008,Uvv9ZY,Residential,120,Active,"2023-01-01",0
3009,Bl6O7T,Residential,120,Active,"2023-01-01",5
3010,S40ubK,Residential,120,Paused,"2023-01-01",10
3011,SF8dBZ,Residential,120,Active,"2023-01-01",20
3012,"43si4R",Residential,120,Active,"2023-01-01",0
3013,DM3HuW,Residential,120,Active,"2023-01-01",5
3014,"5LVkFj",Business,250,Active,"2023-01-01",10
3015,mbMDfI,Residential,120,Active,"2023-01-01",20
3016,"1QTIdV",Roam,80,Active,"2023-01-01",0
3017,WAIOlF,Residential,120,Active,"2023-01-01",5
3018,PcmYmF,Residential,120,Active,"2023-01-01",10
3019,"4Arnwg",Roam,80,Active,"2023-01-01",20
3020,VACiwB,Roam,80,Cancelled,"2023-01-01",0
3021,nMfEPm,Residential,120,Active,"2023-01-01",5
3022,N9AkV3,Residential,120,Active,"2023-01-01",10
3023,OhkC0B,Roam,80,Active,"2023-01-01",20
3024,"9LZRGz",Roam,80,Cancelled,"2023-01-01",0
3025,bPNfFS,Residential,120,Active,"2023-01-01",5
3026,x6X7Sn,Residential,120,Active,"2023-01-01",10
3027,DyPu7c,Residential,120,Active,"2023-01-01",20
3028,puW8FF,Residential,120,Active,"2023-01-01",0
3029,PVz0oR,Mini,50,Paused,"2023-01-01",5
3030,"4P5YSe",Residential,120,Active,"2023-01-01",10
3031,"9hhXb7",Roam,80,Active,"2023-01-01",20
3032,v9VsCR,Roam,80,Active,"2023-01-01",0
3033,SNkimm,Residential,120,Active,"2023-01-01",5
3034,kXr0uZ,Residential,120,Active,"2023-01-01",10
3035,W7wGad,Roam,80,Active,"2023-01-01",20
3036,WthgZz,Residential,120,Active,"2023-01-01",0
3037,"8lwdGn",Residential,120,Active,"2023-01-01",5
3038,GbL8dx,Roam,80,Paused,"2023-01-01",10
3039,ixYubd,Mini,50,Cancelled,"2023-01-01",20
3040,vbGZVD,Business,250,Active,"2023-01-01",0
3041,x8Sr3g,Residential,120,Active,"2023-01-01",5
3042,CETIT9,Roam,80,Active,"2023-01-01",10
3043,eeQdZH,Residential,120,Active,"2023-01-01",20
3044,M0qFyP,Residential,120,Active,"2023-01-01",0
3045,sdCxOA,Residential,120,Active,"2023-01-01",5
3046,UuMwFz,Residential,120,Active,"2023-01-01",10
3047,dHlgqS,Roam,80,Active,"2023-01-01",20
3048,uXxcHg,Residential,120,Cancelled,"2023-01-01",0
3049,FHz7xs,Residential,120,Active,"2023-01-01",5
3050,WTKvbs,Business,250,Active,"2023-01-01",10
3051,zsbiNj,Residential,120,Active,"2023-01-01",20
3052,TJXDJA,Residential,120,Active,"2023-01-01",0
3053,JTqGwF,Residential,120,Cancelled,"2023-01-01",5
3054,ZESFqZ,Residential,120,Active,"2023-01-01",10
3055,"9mZXoF",Residential,120,Cancelled,"2023-01-01",20
3056,TpldK6,Residential,120,Cancelled,"2023-01-01",0
3057,guZPfA,Residential,120,Active,"2023-01-01",5
3058,SRTpfd,Residential,120,Paused,"2023-01-01",10
3059,NbrnTP,Roam,80,Active,"2023-01-01",20
3060,ISb9CK,Mini,50,Active,"2023-01-01",0
3061,rX8A3i,Residential,120,Active,"2023-01-01",5
3062,ZiyNnE,Residential,120,Active,"2023-01-01",10
3063,BA12cP,Business,250,Active,"2023-01-01",20
3064,zYK23r,Business,250,Active,"2023-01-01",0
3065,"1jVmlb",Residential,120,Active,"2023-01-01",5
3066,dwMvwy,Residential,120,Active,"2023-01-01",10
3067,L9HsEN,Roam,80,Paused,"2023-01-01",20
3068,EbeFe6,Mini,50,Active,"2023-01-01",0
3069,FyQk8R,Mini,50,Active,"2023-01-01",5
3070,fqu3ln,Residential,120,Active,"2023-01-01",10
3071,m46MBE,Residential,120,Active,"2023-01-01",20
3072,rKMJzH,Residential,120,Active,"2023-01-01",0
3073,aWnRHh,Mini,50,Active,"2023-01-01",5
3074,XZyZ29,Residential,120,Active,"2023-01-01",10
3075,l4egfz,Roam,80,Cancelled,"2023-01-01",20
3076,zSsZEb,Residential,120,Active,"2023-01-01",0
3077,sUfh5j,Roam,80,Active,"2023-01-01",5
3078,ZKVJSK,Mini,50,Active,"2023-01-01",10
3079,NeZ07l,Residential,120,Active,"2023-01-01",20
3080,rt1RW8,Residential,120,Active,"2023-01-01",0
3081,r4JqKc,Residential,120,Active,"2023-01-01",5
3082,pzf7LJ,Residential,120,Cancelled,"2023-01-01",10
3083,PNiffK,Roam,80,Active,"2023-01-01",20
3084,"7bunhx",Roam,80,Active,"2023-01-01",0
3085,F5Z6Ac,Residential,120,Active,"2023-01-01",5
3086,NDs6DR,Mini,50,Active,"2023-01-01",10
3087,BDy6cl,Mini,50,Active,"2023-01-01",20
3088,sKfcSQ,Mini,50,Active,"2023-01-01",0
3089,"3VJvU0",Residential,120,Active,"2023-01-01",5
3090,lpY2qg,Residential,120,Active,"2023-01-01",10
3091,"4fympI",Residential,120,Active,"2023-01-01",20
3092,X72YJR,Residential,120,Active,"2023-01-01",0
3093,"2EtEfo",Residential,120,Active,"2023-01-01",5
3094,Dppd5Y,Residential,120,Active,"2023-01-01",10
3095,tL64wj,Roam,80,Paused,"2023-01-01",20
3096,coeuMW,Residential,120,Active,"2023-01-01",0
3097,I2kBhP,Residential,120,Active,"2023-01-01",5
3098,pZHavL,Residential,120,Active,"2023-01-01",10
3099,eU6tcu,Roam,80,Active,"2023-01-01",20
3100,jrT3fG,Residential,120,Cancelled,"2023-01-01",0
3101,u4rhYm,Roam,80,Active,"2023-01-01",5
3102,"8EE5GX",Roam,80,Active,"2023-01-01",10
3103,RLkovE,Business,250,Paused,"2023-01-01",20
3104,QWWIcR,Roam,80,Active,"2023-01-01",0
3105,SfpuNw,Residential,120,Active,"2023-01-01",5
3106,iX6Fqe,Residential,120,Active,"2023-01-01",10
3107,C1J3qR,Residential,120,Cancelled,"2023-01-01",20
3108,cakOrr,Residential,120,Active,"2023-01-01",0
3109,f5ulUi,Mini,50,Active,"2023-01-01",5
3110,"6axTI0",Residential,120,Paused,"2023-01-01",10
3111,UaK9gG,Residential,120,Paused,"2023-01-01",20
3112,aNulpG,Roam,80,Active,"2023-01-01",0
3113,o66uN9,Roam,80,Active,"2023-01-01",5
3114,"2SZ558",Mini,50,Active,"2023-01-01",10
3115,catnqn,Residential,120,Cancelled,"2023-01-01",20
3116,ONOSwe,Residential,120,Cancelled,"2023-01-01",0
3117,D1u7a6,Roam,80,Active,"2023-01-01",5
3118,Pj8qsw,Residential,120,Active,"2023-01-01",10
3119,omw6Tx,Mini,50,Active,"2023-01-01",20
3120,YTH8xI,Residential,120,Paused,"2023-01-01",0
3121,b52Ztd,Residential,120,Active,"2023-01-01",5
3122,Qj7bQk,Residential,120,Active,"2023-01-01",10
3123,l1Kvk3,Residential,120,Active,"2023-01-01",20
3124,tdlBsu,Business,250,Active,"2023-01-01",0
3125,"6FDljk",Roam,80,Active,"2023-01-01",5
3126,G4ksr6,Roam,80,Active,"2023-01-01",10
3127,VgliqV,Business,250,Active,"2023-01-01",20
3128,vlbcVN,Residential,120,Active,"2023-01-01",0
3129,d9N1qS,Residential,120,Active,"2023-01-01",5
3130,AJMFOL,Residential,120,Cancelled,"2023-01-01",10
3131,ejVhs4,Business,250,Active,"2023-01-01",20
3132,ck3bmF,Roam,80,Active,"2023-01-01",0
3133,Nwwmq6,Business,250,Active,"2023-01-01",5
3134,EYJDgK,Mini,50,Active,"2023-01-01",10
3135,JolvWH,Roam,80,Active,"2023-01-01",20
3136,ZR67pP,Mini,50,Active,"2023-01-01",0
3137,lcvOps,Residential,120,Active,"2023-01-01",5
3138,XHmcxX,Residential,120,Active,"2023-01-01",10
3139,kCUVIh,Residential,120,Paused,"2023-01-01",20
3140,WuEyAX,Roam,80,Active,"2023-01-01",0
3141,gIVXFc,Residential,120,Active,"2023-01-01",5
3142,aagK9U,Residential,120,Active,"2023-01-01",10
3143,JGFnKV,Residential,120,Active,"2023-01-01",20
3144,VyE1Ff,Residential,120,Active,"2023-01-01",0
3145,Rf8wUb,Residential,120,Paused,"2023-01-01",5
3146,VLqJoo,Roam,80,Active,"2023-01-01",10
3147,"5XxDdv",Residential,120,Active,"2023-01-01",20
3148,EMigde,Residential,120,Active,"2023-01-01",0
3149,XLUvM0,Residential,120,Active,"2023-01-01",5
3150,RUTLlz,Residential,120,Active,"2023-01-01",10
3151,T18iwI,Business,250,Active,"2023-01-01",20
3152,Yao3bQ,Business,250,Active,"2023-01-01",0
3153,isYYn4,Mini,50,Active,"2023-01-01",5
3154,pCHi6x,Residential,120,Active,"2023-01-01",10
3155,QrLvCQ,Business,250,Active,"2023-01-01",20
3156,QNZqIx,Mini,50,Paused,"2023-01-01",0
3157,hZSrSK,Roam,80,Active,"2023-01-01",5
3158,lVr1hN,Mini,50,Active,"2023-01-01",10
3159,SepcvI,Residential,120,Active,"2023-01-01",20
3160,AapnJe,Residential,120,Active,"2023-01-01",0
3161,TkkPxF,Residential,120,Active,"2023-01-01",5
3162,LgYEEq,Residential,120,Paused,"2023-01-01",10
3163,G1S8Ob,Mini,50,Paused,"2023-01-01",20
3164,D6f3h2,Roam,80,Active,"2023-01-01",0
3165,mIz3ZN,Roam,80,Active,"2023-01-01",5
3166,pea4l2,Mini,50,Active,"2023-01-01",10
3167,M6dHGe,Residential,120,Paused,"2023-01-01",20
3168,"8zGaBZ",Residential,120,Active,"2023-01-01",0
3169,"1O4l0P",Residential,120,Active,"2023-01-01",5
3170,pXs2iF,Roam,80,Active,"2023-01-01",10
3171,tB4AvS,Residential,120,Active,"2023-01-01",20
3172,UiFJGM,Residential,120,Active,"2023-01-01",0
3173,Z0GzxS,Business,250,Active,"2023-01-01",5
3174,oAHxBx,Residential,120,Active,"2023-01-01",10
3175,"8QMYfB",Mini,50,Active,"2023-01-01",20
3176,qzges6,Residential,120,Active,"2023-01-01",0
3177,zcoEQ7,Residential,120,Active,"2023-01-01",5
3178,ZnNAR3,Mini,50,Paused,"2023-01-01",10
3179,dvSP7r,Residential,120,Active,"2023-01-01",20
3180,"4FbBbF",Residential,120,Cancelled,"2023-01-01",0
3181,WvS7v3,Residential,120,Active,"2023-01-01",5
3182,EnAZ4r,Residential,120,Active,"2023-01-01",10
3183,WUMXsq,Mini,50,Paused,"2023-01-01",20
3184,EnetC9,Business,250,Cancelled,"2023-01-01",0
3185,"9ieEAE",Residential,120,Active,"2023-01-01",5
3186,bnaxvL,Residential,120,Active,"2023-01-01",10
3187,mDh74z,Residential,120,Paused,"2023-01-01",20
3188,JsV3JX,Residential,120,Active,"2023-01-01",0
3189,LLKv0M,Residential,120,Cancelled,"2023-01-01",5
3190,"14mtFS",Business,250,Active,"2023-01-01",10
3191,wFTkwm,Mini,50,Active,"2023-01-01",20
3192,"18uuXq",Roam,80,Paused,"2023-01-01",0
3193,rc16Q5,Residential,120,Active,"2023-01-01",5
3194,b95Awk,Business,250,Cancelled,"2023-01-01",10
3195,okuxNE,Residential,120,Active,"2023-01-01",20
3196,IIIBMn,Residential,120,Cancelled,"2023-01-01",0
3197,z9IwHP,Residential,120,Active,"2023-01-01",5
3198,c0Qmbv,Residential,120,Active,"2023-01-01",10
3199,Aq6s89,Residential,120,Paused,"2023-01-01",20
3200,fzuvw9,Residential,120,Cancelled,"2023-01-01",0
3201,yT08El,Residential,120,Cancelled,"2023-01-01",5
3202,IBkO7I,Mini,50,Active,"2023-01-01",10
3203,YRTaxn,Mini,50,Active,"2023-01-01",20
3204,x9hBEq,Mini,50,Active,"2023-01-01",0
3205,"26Iddn",Roam,80,Paused,"2023-01-01",5
3206,Sb0GsX,Mini,50,Active,"2023-01-01",10
3207,C6N6d6,Residential,120,Active,"2023-01-01",20
3208,PSeAHZ,Mini,50,Cancelled,"2023-01-01",0
3209,tCbrXN,Mini,50,Paused,"2023-01-01",5
3210,"6OUmOf",Roam,80,Active,"2023-01-01",10
3211,nLVwvZ,Roam,80,Active,"2023-01-01",20
3212,BArMCR,Residential,120,Active,"2023-01-01",0
3213,bSTW0B,Residential,120,Active,"2023-01-01",5
3214,DNwt5z,Mini,50,Active,"2023-01-01",10
3215,"955PP2",Mini,50,Active,"2023-01-01",20
3216,"1LQjEE",Residential,120,Active,"2023-01-01",0
3217,kDo5jS,Residential,120,Active,"2023-01-01",5
3218,eQhA1S,Residential,120,Active,"2023-01-01",10
3219,gz7RJ9,Residential,120,Active,"2023-01-01",20
3220,oeTfnw,Mini,50,Active,"2023-01-01",0
3221,"5pcU37",Residential,120,Active,"2023-01-01",5
3222,ZERx8u,Roam,80,Active,"2023-01-01",10
3223,"3R8tLy",Residential,120,Active,"2023-01-01",20
3224,s4nTVG,Mini,50,Active,"2023-01-01",0
3225,xIgjR5,Residential,120,Cancelled,"2023-01-01",5
3226,P0jhyF,Roam,80,Active,"2023-01-01",10
3227,"8rTnkZ",Mini,50,Active,"2023-01-01",20
3228,"84vq9x",Residential,120,Paused,"2023-01-01",0
3229,YzV2am,Residential,120,Active,"2023-01-01",5
3230,"9CdSh5",Residential,120,Active,"2023-01-01",10
3231,jZKXa7,Residential,120,Active,"2023-01-01",20
3232,wZwoP0,Roam,80,Active,"2023-01-01",0
3233,hg17B2,Roam,80,Active,"2023-01-01",5
3234,R45QQs,Business,250,Active,"2023-01-01",10
3235,w6umAM,Residential,120,Active,"2023-01-01",20
3236,tI16dC,Residential,120,Active,"2023-01-01",0
3237,"2QuEb9",Residential,120,Active,"2023-01-01",5
3238,TofFjj,Mini,50,Active,"2023-01-01",10
3239,ki64GH,Residential,120,Cancelled,"2023-01-01",20
3240,UsR1S6,Residential,120,Active,"2023-01-01",0
3241,CyiSN8,Residential,120,Active,"2023-01-01",5
3242,"8O3Eha",Roam,80,Active,"2023-01-01",10
3243,zH7mtq,Residential,120,Active,"2023-01-01",20
3244,hlpZCI,Residential,120,Paused,"2023-01-01",0
3245,YCFCdC,Residential,120,Cancelled,"2023-01-01",5
3246,x9MGSL,Residential,120,Active,"2023-01-01",10
3247,"4M3wT6",Business,250,Active,"2023-01-01",20
3248,MskJPT,Residential,120,Active,"2023-01-01",0
3249,k57na4,Mini,50,Active,"2023-01-01",5
3250,"6Fx2QR",Residential,120,Active,"2023-01-01",10
3251,z8KbNe,Residential,120,Active,"2023-01-01",20
3252,fdP97C,Residential,120,Paused,"2023-01-01",0
3253,"3pYEIP",Roam,80,Active,"2023-01-01",5
3254,jqnyqa,Residential,120,Active,"2023-01-01",10
3255,moTO3k,Residential,120,Active,"2023-01-01",20
3256,UAWr3v,Mini,50,Active,"2023-01-01",0
3257,hjQZRc,Residential,120,Active,"2023-01-01",5
3258,CFx2Cd,Mini,50,Paused,"2023-01-01",10
3259,"5YdrwI",Residential,120,Active,"2023-01-01",20
3260,jXiszD,Residential,120,Active,"2023-01-01",0
3261,Ex0jun,Residential,120,Active,"2023-01-01",5
3262,"4O3GOI",Roam,80,Active,"2023-01-01",10
3263,y4QLBg,Business,250,Paused,"2023-01-01",20
3264,"9NIQ0W",Residential,120,Active,"2023-01-01",0
3265,QPkRbY,Business,250,Active,"2023-01-01",5
3266,Uixxkb,Mini,50,Active,"2023-01-01",10
3267,Qr7XUA,Roam,80,Cancelled,"2023-01-01",20
3268,z1hJe1,Residential,120,Active,"2023-01-01",0
3269,oVgGHz,Residential,120,Active,"2023-01-01",5
3270,ivHeBX,Roam,80,Active,"2023-01-01",10
3271,ibePpp,Roam,80,Active,"2023-01-01",20
3272,LRxWmt,Residential,120,Active,"2023-01-01",0
3273,O0QBDU,Residential,120,Active,"2023-01-01",5
3274,ekotsq,Residential,120,Active,"2023-01-01",10
3275,"1mOOBM",Residential,120,Active,"2023-01-01",20
3276,mWaMwk,Mini,50,Active,"2023-01-01",0
3277,"5If0n4",Residential,120,Cancelled,"2023-01-01",5
3278,TNAyo5,Residential,120,Cancelled,"2023-01-01",10
3279,"8KXSQb",Residential,120,Active,"2023-01-01",20
3280,"17NgkI",Residential,120,Active,"2023-01-01",0
3281,czIRu8,Residential,120,Active,"2023-01-01",5
3282,eLAwN1,Residential,120,Active,"2023-01-01",10
3283,xqsmKR,Residential,120,Active,"2023-01-01",20
3284,kFpLnO,Residential,120,Active,"2023-01-01",0
3285,Mdxsjm,Residential,120,Cancelled,"2023-01-01",5
3286,uAubUT,Residential,120,Active,"2023-01-01",10
3287,lo7f9t,Residential,120,Active,"2023-01-01",20
3288,e4rMfR,Mini,50,Active,"2023-01-01",0
3289,Qa8Nnz,Business,250,Active,"2023-01-01",5
3290,vchFbX,Business,250,Paused,"2023-01-01",10
3291,"8eqhwi",Business,250,Active,"2023-01-01",20
3292,NmcCaw,Residential,120,Active,"2023-01-01",0
3293,yCKcKV,Residential,120,Active,"2023-01-01",5
3294,iIwUh8,Residential,120,Active,"2023-01-01",10
3295,"4mkg5t",Business,250,Active,"2023-01-01",20
3296,o05rbn,Mini,50,Active,"2023-01-01",0
3297,tSaEkk,Mini,50,Active,"2023-01-01",5
3298,x50j9P,Residential,120,Active,"2023-01-01",10
3299,YYlx3G,Residential,120,Paused,"2023-01-01",20
3300,"7BgNOi",Residential,120,Active,"2023-01-01",0
3301,gHDe71,Residential,120,Active,"2023-01-01",5
3302,"3Jqrah",Residential,120,Active,"2023-01-01",10
3303,"4BlyKJ",Business,250,Active,"2023-01-01",20
3304,AuXVcT,Business,250,Active,"2023-01-01",0
3305,CfKXhd,Residential,120,Active,"2023-01-01",5
3306,TpxFAG,Residential,120,Paused,"2023-01-01",10
3307,E2h6be,Residential,120,Active,"2023-01-01",20
3308,ET4pZC,Roam,80,Active,"2023-01-01",0
3309,HNdc06,Residential,120,Active,"2023-01-01",5
3310,"1mDJAU",Residential,120,Active,"2023-01-01",10
3311,ANlYOk,Residential,120,Active,"2023-01-01",20
3312,j3DeFL,Mini,50,Active,"2023-01-01",0
3313,oQx4XJ,Residential,120,Active,"2023-01-01",5
3314,dVVJmZ,Residential,120,Active,"2023-01-01",10
3315,"5S2B8B",Mini,50,Active,"2023-01-01",20
3316,NYTjUD,Residential,120,Active,"2023-01-01",0
3317,RNg6Xc,Residential,120,Active,"2023-01-01",5
3318,P2oe64,Residential,120,Cancelled,"2023-01-01",10
3319,ib0bjw,Roam,80,Active,"2023-01-01",20
3320,"9pA1Uh",Residential,120,Active,"2023-01-01",0
3321,qrFt44,Roam,80,Active,"2023-01-01",5
3322,sMcrAe,Residential,120,Active,"2023-01-01",10
3323,CUwhRm,Roam,80,Active,"2023-01-01",20
3324,GqBdqf,Residential,120,Active,"2023-01-01",0
3325,dRzQM5,Residential,120,Active,"2023-01-01",5
3326,gWxjRs,Residential,120,Active,"2023-01-01",10
3327,WyTQth,Business,250,Active,"2023-01-01",20
3328,uFFhNs,Residential,120,Active,"2023-01-01",0
3329,HGJpI6,Residential,120,Active,"2023-01-01",5
3330,LyRC07,Residential,120,Active,"2023-01-01",10
3331,EB7kII,Mini,50,Active,"2023-01-01",20
3332,lywp8m,Roam,80,Active,"2023-01-01",0
3333,Y6m1rP,Residential,120,Active,"2023-01-01",5
3334,Z28lhi,Mini,50,Active,"2023-01-01",10
3335,UGa6Eg,Roam,80,Active,"2023-01-01",20
3336,Zzn0Mt,Business,250,Active,"2023-01-01",0
3337,ZffTYI,Residential,120,Active,"2023-01-01",5
3338,Dvk4v7,Residential,120,Active,"2023-01-01",10
3339,mgLxjj,Residential,120,Active,"2023-01-01",20
3340,L8LyPl,Mini,50,Active,"2023-01-01",0
3341,Szdqid,Residential,120,Paused,"2023-01-01",5
3342,FgpU2n,Residential,120,Active,"2023-01-01",10
3343,YF9Ker,Residential,120,Paused,"2023-01-01",20
3344,z4kj8O,Mini,50,Active,"2023-01-01",0
3345,ObNHep,Residential,120,Active,"2023-01-01",5
3346,nXJ7K5,Business,250,Active,"2023-01-01",10
3347,rqM4wQ,Roam,80,Active,"2023-01-01",20
3348,DwmWAm,Residential,120,Cancelled,"2023-01-01",0
3349,IJuy5z,Residential,120,Active,"2023-01-01",5
3350,"3fll1l",Residential,120,Active,"2023-01-01",10
3351,XOmgeL,Residential,120,Active,"2023-01-01",20
3352,"8wqiAs",Roam,80,Active,"2023-01-01",0
3353,t5l9pw,Residential,120,Paused,"2023-01-01",5
3354,"2jJ5ci",Residential,120,Active,"2023-01-01",10
3355,"5DXjwj",Roam,80,Active,"2023-01-01",20
3356,vHs6A4,Business,250,Paused,"2023-01-01",0
3357,fON7Ij,Business,250,Active,"2023-01-01",5
3358,OwRK3v,Roam,80,Active,"2023-01-01",10
3359,G9Z8aP,Roam,80,Active,"2023-01-01",20
3360,nFyo16,Business,250,Active,"2023-01-01",0
3361,AcUVCe,Roam,80,Active,"2023-01-01",5
3362,HCr7dN,Roam,80,Cancelled,"2023-01-01",10
3363,v9giye,Mini,50,Paused,"2023-01-01",20
3364,bjPmUj,Residential,120,Cancelled,"2023-01-01",0
3365,I6hSrO,Residential,120,Active,"2023-01-01",5
3366,MlT7CL,Roam,80,Active,"2023-01-01",10
3367,pCavSe,Business,250,Active,"2023-01-01",20
3368,oXTar4,Residential,120,Cancelled,"2023-01-01",0
3369,mg4MlV,Residential,120,Active,"2023-01-01",5
3370,zRfHMr,Residential,120,Active,"2023-01-01",10
3371,WMJVDl,Roam,80,Active,"2023-01-01",20
3372,"6ZwHgc",Roam,80,Paused,"2023-01-01",0
3373,pvroCY,Residential,120,Active,"2023-01-01",5
3374,X5TxLB,Roam,80,Active,"2023-01-01",10
3375,rNVG8O,Roam,80,Active,"2023-01-01",20
3376,B1n67C,Residential,120,Active,"2023-01-01",0
3377,"5yCWSg",Residential,120,Active,"2023-01-01",5
3378,ndeQ6c,Residential,120,Active,"2023-01-01",10
3379,jC45v6,Roam,80,Active,"2023-01-01",20
3380,bUncVK,Roam,80,Active,"2023-01-01",0
3381,Nt6KGr,Residential,120,Active,"2023-01-01",5
3382,PR74pz,Residential,120,Paused,"2023-01-01",10
3383,DuHwW8,Roam,80,Cancelled,"2023-01-01",20
3384,"7ySeQM",Residential,120,Active,"2023-01-01",0
3385,IoKhm6,Residential,120,Active,"2023-01-01",5
3386,cTcWQz,Roam,80,Active,"2023-01-01",10
3387,"4gfjlG",Residential,120,Active,"2023-01-01",20
3388,WxlWlb,Roam,80,Active,"2023-01-01",0
3389,eqTyFy,Residential,120,Active,"2023-01-01",5
3390,yon1dF,Residential,120,Active,"2023-01-01",10
3391,bDAUCD,Residential,120,Active,"2023-01-01",20
3392,XCl4HI,Residential,120,Active,"2023-01-01",0
3393,kp3TC4,Residential,120,Active,"2023-01-01",5
3394,U6AUEY,Residential,120,Active,"2023-01-01",10
3395,M4f7nG,Residential,120,Active,"2023-01-01",20
3396,TZ4cZQ,Business,250,Active,"2023-01-01",0
3397,"1c8GxG",Residential,120,Active,"2023-01-01",5
3398,qwsquy,Business,250,Active,"2023-01-01",10
3399,sHFk6j,Residential,120,Paused,"2023-01-01",20
3400,oQJmMQ,Residential,120,Active,"2023-01-01",0
3401,DdwGKV,Residential,120,Cancelled,"2023-01-01",5
3402,"0iGZaz",Residential,120,Paused,"2023-01-01",10
3403,HETwhL,Residential,120,Active,"2023-01-01",20
3404,S6YZaN,Residential,120,Active,"2023-01-01",0
3405,oCKQ2e,Residential,120,Active,"2023-01-01",5
3406,je0Q6d,Residential,120,Active,"2023-01-01",10
3407,Tp7kBN,Roam,80,Active,"2023-01-01",20
3408,C72qFl,Residential,120,Paused,"2023-01-01",0
3409,AgYW6r,Roam,80,Paused,"2023-01-01",5
3410,XCN00N,Business,250,Active,"2023-01-01",10
3411,"6CJJGk",Residential,120,Active,"2023-01-01",20
3412,teDSq6,Residential,120,Active,"2023-01-01",0
3413,ibOVeC,Mini,50,Active,"2023-01-01",5
3414,brwWT6,Roam,80,Cancelled,"2023-01-01",10
3415,wId3H9,Roam,80,Active,"2023-01-01",20
3416,la8Ia6,Residential,120,Active,"2023-01-01",0
3417,Xl1hyt,Business,250,Active,"2023-01-01",5
3418,fK8wvY,Business,250,Active,"2023-01-01",10
3419,o5Y4wL,Residential,120,Active,"2023-01-01",20
3420,Lhkrj0,Mini,50,Paused,"2023-01-01",0
3421,"7xcmxa",Residential,120,Active,"2023-01-01",5
3422,K9xNbL,Residential,120,Active,"2023-01-01",10
3423,"7sGRck",Residential,120,Cancelled,"2023-01-01",20
3424,qShWOH,Roam,80,Active,"2023-01-01",0
3425,tTfVc0,Roam,80,Active,"2023-01-01",5
3426,V75Qym,Residential,120,Active,"2023-01-01",10
3427,rkt1Oj,Residential,120,Paused,"2023-01-01",20
3428,HlYjov,Roam,80,Active,"2023-01-01",0
3429,ijULzI,Roam,80,Active,"2023-01-01",5
3430,"3U7ugK",Residential,120,Active,"2023-01-01",10
3431,bj7N8U,Business,250,Cancelled,"2023-01-01",20
3432,MKxmfi,Mini,50,Cancelled,"2023-01-01",0
3433,vz4lgi,Residential,120,Cancelled,"2023-01-01",5
3434,AN6Wu7,Roam,80,Active,"2023-01-01",10
3435,mhPaxL,Residential,120,Cancelled,"2023-01-01",20
3436,PQ1l7z,Residential,120,Active,"2023-01-01",0
3437,"0sSHWX",Residential,120,Active,"2023-01-01",5
3438,KYKZcw,Residential,120,Active,"2023-01-01",10
3439,laHr8I,Residential,120,Active,"2023-01-01",20
3440,yUdGnY,Roam,80,Active,"2023-01-01",0
3441,"6CJj5A",Residential,120,Active,"2023-01-01",5
3442,"4NajjG",Business,250,Active,"2023-01-01",10
3443,XMa3tT,Residential,120,Paused,"2023-01-01",20
3444,sHEekF,Roam,80,Cancelled,"2023-01-01",0
3445,OChEcr,Roam,80,Active,"2023-01-01",5
3446,"1V1loJ",Residential,120,Active,"2023-01-01",10
3447,"1cNxiZ",Residential,120,Active,"2023-01-01",20
3448,Li1DRJ,Residential,120,Active,"2023-01-01",0
3449,"8yXv6U",Roam,80,Active,"2023-01-01",5
3450,eiXjY0,Residential,120,Active,"2023-01-01",10
3451,qlIeZH,Business,250,Active,"2023-01-01",20
3452,ECn6zT,Residential,120,Active,"2023-01-01",0
3453,uAkiPW,Roam,80,Cancelled,"2023-01-01",5
3454,D2U7vt,Residential,120,Active,"2023-01-01",10
3455,qNRfLQ,Residential,120,Active,"2023-01-01",20
3456,K57DR1,Business,250,Paused,"2023-01-01",0
3457,s5PGMx,Residential,120,Active,"2023-01-01",5
3458,"1YIJQs",Residential,120,Active,"2023-01-01",10
3459,Kbx9px,Residential,120,Paused,"2023-01-01",20
3460,i9fIKV,Business,250,Active,"2023-01-01",0
3461,J8yNv9,Business,250,Active,"2023-01-01",5
3462,KjTpCC,Residential,120,Active,"2023-01-01",10
3463,NyjZYB,Roam,80,Cancelled,"2023-01-01",20
3464,bKh6i2,Business,250,Active,"2023-01-01",0
3465,tMxasX,Residential,120,Active,"2023-01-01",5
3466,TNVaIc,Residential,120,Cancelled,"2023-01-01",10
3467,GQv4gT,Residential,120,Active,"2023-01-01",20
3468,PI5Pj9,Business,250,Paused,"2023-01-01",0
3469,A88Jsb,Mini,50,Paused,"2023-01-01",5
3470,viU5yt,Residential,120,Cancelled,"2023-01-01",10
3471,T9nGJM,Residential,120,Active,"2023-01-01",20
3472,Hcsl7d,Residential,120,Active,"2023-01-01",0
3473,PBY5YS,Mini,50,Cancelled,"2023-01-01",5
3474,AgHR8W,Residential,120,Cancelled,"2023-01-01",10
3475,mlZKHu,Residential,120,Active,"2023-01-01",20
3476,DK1hpc,Roam,80,Active,"2023-01-01",0
3477,IAX5L6,Residential,120,Active,"2023-01-01",5
3478,"9fg2FU",Residential,120,Active,"2023-01-01",10
3479,wR2P1U,Roam,80,Active,"2023-01-01",20
3480,ynFL3f,Residential,120,Active,"2023-01-01",0
3481,TJh88y,Roam,80,Active,"2023-01-01",5
3482,aWNFkr,Residential,120,Active,"2023-01-01",10
3483,XwpgCa,Residential,120,Paused,"2023-01-01",20
3484,GwcGoX,Roam,80,Active,"2023-01-01",0
3485,JydUE4,Roam,80,Active,"2023-01-01",5
3486,WpZ45A,Residential,120,Active,"2023-01-01",10
3487,asfxaf,Business,250,Active,"2023-01-01",20
3488,"09QMFZ",Roam,80,Active,"2023-01-01",0
3489,xIcZZs,Business,250,Cancelled,"2023-01-01",5
3490,myxoO6,Residential,120,Active,"2023-01-01",10
3491,aTh9hs,Roam,80,Active,"2023-01-01",20
3492,HTETLo,Residential,120,Active,"2023-01-01",0
3493,"44O6Lp",Residential,120,Active,"2023-01-01",5
3494,YkHTsy,Business,250,Active,"2023-01-01",10
3495,VzT7XF,Roam,80,Active,"2023-01-01",20
3496,iuYYAd,Residential,120,Active,"2023-01-01",0
3497,bjaX6f,Business,250,Active,"2023-01-01",5
3498,uwoYlz,Mini,50,Active,"2023-01-01",10
3499,teDSZE,Roam,80,Cancelled,"2023-01-01",20
3500,"7wLxtX",Residential,120,Active,"2023-01-01",0
3501,bUlYPK,Residential,120,Cancelled,"2023-01-01",5
3502,wvQPgm,Business,250,Active,"2023-01-01",10
3503,pD3hiH,Residential,120,Active,"2023-01-01",20
3504,"1weaPq",Residential,120,Active,"2023-01-01",0
3505,RTSkTc,Roam,80,Active,"2023-01-01",5
3506,od1HeH,Residential,120,Active,"2023-01-01",10
3507,Fw83jk,Business,250,Active,"2023-01-01",20
3508,"8OJf8D",Residential,120,Active,"2023-01-01",0
3509,h5383K,Residential,120,Cancelled,"2023-01-01",5
3510,oWlrwe,Mini,50,Active,"2023-01-01",10
3511,zRyENK,Roam,80,Cancelled,"2023-01-01",20
3512,GVZe8N,Residential,120,Active,"2023-01-01",0
3513,OhJFP1,Residential,120,Cancelled,"2023-01-01",5
3514,IkhUTi,Business,250,Active,"2023-01-01",10
3515,LqIoDM,Residential,120,Active,"2023-01-01",20
3516,POQJD0,Roam,80,Active,"2023-01-01",0
3517,"0Np432",Residential,120,Active,"2023-01-01",5
3518,"4wqUR7",Residential,120,Active,"2023-01-01",10
3519,i51d6C,Residential,120,Cancelled,"2023-01-01",20
3520,AIreHX,Residential,120,Active,"2023-01-01",0
3521,"9TnXnC",Mini,50,Paused,"2023-01-01",5
3522,qhPx8Y,Mini,50,Active,"2023-01-01",10
3523,AaHvUH,Residential,120,Active,"2023-01-01",20
3524,kRNEn5,Business,250,Cancelled,"2023-01-01",0
3525,TCiP5b,Roam,80,Paused,"2023-01-01",5
3526,wbuNKw,Residential,120,Active,"2023-01-01",10
3527,ocGH9B,Residential,120,Paused,"2023-01-01",20
3528,e2sIFp,Residential,120,Active,"2023-01-01",0
3529,XMQndY,Roam,80,Cancelled,"2023-01-01",5
3530,OkWwPE,Business,250,Paused,"2023-01-01",10
3531,XXWkGt,Residential,120,Active,"2023-01-01",20
3532,f9EiOA,Residential,120,Active,"2023-01-01",0
3533,"8B11fK",Roam,80,Active,"2023-01-01",5
3534,wREd49,Residential,120,Active,"2023-01-01",10
3535,HfYbbh,Residential,120,Active,"2023-01-01",20
3536,XqcHRl,Business,250,Active,"2023-01-01",0
3537,JEvQdg,Business,250,Active,"2023-01-01",5
3538,PRxp3c,Residential,120,Cancelled,"2023-01-01",10
3539,"6JPb6S",Mini,50,Active,"2023-01-01",20
3540,xkZVYk,Business,250,Active,"2023-01-01",0
3541,T1XCIe,Residential,120,Active,"2023-01-01",5
3542,AN1rSr,Residential,120,Active,"2023-01-01",10
3543,W1qGZu,Residential,120,Active,"2023-01-01",20
3544,"3LFHTO",Residential,120,Active,"2023-01-01",0
3545,jMAF31,Mini,50,Active,"2023-01-01",5
3546,"0qxtvr",Roam,80,Active,"2023-01-01",10
3547,VZ4gSj,Residential,120,Active,"2023-01-01",20
3548,jo1Ytt,Business,250,Paused,"2023-01-01",0
3549,Lpx2uL,Roam,80,Active,"2023-01-01",5
3550,OAkYpB,Residential,120,Active,"2023-01-01",10
3551,tsiOns,Residential,120,Active,"2023-01-01",20
3552,aTwM4T,Residential,120,Active,"2023-01-01",0
3553,LTV6T2,Residential,120,Cancelled,"2023-01-01",5
3554,xzMhTJ,Residential,120,Active,"2023-01-01",10
3555,rs5OY1,Residential,120,Cancelled,"2023-01-01",20
3556,p5l9dG,Residential,120,Active,"2023-01-01",0
3557,giUuWz,Residential,120,Active,"2023-01-01",5
3558,ZriPQw,Residential,120,Active,"2023-01-01",10
3559,kngCvr,Business,250,Active,"2023-01-01",20
3560,EcbWjP,Residential,120,Active,"2023-01-01",0
3561,Gd8jQP,Residential,120,Active,"2023-01-01",5
3562,g5FAtp,Residential,120,Active,"2023-01-01",10
3563,st7ekx,Roam,80,Paused,"2023-01-01",20
3564,Yq1m0t,Residential,120,Active,"2023-01-01",0
3565,ZP63VG,Residential,120,Active,"2023-01-01",5
3566,kPE8ya,Residential,120,Active,"2023-01-01",10
3567,BQT3iI,Roam,80,Active,"2023-01-01",20
3568,"2JlPcD",Mini,50,Active,"2023-01-01",0
3569,AlOqiC,Roam,80,Active,"2023-01-01",5
3570,We0PNV,Roam,80,Active,"2023-01-01",10
3571,jVA3Df,Roam,80,Cancelled,"2023-01-01",20
3572,gTDpo1,Business,250,Active,"2023-01-01",0
3573,HSSDdQ,Residential,120,Active,"2023-01-01",5
3574,"20TFip",Roam,80,Cancelled,"2023-01-01",10
3575,swdf8z,Residential,120,Active,"2023-01-01",20
3576,pFAZ8f,Mini,50,Active,"2023-01-01",0
3577,AIHUoO,Mini,50,Active,"2023-01-01",5
3578,Aqnt1x,Residential,120,Cancelled,"2023-01-01",10
3579,XCb7xn,Residential,120,Active,"2023-01-01",20
3580,WsU3kF,Roam,80,Active,"2023-01-01",0
3581,yFSBl4,Roam,80,Active,"2023-01-01",5
3582,Pq08oO,Business,250,Active,"2023-01-01",10
3583,UcxVQu,Residential,120,Active,"2023-01-01",20
3584,XW1aaY,Roam,80,Active,"2023-01-01",0
3585,xWg6so,Residential,120,Active,"2023-01-01",5
3586,lgJB3f,Residential,120,Active,"2023-01-01",10
3587,ecjtIx,Residential,120,Active,"2023-01-01",20
3588,UOTHbH,Residential,120,Active,"2023-01-01",0
3589,KSmCpQ,Residential,120,Active,"2023-01-01",5
3590,mEIq8P,Mini,50,Active,"2023-01-01",10
3591,lUkIBk,Roam,80,Active,"2023-01-01",20
3592,vLkorV,Mini,50,Active,"2023-01-01",0
3593,XcwUp9,Roam,80,Paused,"2023-01-01",5
3594,xELLCk,Mini,50,Active,"2023-01-01",10
3595,Lw1PZ7,Roam,80,Active,"2023-01-01",20
3596,zzC0Xw,Business,250,Active,"2023-01-01",0
3597,Rg4VW7,Residential,120,Active,"2023-01-01",5
3598,ZXtMR3,Residential,120,Active,"2023-01-01",10
3599,sqPE5A,Residential,120,Active,"2023-01-01",20
3600,SRUpBa,Residential,120,Active,"2023-01-01",0
3601,wJu2gQ,Residential,120,Active,"2023-01-01",5
3602,YccH8u,Roam,80,Active,"2023-01-01",10
3603,E41tZQ,Residential,120,Active,"2023-01-01",20
3604,JvsZGz,Residential,120,Active,"2023-01-01",0
3605,kVDVeC,Mini,50,Active,"2023-01-01",5
3606,UMUAiN,Mini,50,Active,"2023-01-01",10
3607,"3oMsLQ",Residential,120,Paused,"2023-01-01",20
3608,nAvOAr,Mini,50,Active,"2023-01-01",0
3609,VpxJjw,Residential,120,Active,"2023-01-01",5
3610,lw2FES,Residential,120,Cancelled,"2023-01-01",10
3611,MJVDTg,Residential,120,Active,"2023-01-01",20
3612,P4dtlE,Residential,120,Active,"2023-01-01",0
3613,pUDDTH,Residential,120,Active,"2023-01-01",5
3614,ZxwTGP,Residential,120,Active,"2023-01-01",10
3615,V5Xe5B,Residential,120,Active,"2023-01-01",20
3616,JFzOty,Residential,120,Active,"2023-01-01",0
3617,MwBE0W,Residential,120,Active,"2023-01-01",5
3618,Tb81Oi,Residential,120,Active,"2023-01-01",10
3619,"8zc5yd",Residential,120,Active,"2023-01-01",20
3620,VFGkiq,Residential,120,Active,"2023-01-01",0
3621,zNV5wC,Residential,120,Active,"2023-01-01",5
3622,qGmRsc,Residential,120,Active,"2023-01-01",10
3623,xR6XNJ,Residential,120,Cancelled,"2023-01-01",20
3624,"8Eje9L",Business,250,Active,"2023-01-01",0
3625,i1e1qz,Residential,120,Active,"2023-01-01",5
3626,T5NOdV,Residential,120,Active,"2023-01-01",10
3627,Ze5k0Q,Residential,120,Active,"2023-01-01",20
3628,"7J8iNz",Mini,50,Active,"2023-01-01",0
3629,"42hkJP",Mini,50,Active,"2023-01-01",5
3630,"9ZGkjf",Roam,80,Active,"2023-01-01",10
3631,hHBBYA,Roam,80,Active,"2023-01-01",20
3632,rhQR6F,Residential,120,Active,"2023-01-01",0
3633,tjCj1h,Roam,80,Active,"2023-01-01",5
3634,WtXaq7,Residential,120,Active,"2023-01-01",10
3635,"3r7grR",Residential,120,Active,"2023-01-01",20
3636,"6vRbrl",Residential,120,Active,"2023-01-01",0
3637,iPIF3Q,Residential,120,Paused,"2023-01-01",5
3638,rBixcf,Residential,120,Active,"2023-01-01",10
3639,"3lgHld",Residential,120,Active,"2023-01-01",20
3640,RhCZuw,Residential,120,Active,"2023-01-01",0
3641,"4vLxZ2",Residential,120,Active,"2023-01-01",5
3642,DhahCW,Business,250,Active,"2023-01-01",10
3643,h8uayg,Roam,80,Active,"2023-01-01",20
3644,jzZSP7,Residential,120,Active,"2023-01-01",0
3645,mQwnR7,Roam,80,Active,"2023-01-01",5
3646,ssRwte,Residential,120,Active,"2023-01-01",10
3647,W1kq26,Business,250,Active,"2023-01-01",20
3648,V8uu4G,Mini,50,Active,"2023-01-01",0
3649,"9hJrpj",Residential,120,Active,"2023-01-01",5
3650,lghqYV,Residential,120,Active,"2023-01-01",10
3651,qA6JJn,Residential,120,Active,"2023-01-01",20
3652,OzHeGR,Residential,120,Paused,"2023-01-01",0
3653,Chbtte,Business,250,Active,"2023-01-01",5
3654,JTD5kT,Roam,80,Active,"2023-01-01",10
3655,BQNfEf,Business,250,Active,"2023-01-01",20
3656,AbQkaa,Roam,80,Cancelled,"2023-01-01",0
3657,xCcI1s,Residential,120,Active,"2023-01-01",5
3658,b0beVB,Roam,80,Active,"2023-01-01",10
3659,dcosBf,Residential,120,Active,"2023-01-01",20
3660,OC5Ou8,Residential,120,Active,"2023-01-01",0
3661,xIJGpO,Residential,120,Paused,"2023-01-01",5
3662,tQIQEq,Residential,120,Active,"2023-01-01",10
3663,zaEENe,Roam,80,Active,"2023-01-01",20
3664,A4Vuke,Mini,50,Active,"2023-01-01",0
3665,uYIsCK,Residential,120,Active,"2023-01-01",5
3666,IGCaPo,Residential,120,Active,"2023-01-01",10
3667,SxnNet,Business,250,Cancelled,"2023-01-01",20
3668,TpiRZJ,Roam,80,Active,"2023-01-01",0
3669,I2vHPG,Residential,120,Active,"2023-01-01",5
3670,z78UPF,Mini,50,Active,"2023-01-01",10
3671,qiZvsE,Roam,80,Active,"2023-01-01",20
3672,GHIGNh,Residential,120,Active,"2023-01-01",0
3673,q6PSQT,Mini,50,Active,"2023-01-01",5
3674,VmvqJn,Residential,120,Active,"2023-01-01",10
3675,KVRk78,Residential,120,Active,"2023-01-01",20
3676,"5k0uqS",Residential,120,Active,"2023-01-01",0
3677,"3lX87e",Residential,120,Active,"2023-01-01",5
3678,SHamQ7,Roam,80,Active,"2023-01-01",10
3679,vPSXUi,Residential,120,Active,"2023-01-01",20
3680,DwuDtj,Residential,120,Active,"2023-01-01",0
3681,"1FAjfD",Business,250,Active,"2023-01-01",5
3682,edpG0G,Mini,50,Paused,"2023-01-01",10
3683,UrfwYH,Residential,120,Active,"2023-01-01",20
3684,Ob718G,Residential,120,Paused,"2023-01-01",0
3685,cJjNcJ,Roam,80,Paused,"2023-01-01",5
3686,q5D1si,Residential,120,Active,"2023-01-01",10
3687,fwvyBl,Roam,80,Active,"2023-01-01",20
3688,tQiPZF,Roam,80,Active,"2023-01-01",0
3689,qPbXQw,Residential,120,Active,"2023-01-01",5
3690,fyjjNF,Residential,120,Active,"2023-01-01",10
3691,huSaND,Residential,120,Active,"2023-01-01",20
3692,uvXjoj,Residential,120,Active,"2023-01-01",0
3693,Aik8Bp,Residential,120,Cancelled,"2023-01-01",5
3694,X8YHuy,Roam,80,Paused,"2023-01-01",10
3695,MsSoEw,Residential,120,Active,"2023-01-01",20
3696,oBJFQX,Residential,120,Active,"2023-01-01",0
3697,lNzWY0,Residential,120,Active,"2023-01-01",5
3698,goK8JY,Mini,50,Paused,"2023-01-01",10
3699,JegIE8,Roam,80,Active,"2023-01-01",20
3700,pycOR6,Roam,80,Active,"2023-01-01",0
3701,rNH3V0,Mini,50,Cancelled,"2023-01-01",5
3702,LmkZ7I,Residential,120,Active,"2023-01-01",10
3703,kg8zUN,Residential,120,Active,"2023-01-01",20
3704,ftBfnP,Residential,120,Paused,"2023-01-01",0
3705,PGSNn0,Residential,120,Active,"2023-01-01",5
3706,n20S74,Residential,120,Active,"2023-01-01",10
3707,ayHF97,Roam,80,Active,"2023-01-01",20
3708,KHeyga,Roam,80,Active,"2023-01-01",0
3709,DrE9tQ,Residential,120,Cancelled,"2023-01-01",5
3710,RJXRIh,Roam,80,Active,"2023-01-01",10
3711,YW1n9U,Residential,120,Active,"2023-01-01",20
3712,cZus6I,Residential,120,Active,"2023-01-01",0
3713,DqAbtV,Residential,120,Active,"2023-01-01",5
3714,N6Zb0D,Residential,120,Active,"2023-01-01",10
3715,N6AtNB,Residential,120,Cancelled,"2023-01-01",20
3716,WcURYx,Roam,80,Active,"2023-01-01",0
3717,qPYORD,Residential,120,Active,"2023-01-01",5
3718,O2Alhu,Residential,120,Active,"2023-01-01",10
3719,hDrxdv,Residential,120,Paused,"2023-01-01",20
3720,"0T6zFu",Business,250,Active,"2023-01-01",0
3721,iSV9Qh,Residential,120,Active,"2023-01-01",5
3722,lD3h6l,Business,250,Cancelled,"2023-01-01",10
3723,tlCGfg,Roam,80,Paused,"2023-01-01",20
3724,BoN7dM,Business,250,Active,"2023-01-01",0
3725,C6NmHY,Residential,120,Active,"2023-01-01",5
3726,eEdKw9,Residential,120,Active,"2023-01-01",10
3727,td3zDE,Residential,120,Paused,"2023-01-01",20
3728,FWBvna,Mini,50,Active,"2023-01-01",0
3729,KksnW2,Residential,120,Active,"2023-01-01",5
3730,yd3BYj,Roam,80,Active,"2023-01-01",10
3731,jZpAmx,Residential,120,Paused,"2023-01-01",20
3732,vzhFUa,Roam,80,Active,"2023-01-01",0
3733,V01MfT,Residential,120,Active,"2023-01-01",5
3734,fiXPYS,Residential,120,Active,"2023-01-01",10
3735,oSYI7U,Residential,120,Active,"2023-01-01",20
3736,LqtK6h,Residential,120,Active,"2023-01-01",0
3737,"9cdfdW",Mini,50,Cancelled,"2023-01-01",5
3738,MkFsNf,Residential,120,Active,"2023-01-01",10
3739,YKzU4L,Residential,120,Paused,"2023-01-01",20
3740,Y4piZj,Residential,120,Active,"2023-01-01",0
3741,ic905h,Residential,120,Active,"2023-01-01",5
3742,rngtFR,Residential,120,Active,"2023-01-01",10
3743,HeAUVL,Residential,120,Active,"2023-01-01",20
3744,MQEMYm,Roam,80,Cancelled,"2023-01-01",0
3745,Lh4IOH,Residential,120,Active,"2023-01-01",5
3746,FzjCuj,Roam,80,Active,"2023-01-01",10
3747,"4wrRED",Roam,80,Active,"2023-01-01",20
3748,Fivlbt,Residential,120,Active,"2023-01-01",0
3749,"8P9dBp",Roam,80,Active,"2023-01-01",5
3750,kjqsZl,Residential,120,Active,"2023-01-01",10
3751,GO8pUe,Roam,80,Cancelled,"2023-01-01",20
3752,YPAB2s,Business,250,Active,"2023-01-01",0
3753,lM8nxg,Mini,50,Cancelled,"2023-01-01",5
3754,jX8WLE,Residential,120,Cancelled,"2023-01-01",10
3755,LUcpMs,Residential,120,Active,"2023-01-01",20
3756,GWvg7N,Business,250,Active,"2023-01-01",0
3757,"0B1qMD",Roam,80,Active,"2023-01-01",5
3758,IYV7QN,Residential,120,Active,"2023-01-01",10
3759,WCgACj,Residential,120,Active,"2023-01-01",20
3760,YFta1k,Mini,50,Active,"2023-01-01",0
3761,rTBxIr,Business,250,Active,"2023-01-01",5
3762,wn5pZN,Residential,120,Active,"2023-01-01",10
3763,AYdaJ2,Roam,80,Paused,"2023-01-01",20
3764,SNBO9L,Business,250,Active,"2023-01-01",0
3765,bVaqzU,Residential,120,Active,"2023-01-01",5
3766,tayj0z,Residential,120,Active,"2023-01-01",10
3767,VAubQP,Roam,80,Active,"2023-01-01",20
3768,Ep7f2F,Residential,120,Active,"2023-01-01",0
3769,DjRNsP,Mini,50,Active,"2023-01-01",5
3770,BONaop,Business,250,Active,"2023-01-01",10
3771,xOANwK,Mini,50,Active,"2023-01-01",20
3772,SyUjps,Mini,50,Active,"2023-01-01",0
3773,"7BfakZ",Residential,120,Paused,"2023-01-01",5
3774,"8FBCgw",Residential,120,Active,"2023-01-01",10
3775,R1IL3k,Mini,50,Active,"2023-01-01",20
3776,ukKfYy,Residential,120,Cancelled,"2023-01-01",0
3777,jmy6ee,Mini,50,Active,"2023-01-01",5
3778,Rcy5Tb,Roam,80,Active,"2023-01-01",10
3779,UZR0Le,Residential,120,Active,"2023-01-01",20
3780,Sdqqaf,Residential,120,Active,"2023-01-01",0
3781,w19f0q,Residential,120,Active,"2023-01-01",5
3782,AqQVSc,Residential,120,Cancelled,"2023-01-01",10
3783,DIyXNB,Roam,80,Active,"2023-01-01",20
3784,ctJX6O,Residential,120,Paused,"2023-01-01",0
3785,z9EH0P,Business,250,Active,"2023-01-01",5
3786,aLBv3f,Residential,120,Active,"2023-01-01",10
3787,CthRRV,Residential,120,Active,"2023-01-01",20
3788,lcXU2m,Residential,120,Active,"2023-01-01",0
3789,njWYzf,Residential,120,Active,"2023-01-01",5
3790,KLL7OV,Roam,80,Active,"2023-01-01",10
3791,dCQZyH,Roam,80,Active,"2023-01-01",20
3792,foymvt,Business,250,Active,"2023-01-01",0
3793,BpTuOM,Residential,120,Active,"2023-01-01",5
3794,tKTkJc,Residential,120,Active,"2023-01-01",10
3795,EuCV4f,Residential,120,Active,"2023-01-01",20
3796,iFC59T,Residential,120,Active,"2023-01-01",0
3797,E2GMs8,Roam,80,Active,"2023-01-01",5
3798,sKygZD,Residential,120,Active,"2023-01-01",10
3799,HzeSdi,Roam,80,Cancelled,"2023-01-01",20
3800,V2j1qv,Roam,80,Cancelled,"2023-01-01",0
3801,hq8p5r,Mini,50,Active,"2023-01-01",5
3802,FvRydO,Mini,50,Active,"2023-01-01",10
3803,"4tsMsx",Residential,120,Active,"2023-01-01",20
3804,HKTekj,Residential,120,Active,"2023-01-01",0
3805,QZlNgF,Residential,120,Active,"2023-01-01",5
3806,eM6nPK,Residential,120,Active,"2023-01-01",10
3807,j0OXdj,Roam,80,Active,"2023-01-01",20
3808,HiLNtD,Residential,120,Cancelled,"2023-01-01",0
3809,jfYwNk,Residential,120,Active,"2023-01-01",5
3810,WM7lZJ,Mini,50,Active,"2023-01-01",10
3811,Eo8dnN,Residential,120,Active,"2023-01-01",20
3812,l0zmBx,Residential,120,Paused,"2023-01-01",0
3813,LlGegC,Residential,120,Active,"2023-01-01",5
3814,QbOrha,Residential,120,Cancelled,"2023-01-01",10
3815,j6Unsr,Roam,80,Active,"2023-01-01",20
3816,"5fPAvt",Residential,120,Paused,"2023-01-01",0
3817,ud2ML9,Residential,120,Active,"2023-01-01",5
3818,twg27V,Residential,120,Paused,"2023-01-01",10
3819,x2Yscn,Residential,120,Cancelled,"2023-01-01",20
3820,usM2hV,Residential,120,Active,"2023-01-01",0
3821,r9tUNg,Residential,120,Active,"2023-01-01",5
3822,BCpZbU,Business,250,Cancelled,"2023-01-01",10
3823,gsuC9I,Residential,120,Active,"2023-01-01",20
3824,x4Lfso,Residential,120,Active,"2023-01-01",0
3825,yTt9ub,Roam,80,Active,"2023-01-01",5
3826,nDW4Ni,Residential,120,Active,"2023-01-01",10
3827,M4jyh0,Roam,80,Active,"2023-01-01",20
3828,peg6L4,Residential,120,Active,"2023-01-01",0
3829,JOLHZy,Roam,80,Cancelled,"2023-01-01",5
3830,lx5DKP,Residential,120,Active,"2023-01-01",10
3831,Is3Uc4,Residential,120,Paused,"2023-01-01",20
3832,t8vCVU,Residential,120,Active,"2023-01-01",0
3833,WHltxF,Residential,120,Active,"2023-01-01",5
3834,MzzxOR,Residential,120,Active,"2023-01-01",10
3835,yEXAwM,Residential,120,Active,"2023-01-01",20
3836,qNLXBx,Residential,120,Active,"2023-01-01",0
3837,q5ZtPL,Roam,80,Active,"2023-01-01",5
3838,"3RzM4U",Residential,120,Cancelled,"2023-01-01",10
3839,nw0rH4,Residential,120,Active,"2023-01-01",20
3840,KzsCQ9,Residential,120,Paused,"2023-01-01",0
3841,qUWMQT,Residential,120,Cancelled,"2023-01-01",5
3842,dK3opP,Residential,120,Cancelled,"2023-01-01",10
3843,"2VYtu5",Roam,80,Active,"2023-01-01",20
3844,vwDByK,Business,250,Active,"2023-01-01",0
3845,CKgr3f,Residential,120,Active,"2023-01-01",5
3846,sVHrJT,Residential,120,Active,"2023-01-01",10
3847,KYgEXn,Residential,120,Active,"2023-01-01",20
3848,HjT5lb,Residential,120,Active,"2023-01-01",0
3849,RpXt5X,Residential,120,Active,"2023-01-01",5
3850,n20Vyz,Mini,50,Active,"2023-01-01",10
3851,od35M2,Residential,120,Paused,"2023-01-01",20
3852,M0Uj6L,Roam,80,Active,"2023-01-01",0
3853,FLyAIx,Business,250,Active,"2023-01-01",5
3854,iQQRTl,Mini,50,Active,"2023-01-01",10
3855,"77p0Ec",Roam,80,Cancelled,"2023-01-01",20
3856,Dx16uM,Residential,120,Active,"2023-01-01",0
3857,xYc7Ak,Residential,120,Active,"2023-01-01",5
3858,b6xdOe,Roam,80,Active,"2023-01-01",10
3859,qIw8Pq,Residential,120,Active,"2023-01-01",20
3860,"0RdGD7",Roam,80,Active,"2023-01-01",0
3861,ebHu94,Roam,80,Active,"2023-01-01",5
3862,bGtP0N,Roam,80,Active,"2023-01-01",10
3863,mftDmW,Business,250,Paused,"2023-01-01",20
3864,fPj5bx,Residential,120,Active,"2023-01-01",0
3865,ISP04L,Residential,120,Active,"2023-01-01",5
3866,CPhSl1,Mini,50,Active,"2023-01-01",10
3867,fzi6Zk,Mini,50,Active,"2023-01-01",20
3868,nGa4mi,Residential,120,Active,"2023-01-01",0
3869,lX0059,Residential,120,Active,"2023-01-01",5
3870,o1CjB4,Roam,80,Active,"2023-01-01",10
3871,vjNyuG,Residential,120,Active,"2023-01-01",20
3872,"2IbyVf",Roam,80,Active,"2023-01-01",0
3873,gB1p5C,Roam,80,Cancelled,"2023-01-01",5
3874,H5jQMv,Business,250,Active,"2023-01-01",10
3875,gB0kvA,Residential,120,Active,"2023-01-01",20
3876,pzX79N,Residential,120,Active,"2023-01-01",0
3877,jQwTGu,Residential,120,Cancelled,"2023-01-01",5
3878,umHHyG,Residential,120,Active,"2023-01-01",10
3879,uQ2Im2,Residential,120,Active,"2023-01-01",20
3880,HJUW0H,Roam,80,Active,"2023-01-01",0
3881,kI2oz6,Roam,80,Active,"2023-01-01",5
3882,jrh0KR,Residential,120,Active,"2023-01-01",10
3883,uQO001,Residential,120,Active,"2023-01-01",20
3884,aaIhmF,Residential,120,Active,"2023-01-01",0
3885,b0Wm76,Residential,120,Active,"2023-01-01",5
3886,sfL9sQ,Residential,120,Active,"2023-01-01",10
3887,ZDv3Sl,Business,250,Active,"2023-01-01",20
3888,pxYyhI,Business,250,Active,"2023-01-01",0
3889,TA2wMU,Residential,120,Active,"2023-01-01",5
3890,HuPSc3,Residential,120,Active,"2023-01-01",10
3891,m2PNt9,Mini,50,Paused,"2023-01-01",20
3892,EJwWtn,Residential,120,Active,"2023-01-01",0
3893,ZpG1tu,Residential,120,Active,"2023-01-01",5
3894,TiVpqg,Roam,80,Active,"2023-01-01",10
3895,e1cb51,Residential,120,Active,"2023-01-01",20
3896,"4Lse1d",Residential,120,Active,"2023-01-01",0
3897,degSRe,Roam,80,Active,"2023-01-01",5
3898,TrELf8,Residential,120,Paused,"2023-01-01",10
3899,toLmy7,Mini,50,Active,"2023-01-01",20
3900,awxq6z,Residential,120,Active,"2023-01-01",0
3901,ktX8gu,Business,250,Active,"2023-01-01",5
3902,VuDOIW,Roam,80,Active,"2023-01-01",10
3903,"0Okznv",Roam,80,Active,"2023-01-01",20
3904,"1eTbc3",Residential,120,Active,"2023-01-01",0
3905,YDJ5wQ,Residential,120,Active,"2023-01-01",5
3906,yHsDNM,Residential,120,Active,"2023-01-01",10
3907,QCYPnk,Residential,120,Active,"2023-01-01",20
3908,"0rxBp9",Residential,120,Paused,"2023-01-01",0
3909,JEKCIY,Roam,80,Paused,"2023-01-01",5
3910,"354YKU",Business,250,Cancelled,"2023-01-01",10
3911,uViHT5,Residential,120,Active,"2023-01-01",20
3912,"6RizBl",Residential,120,Active,"2023-01-01",0
3913,"7juMZL",Roam,80,Cancelled,"2023-01-01",5
3914,gN2BR4,Roam,80,Paused,"2023-01-01",10
3915,KBzJpT,Roam,80,Active,"2023-01-01",20
3916,"1qbvFu",Residential,120,Active,"2023-01-01",0
3917,"5gOpV5",Roam,80,Active,"2023-01-01",5
3918,lUE4N3,Roam,80,Active,"2023-01-01",10
3919,IzNqU9,Residential,120,Paused,"2023-01-01",20
3920,HPSwv1,Roam,80,Active,"2023-01-01",0
3921,"1MFCIX",Residential,120,Cancelled,"2023-01-01",5
3922,vutByz,Roam,80,Active,"2023-01-01",10
3923,"2kBqoH",Roam,80,Active,"2023-01-01",20
3924,"1fFrwd",Residential,120,Active,"2023-01-01",0
3925,"4bcBE7",Residential,120,Active,"2023-01-01",5
3926,zm4ghk,Business,250,Cancelled,"2023-01-01",10
3927,s9upZt,Residential,120,Paused,"2023-01-01",20
3928,"7W4cnQ",Roam,80,Active,"2023-01-01",0
3929,q9I3K3,Residential,120,Active,"2023-01-01",5
3930,DG7ilH,Residential,120,Active,"2023-01-01",10
3931,l2wBqC,Residential,120,Cancelled,"2023-01-01",20
3932,BQp04w,Mini,50,Active,"2023-01-01",0
3933,JqZxA4,Residential,120,Cancelled,"2023-01-01",5
3934,D1d8Xn,Residential,120,Cancelled,"2023-01-01",10
3935,sKHIyU,Roam,80,Paused,"2023-01-01",20
3936,"0ap6Eh",Residential,120,Active,"2023-01-01",0
3937,UyGrRm,Residential,120,Active,"2023-01-01",5
3938,rntVeE,Roam,80,Active,"2023-01-01",10
3939,rb32kS,Residential,120,Active,"2023-01-01",20
3940,rDQbcV,Residential,120,Active,"2023-01-01",0
3941,ecXzNh,Residential,120,Active,"2023-01-01",5
3942,z1b0Y9,Business,250,Active,"2023-01-01",10
3943,syPxZr,Mini,50,Paused,"2023-01-01",20
3944,cn3vlm,Roam,80,Active,"2023-01-01",0
3945,Si6buB,Residential,120,Active,"2023-01-01",5
3946,v7vEQr,Roam,80,Paused,"2023-01-01",10
3947,yjubys,Residential,120,Active,"2023-01-01",20
3948,V379La,Residential,120,Active,"2023-01-01",0
3949,"4jo8uh",Residential,120,Active,"2023-01-01",5
3950,H7wvfi,Residential,120,Active,"2023-01-01",10
3951,PWqaGT,Business,250,Active,"2023-01-01",20
3952,ftGOqw,Roam,80,Paused,"2023-01-01",0
3953,SpkprB,Mini,50,Active,"2023-01-01",5
3954,Ho6iXi,Residential,120,Active,"2023-01-01",10
3955,SQULto,Residential,120,Active,"2023-01-01",20
3956,lXERlm,Roam,80,Active,"2023-01-01",0
3957,h6Mm55,Business,250,Active,"2023-01-01",5
3958,YuKyUo,Residential,120,Active,"2023-01-01",10
3959,TeKkjl,Residential,120,Active,"2023-01-01",20
3960,"1oAEIo",Residential,120,Cancelled,"2023-01-01",0
3961,HwPJT7,Mini,50,Active,"2023-01-01",5
3962,Ur8uPh,Residential,120,Active,"2023-01-01",10
3963,"5BC0gg",Residential,120,Active,"2023-01-01",20
3964,fG6YlQ,Residential,120,Active,"2023-01-01",0
3965,ydnGNf,Residential,120,Cancelled,"2023-01-01",5
3966,AXGT6q,Mini,50,Active,"2023-01-01",10
3967,"3bdAMh",Residential,120,Paused,"2023-01-01",20
3968,mht6T3,Business,250,Cancelled,"2023-01-01",0
3969,ETw4nS,Roam,80,Active,"2023-01-01",5
3970,"5zFem7",Mini,50,Active,"2023-01-01",10
3971,nbGBHB,Business,250,Active,"2023-01-01",20
3972,wL6ube,Residential,120,Active,"2023-01-01",0
3973,UTbnbz,Residential,120,Active,"2023-01-01",5
3974,bXVseA,Residential,120,Active,"2023-01-01",10
3975,qVyjW2,Residential,120,Active,"2023-01-01",20
3976,S4d7vF,Residential,120,Active,"2023-01-01",0
3977,Gv0jFn,Residential,120,Active,"2023-01-01",5
3978,hGxRzq,Residential,120,Active,"2023-01-01",10
3979,lnv24L,Residential,120,Active,"2023-01-01",20
3980,"66V1xd",Residential,120,Active,"2023-01-01",0
3981,imxFcT,Residential,120,Active,"2023-01-01",5
3982,PsqIAC,Residential,120,Active,"2023-01-01",10
3983,UnvqQr,Roam,80,Active,"2023-01-01",20
3984,InJZab,Residential,120,Active,"2023-01-01",0
3985,PY8EcF,Residential,120,Active,"2023-01-01",5
3986,ZtJEUX,Mini,50,Active,"2023-01-01",10
3987,EzPtCj,Residential,120,Active,"2023-01-01",20
3988,HLRl83,Business,250,Paused,"2023-01-01",0
3989,QmNGz6,Roam,80,Active,"2023-01-01",5
3990,Zfag3E,Residential,120,Active,"2023-01-01",10
3991,KzfRsA,Residential,120,Active,"2023-01-01",20
3992,mQmAY6,Business,250,Paused,"2023-01-01",0
3993,"7t8lq0",Residential,120,Active,"2023-01-01",5
3994,lgls7g,Residential,120,Active,"2023-01-01",10
3995,H9ONo5,Residential,120,Active,"2023-01-01",20
3996,"0zj4ZY",Roam,80,Active,"2023-01-01",0
3997,hWzm4O,Residential,120,Active,"2023-01-01",5
3998,ua0bOX,Mini,50,Active,"2023-01-01",10
3999,"8jV4NV",Residential,120,Active,"2023-01-01",20
4000,TZLFRL,Residential,120,Active,"2023-01-01",0
4001,gaFUWC,Residential,120,Active,"2023-01-01",5
4002,UHnq6r,Residential,120,Active,"2023-01-01",10
4003,oJgJan,Roam,80,Paused,"2023-01-01",20
4004,Nyt3nR,Residential,120,Active,"2023-01-01",0
4005,eQPAC5,Residential,120,Active,"2023-01-01",5
4006,"5nTAyG",Roam,80,Cancelled,"2023-01-01",10
4007,sBMfKe,Residential,120,Active,"2023-01-01",20
4008,xRR6qE,Roam,80,Active,"2023-01-01",0
4009,cIQF8A,Residential,120,Active,"2023-01-01",5
4010,j2bw9O,Roam,80,Active,"2023-01-01",10
4011,AptrKx,Roam,80,Active,"2023-01-01",20
4012,zlphlN,Roam,80,Active,"2023-01-01",0
4013,mk2SvI,Business,250,Active,"2023-01-01",5
4014,"6GJjbm",Roam,80,Paused,"2023-01-01",10
4015,ZAX0t3,Residential,120,Active,"2023-01-01",20
4016,pLU6oD,Residential,120,Active,"2023-01-01",0
4017,NvKMTx,Residential,120,Active,"2023-01-01",5
4018,"0qsaUq",Residential,120,Active,"2023-01-01",10
4019,UDgyuA,Residential,120,Active,"2023-01-01",20
4020,Km1Q4k,Residential,120,Paused,"2023-01-01",0
4021,jTV5kd,Residential,120,Paused,"2023-01-01",5
4022,YENsZz,Business,250,Active,"2023-01-01",10
4023,g9hgiV,Residential,120,Active,"2023-01-01",20
4024,CGKtd2,Residential,120,Active,"2023-01-01",0
4025,kh1Mwf,Roam,80,Active,"2023-01-01",5
4026,vCj3dE,Residential,120,Active,"2023-01-01",10
4027,KK49Ba,Roam,80,Active,"2023-01-01",20
4028,"0ounnV",Residential,120,Active,"2023-01-01",0
4029,H3nodz,Residential,120,Cancelled,"2023-01-01",5
4030,Xz0mUo,Residential,120,Active,"2023-01-01",10
4031,qTbsW4,Residential,120,Active,"2023-01-01",20
4032,Rk71F9,Business,250,Active,"2023-01-01",0
4033,E6I901,Residential,120,Active,"2023-01-01",5
4034,yUutCp,Residential,120,Active,"2023-01-01",10
4035,tjqJ7F,Mini,50,Active,"2023-01-01",20
4036,S4fouB,Residential,120,Active,"2023-01-01",0
4037,QRO5Tp,Residential,120,Active,"2023-01-01",5
4038,DGxovJ,Roam,80,Active,"2023-01-01",10
4039,w6hSA5,Residential,120,Active,"2023-01-01",20
4040,"5Xxvdg",Residential,120,Active,"2023-01-01",0
4041,sbSKQP,Roam,80,Paused,"2023-01-01",5
4042,LIdbmy,Residential,120,Active,"2023-01-01",10
4043,XV17I3,Roam,80,Active,"2023-01-01",20
4044,zgEz6c,Residential,120,Paused,"2023-01-01",0
4045,"8zNMiM",Roam,80,Active,"2023-01-01",5
4046,NtXSpk,Roam,80,Paused,"2023-01-01",10
4047,MGr6GU,Mini,50,Active,"2023-01-01",20
4048,BK3uES,Roam,80,Active,"2023-01-01",0
4049,P3bQQy,Residential,120,Active,"2023-01-01",5
4050,C3O1tg,Roam,80,Active,"2023-01-01",10
4051,UYdg2l,Residential,120,Active,"2023-01-01",20
4052,nTB0iT,Residential,120,Active,"2023-01-01",0
4053,yyiAHj,Residential,120,Active,"2023-01-01",5
4054,"4lVS5l",Residential,120,Paused,"2023-01-01",10
4055,cPAswO,Residential,120,Active,"2023-01-01",20
4056,"4s2Wco",Residential,120,Active,"2023-01-01",0
4057,rJmdA8,Roam,80,Active,"2023-01-01",5
4058,"74u4rV",Residential,120,Active,"2023-01-01",10
4059,Z9hd11,Residential,120,Active,"2023-01-01",20
4060,"7wYh11",Residential,120,Paused,"2023-01-01",0
4061,"5nb63W",Residential,120,Active,"2023-01-01",5
4062,Ppu299,Residential,120,Active,"2023-01-01",10
4063,Odh4C4,Mini,50,Active,"2023-01-01",20
4064,kkcoX7,Residential,120,Active,"2023-01-01",0
4065,aqFAqU,Residential,120,Active,"2023-01-01",5
4066,oDooCJ,Residential,120,Active,"2023-01-01",10
4067,R7HDHv,Residential,120,Active,"2023-01-01",20
4068,"6HnUT1",Residential,120,Active,"2023-01-01",0
4069,O7lWmR,Residential,120,Cancelled,"2023-01-01",5
4070,LbrWLz,Residential,120,Cancelled,"2023-01-01",10
4071,MU3xQ0,Roam,80,Cancelled,"2023-01-01",20
4072,UNdFV4,Residential,120,Active,"2023-01-01",0
4073,"2fYxvQ",Residential,120,Active,"2023-01-01",5
4074,lTh2mT,Roam,80,Active,"2023-01-01",10
4075,O5TDXF,Residential,120,Paused,"2023-01-01",20
4076,"3lUidR",Roam,80,Active,"2023-01-01",0
4077,cYL6l2,Roam,80,Active,"2023-01-01",5
4078,SE7Z04,Roam,80,Cancelled,"2023-01-01",10
4079,HEf8YO,Business,250,Paused,"2023-01-01",20
4080,w7i19p,Roam,80,Active,"2023-01-01",0
4081,c940TD,Residential,120,Active,"2023-01-01",5
4082,ehaai1,Residential,120,Active,"2023-01-01",10
4083,Vq7Dky,Mini,50,Active,"2023-01-01",20
4084,FprjhF,Business,250,Active,"2023-01-01",0
4085,qYkW0a,Residential,120,Active,"2023-01-01",5
4086,e7Ufz4,Residential,120,Active,"2023-01-01",10
4087,DzoaM8,Residential,120,Active,"2023-01-01",20
4088,YInSyK,Residential,120,Active,"2023-01-01",0
4089,K6ZjfZ,Roam,80,Cancelled,"2023-01-01",5
4090,"2z1XgM",Residential,120,Active,"2023-01-01",10
4091,MQ2Nfb,Residential,120,Active,"2023-01-01",20
4092,wGxXF6,Residential,120,Active,"2023-01-01",0
4093,njq5Jz,Roam,80,Active,"2023-01-01",5
4094,EQZnmM,Residential,120,Active,"2023-01-01",10
4095,v1EDLF,Roam,80,Active,"2023-01-01",20
4096,"2mUqms",Residential,120,Active,"2023-01-01",0
4097,JfhiIt,Residential,120,Active,"2023-01-01",5
4098,J1Mm2T,Residential,120,Active,"2023-01-01",10
4099,TcJAuH,Residential,120,Active,"2023-01-01",20
4100,TFI84Y,Business,250,Active,"2023-01-01",0
4101,"31E94r",Roam,80,Active,"2023-01-01",5
4102,"6Et8Dk",Residential,120,Active,"2023-01-01",10
4103,"7JhVwP",Roam,80,Active,"2023-01-01",20
4104,rMiZbP,Residential,120,Active,"2023-01-01",0
4105,HBPfFm,Residential,120,Active,"2023-01-01",5
4106,b8M0s5,Residential,120,Active,"2023-01-01",10
4107,DtWLWN,Residential,120,Active,"2023-01-01",20
4108,akOZv0,Mini,50,Paused,"2023-01-01",0
4109,cvd95e,Residential,120,Active,"2023-01-01",5
4110,Tx9ee6,Residential,120,Active,"2023-01-01",10
4111,U0r0YG,Residential,120,Active,"2023-01-01",20
4112,"5KVDGa",Mini,50,Active,"2023-01-01",0
4113,EhUZpS,Roam,80,Cancelled,"2023-01-01",5
4114,JGyHmt,Residential,120,Cancelled,"2023-01-01",10
4115,pLsTc4,Residential,120,Active,"2023-01-01",20
4116,"4t6r0K",Business,250,Active,"2023-01-01",0
4117,N50PDG,Residential,120,Active,"2023-01-01",5
4118,Bz09nu,Residential,120,Active,"2023-01-01",10
4119,aYZvzQ,Residential,120,Active,"2023-01-01",20
4120,ln4m6u,Business,250,Active,"2023-01-01",0
4121,eWmJNp,Mini,50,Active,"2023-01-01",5
4122,YP36Ug,Residential,120,Cancelled,"2023-01-01",10
4123,dZr2EJ,Residential,120,Active,"2023-01-01",20
4124,qUIjyW,Roam,80,Active,"2023-01-01",0
4125,qtPF4p,Roam,80,Active,"2023-01-01",5
4126,rmbML7,Roam,80,Active,"2023-01-01",10
4127,gMXAdx,Residential,120,Active,"2023-01-01",20
4128,uifTR0,Residential,120,Active,"2023-01-01",0
4129,Qfp8Mv,Residential,120,Active,"2023-01-01",5
4130,WK7ieL,Business,250,Active,"2023-01-01",10
4131,y3uUi9,Roam,80,Active,"2023-01-01",20
4132,cdFJT0,Residential,120,Paused,"2023-01-01",0
4133,ZLVKBP,Residential,120,Active,"2023-01-01",5
4134,yepR1D,Business,250,Active,"2023-01-01",10
4135,JiFcje,Residential,120,Paused,"2023-01-01",20
4136,GQaNQX,Residential,120,Active,"2023-01-01",0
4137,UgxB5N,Residential,120,Active,"2023-01-01",5
4138,W6BFCR,Residential,120,Cancelled,"2023-01-01",10
4139,kjR7D1,Residential,120,Active,"2023-01-01",20
4140,j89tBc,Roam,80,Active,"2023-01-01",0
4141,"0mQ2o7",Residential,120,Active,"2023-01-01",5
4142,P5y78t,Business,250,Active,"2023-01-01",10
4143,zeJqKO,Mini,50,Active,"2023-01-01",20
4144,QYUSE4,Residential,120,Active,"2023-01-01",0
4145,INM1Mj,Residential,120,Active,"2023-01-01",5
4146,pkqqjv,Residential,120,Active,"2023-01-01",10
4147,AbCIas,Residential,120,Active,"2023-01-01",20
4148,"2jGzqH",Residential,120,Active,"2023-01-01",0
4149,Kb5WSx,Residential,120,Active,"2023-01-01",5
4150,O7iEGd,Roam,80,Active,"2023-01-01",10
4151,"63ayiN",Residential,120,Active,"2023-01-01",20
4152,ozVBZf,Residential,120,Active,"2023-01-01",0
4153,aatpEA,Residential,120,Active,"2023-01-01",5
4154,RlJF6B,Residential,120,Active,"2023-01-01",10
4155,"0tABs1",Residential,120,Active,"2023-01-01",20
4156,vYqlN7,Residential,120,Cancelled,"2023-01-01",0
4157,ek98uY,Residential,120,Paused,"2023-01-01",5
4158,bptHJK,Residential,120,Cancelled,"2023-01-01",10
4159,dI3Nvk,Mini,50,Active,"2023-01-01",20
4160,oIY7eO,Business,250,Paused,"2023-01-01",0
4161,avOa3G,Business,250,Cancelled,"2023-01-01",5
4162,"0WWHa7",Roam,80,Active,"2023-01-01",10
4163,qGeHyu,Residential,120,Active,"2023-01-01",20
4164,Q9QHpI,Residential,120,Active,"2023-01-01",0
4165,U1SS8R,Roam,80,Cancelled,"2023-01-01",5
4166,wpgAZt,Residential,120,Active,"2023-01-01",10
4167,Wi1zxc,Residential,120,Paused,"2023-01-01",20
4168,czpaOx,Business,250,Active,"2023-01-01",0
4169,PxqHAF,Residential,120,Paused,"2023-01-01",5
4170,"1dwDez",Residential,120,Active,"2023-01-01",10
4171,KiESgE,Residential,120,Active,"2023-01-01",20
4172,WVfhUQ,Residential,120,Active,"2023-01-01",0
4173,gYP7Xk,Business,250,Active,"2023-01-01",5
4174,R5exUi,Business,250,Active,"2023-01-01",10
4175,mfBMKb,Residential,120,Active,"2023-01-01",20
4176,"8TvS9m",Residential,120,Paused,"2023-01-01",0
4177,rmHac8,Residential,120,Active,"2023-01-01",5
4178,t1yu1s,Business,250,Active,"2023-01-01",10
4179,KwZqbJ,Residential,120,Active,"2023-01-01",20
4180,uzf5R1,Business,250,Active,"2023-01-01",0
4181,BpXGyU,Mini,50,Active,"2023-01-01",5
4182,n9gp6f,Residential,120,Active,"2023-01-01",10
4183,CY4RBw,Residential,120,Active,"2023-01-01",20
4184,uuS3oz,Residential,120,Active,"2023-01-01",0
4185,uEhefm,Roam,80,Active,"2023-01-01",5
4186,Lv9C5j,Residential,120,Active,"2023-01-01",10
4187,"2rwzDI",Residential,120,Active,"2023-01-01",20
4188,"6Q4EmT",Residential,120,Active,"2023-01-01",0
4189,LdS8XZ,Residential,120,Active,"2023-01-01",5
4190,"21rWz5",Residential,120,Active,"2023-01-01",10
4191,BNb2YL,Roam,80,Paused,"2023-01-01",20
4192,"83874g",Residential,120,Active,"2023-01-01",0
4193,RbJlGG,Residential,120,Active,"2023-01-01",5
4194,"8TwgYR",Residential,120,Cancelled,"2023-01-01",10
4195,wBGADX,Residential,120,Cancelled,"2023-01-01",20
4196,idpLxk,Roam,80,Active,"2023-01-01",0
4197,zSqexF,Residential,120,Paused,"2023-01-01",5
4198,VpMabQ,Residential,120,Active,"2023-01-01",10
4199,VA5OnR,Mini,50,Active,"2023-01-01",20
4200,"6Z59DV",Roam,80,Active,"2023-01-01",0
4201,lGCyiZ,Roam,80,Active,"2023-01-01",5
4202,YcCiEc,Residential,120,Active,"2023-01-01",10
4203,WtNmhf,Roam,80,Active,"2023-01-01",20
4204,NnMzB5,Residential,120,Cancelled,"2023-01-01",0
4205,k4W5wr,Residential,120,Active,"2023-01-01",5
4206,TdH5Dy,Business,250,Active,"2023-01-01",10
4207,YpFPmL,Residential,120,Active,"2023-01-01",20
4208,bVEPRI,Residential,120,Active,"2023-01-01",0
4209,qODsf7,Residential,120,Active,"2023-01-01",5
4210,FEQz0E,Residential,120,Paused,"2023-01-01",10
4211,gWRIZx,Residential,120,Active,"2023-01-01",20
4212,FD1hGY,Residential,120,Active,"2023-01-01",0
4213,U5ri3q,Roam,80,Active,"2023-01-01",5
4214,HySpCC,Residential,120,Active,"2023-01-01",10
4215,P2X2iw,Business,250,Paused,"2023-01-01",20
4216,zSzSix,Mini,50,Active,"2023-01-01",0
4217,vDNvCy,Residential,120,Active,"2023-01-01",5
4218,IW6Wa4,Mini,50,Active,"2023-01-01",10
4219,CoZUmy,Residential,120,Active,"2023-01-01",20
4220,iiIEOm,Residential,120,Active,"2023-01-01",0
4221,t16GSz,Residential,120,Paused,"2023-01-01",5
4222,Z4szi6,Roam,80,Active,"2023-01-01",10
4223,HudDjv,Residential,120,Active,"2023-01-01",20
4224,"3JgzqQ",Residential,120,Active,"2023-01-01",0
4225,DpvCMi,Residential,120,Active,"2023-01-01",5
4226,PckrWM,Residential,120,Active,"2023-01-01",10
4227,EYAIZ5,Residential,120,Cancelled,"2023-01-01",20
4228,NdNbep,Residential,120,Active,"2023-01-01",0
4229,Pf8eGF,Residential,120,Active,"2023-01-01",5
4230,Xe4R2I,Residential,120,Paused,"2023-01-01",10
4231,ElQkyX,Residential,120,Active,"2023-01-01",20
4232,g77GaA,Residential,120,Active,"2023-01-01",0
4233,gn1w0W,Roam,80,Paused,"2023-01-01",5
4234,vzK4rp,Residential,120,Active,"2023-01-01",10
4235,nEoBKH,Business,250,Active,"2023-01-01",20
4236,smdifc,Residential,120,Active,"2023-01-01",0
4237,napbLZ,Business,250,Paused,"2023-01-01",5
4238,r9pO0X,Roam,80,Active,"2023-01-01",10
4239,BXQLvS,Residential,120,Cancelled,"2023-01-01",20
4240,"5rN6wE",Residential,120,Active,"2023-01-01",0
4241,eQFLJm,Mini,50,Active,"2023-01-01",5
4242,DXEzos,Residential,120,Active,"2023-01-01",10
4243,WcsplG,Residential,120,Cancelled,"2023-01-01",20
4244,"6nsgWW",Roam,80,Active,"2023-01-01",0
4245,Pz3RVH,Residential,120,Paused,"2023-01-01",5
4246,BOcjiq,Residential,120,Active,"2023-01-01",10
4247,D6ju8L,Residential,120,Paused,"2023-01-01",20
4248,garOKO,Mini,50,Active,"2023-01-01",0
4249,slnfN5,Roam,80,Active,"2023-01-01",5
4250,iqkxSi,Roam,80,Active,"2023-01-01",10
4251,mIsMCK,Roam,80,Paused,"2023-01-01",20
4252,lgFH5o,Residential,120,Active,"2023-01-01",0
4253,atWZoB,Residential,120,Active,"2023-01-01",5
4254,rfHhTv,Residential,120,Active,"2023-01-01",10
4255,UvfOVS,Roam,80,Active,"2023-01-01",20
4256,MZmJgG,Residential,120,Active,"2023-01-01",0
4257,"0sZbMu",Residential,120,Active,"2023-01-01",5
4258,RIkcoc,Residential,120,Active,"2023-01-01",10
4259,EgAvcP,Roam,80,Active,"2023-01-01",20
4260,JDnThc,Residential,120,Active,"2023-01-01",0
4261,Xn4Fmt,Residential,120,Active,"2023-01-01",5
4262,LAlFIB,Residential,120,Active,"2023-01-01",10
4263,rUhOdV,Residential,120,Active,"2023-01-01",20
4264,gsrCbm,Residential,120,Active,"2023-01-01",0
4265,qljnR2,Roam,80,Active,"2023-01-01",5
4266,qVqXAh,Residential,120,Active,"2023-01-01",10
4267,ecgAfO,Roam,80,Paused,"2023-01-01",20
4268,"8KReSu",Roam,80,Active,"2023-01-01",0
4269,cP6wnC,Residential,120,Active,"2023-01-01",5
4270,"2uFWTG",Roam,80,Active,"2023-01-01",10
4271,mM99Ur,Residential,120,Cancelled,"2023-01-01",20
4272,fKY2lF,Residential,120,Active,"2023-01-01",0
4273,qWCA79,Mini,50,Active,"2023-01-01",5
4274,J5hkAx,Residential,120,Paused,"2023-01-01",10
4275,TTMyHT,Residential,120,Active,"2023-01-01",20
4276,NqWe8y,Residential,120,Active,"2023-01-01",0
4277,Yyw1ik,Residential,120,Active,"2023-01-01",5
4278,NrMOQz,Residential,120,Active,"2023-01-01",10
4279,W6srR0,Residential,120,Active,"2023-01-01",20
4280,mFdAKk,Mini,50,Active,"2023-01-01",0
4281,P9yDUb,Residential,120,Active,"2023-01-01",5
4282,UWrPL4,Roam,80,Active,"2023-01-01",10
4283,wCT4Iq,Residential,120,Active,"2023-01-01",20
4284,BdPg56,Roam,80,Active,"2023-01-01",0
4285,"9MOx9V",Residential,120,Active,"2023-01-01",5
4286,kHDwzE,Residential,120,Active,"2023-01-01",10
4287,rQkzZJ,Residential,120,Active,"2023-01-01",20
4288,bxlMYB,Residential,120,Cancelled,"2023-01-01",0
4289,T4sbEm,Residential,120,Paused,"2023-01-01",5
4290,la7FE3,Roam,80,Paused,"2023-01-01",10
4291,jQzW52,Roam,80,Active,"2023-01-01",20
4292,kXWzm7,Residential,120,Active,"2023-01-01",0
4293,n8PaS6,Residential,120,Cancelled,"2023-01-01",5
4294,YqdSJe,Roam,80,Cancelled,"2023-01-01",10
4295,bttGFk,Residential,120,Paused,"2023-01-01",20
4296,"4JF6EB",Residential,120,Paused,"2023-01-01",0
4297,qmYYoe,Residential,120,Active,"2023-01-01",5
4298,yY6J8G,Residential,120,Active,"2023-01-01",10
4299,Vsy4Nx,Residential,120,Active,"2023-01-01",20
4300,oIlIrH,Business,250,Cancelled,"2023-01-01",0
4301,Ov8V46,Residential,120,Active,"2023-01-01",5
4302,ZssTKu,Mini,50,Active,"2023-01-01",10
4303,"5Adnec",Roam,80,Active,"2023-01-01",20
4304,c9LVI0,Residential,120,Paused,"2023-01-01",0
4305,zV26q7,Residential,120,Active,"2023-01-01",5
4306,EmJVDl,Residential,120,Active,"2023-01-01",10
4307,"71S87X",Business,250,Active,"2023-01-01",20
4308,dgH8mM,Residential,120,Active,"2023-01-01",0
4309,Y41Eg0,Business,250,Active,"2023-01-01",5
4310,eubKzH,Mini,50,Active,"2023-01-01",10
4311,OD4cRi,Residential,120,Active,"2023-01-01",20
4312,"7GXkHY",Residential,120,Active,"2023-01-01",0
4313,"7dWeDl",Mini,50,Paused,"2023-01-01",5
4314,QZjxkc,Residential,120,Paused,"2023-01-01",10
4315,WE4JTu,Roam,80,Active,"2023-01-01",20
4316,"0Hrc9y",Roam,80,Cancelled,"2023-01-01",0
4317,sTnXrW,Residential,120,Cancelled,"2023-01-01",5
4318,dMUJ4v,Residential,120,Active,"2023-01-01",10
4319,Fsi2uT,Business,250,Paused,"2023-01-01",20
4320,y4y8pf,Mini,50,Active,"2023-01-01",0
4321,yplrQy,Residential,120,Active,"2023-01-01",5
4322,gFtYdh,Residential,120,Active,"2023-01-01",10
4323,QnIoLl,Business,250,Active,"2023-01-01",20
4324,"3a5JlZ",Residential,120,Paused,"2023-01-01",0
4325,"8r3A4X",Roam,80,Active,"2023-01-01",5
4326,HnhnfW,Roam,80,Active,"2023-01-01",10
4327,RAAiB3,Mini,50,Paused,"2023-01-01",20
4328,rjtbbU,Roam,80,Paused,"2023-01-01",0
4329,qa2H6A,Residential,120,Active,"2023-01-01",5
4330,ySa69q,Mini,50,Active,"2023-01-01",10
4331,Y3YfmG,Residential,120,Active,"2023-01-01",20
4332,Kbs9M9,Residential,120,Active,"2023-01-01",0
4333,gMnwbK,Business,250,Active,"2023-01-01",5
4334,OjhYpN,Roam,80,Active,"2023-01-01",10
4335,U8ouAi,Roam,80,Cancelled,"2023-01-01",20
4336,ElhKAl,Roam,80,Paused,"2023-01-01",0
4337,KyVAdH,Mini,50,Paused,"2023-01-01",5
4338,Zkkzgu,Residential,120,Active,"2023-01-01",10
4339,hPic9U,Roam,80,Active,"2023-01-01",20
4340,i1bqDV,Residential,120,Cancelled,"2023-01-01",0
4341,WJpM2i,Residential,120,Active,"2023-01-01",5
4342,BokcJ9,Mini,50,Active,"2023-01-01",10
4343,GYv2yI,Mini,50,Active,"2023-01-01",20
4344,iuntOS,Residential,120,Paused,"2023-01-01",0
4345,LfxUa1,Residential,120,Active,"2023-01-01",5
4346,QuEECG,Mini,50,Paused,"2023-01-01",10
4347,qsshlL,Residential,120,Active,"2023-01-01",20
4348,QT9GkM,Mini,50,Active,"2023-01-01",0
4349,AbJaZb,Mini,50,Active,"2023-01-01",5
4350,"33id8W",Mini,50,Active,"2023-01-01",10
4351,yT7PlP,Residential,120,Active,"2023-01-01",20
4352,cOhsTC,Roam,80,Cancelled,"2023-01-01",0
4353,AFtFnP,Residential,120,Paused,"2023-01-01",5
4354,i5w5m4,Residential,120,Active,"2023-01-01",10
4355,FI9tnk,Roam,80,Paused,"2023-01-01",20
4356,fR3Zuq,Residential,120,Active,"2023-01-01",0
4357,uecpif,Residential,120,Active,"2023-01-01",5
4358,zd7g3p,Roam,80,Cancelled,"2023-01-01",10
4359,mQc6Hn,Roam,80,Cancelled,"2023-01-01",20
4360,tjXFbc,Residential,120,Active,"2023-01-01",0
4361,XPPYmd,Mini,50,Active,"2023-01-01",5
4362,MygkRg,Business,250,Active,"2023-01-01",10
4363,wt1Ilg,Residential,120,Active,"2023-01-01",20
4364,"4zq87c",Residential,120,Active,"2023-01-01",0
4365,VJJ8Pu,Roam,80,Active,"2023-01-01",5
4366,B4MM7Q,Residential,120,Active,"2023-01-01",10
4367,G3V43e,Residential,120,Active,"2023-01-01",20
4368,oaxzIy,Residential,120,Active,"2023-01-01",0
4369,Oa9NL9,Roam,80,Active,"2023-01-01",5
4370,"2BBd2o",Residential,120,Active,"2023-01-01",10
4371,Mo8FYM,Residential,120,Active,"2023-01-01",20
4372,KBI2Z3,Residential,120,Active,"2023-01-01",0
4373,N8vQ1o,Residential,120,Active,"2023-01-01",5
4374,H1YuTJ,Residential,120,Cancelled,"2023-01-01",10
4375,lxqRvX,Residential,120,Active,"2023-01-01",20
4376,seSjWH,Residential,120,Cancelled,"2023-01-01",0
4377,wXJoRo,Roam,80,Active,"2023-01-01",5
4378,e5Dv3q,Roam,80,Active,"2023-01-01",10
4379,xh9hcm,Roam,80,Active,"2023-01-01",20
4380,nEJvwH,Residential,120,Active,"2023-01-01",0
4381,sBZJ76,Mini,50,Active,"2023-01-01",5
4382,AYa8x1,Residential,120,Active,"2023-01-01",10
4383,xM3kFg,Roam,80,Active,"2023-01-01",20
4384,oNNeL3,Residential,120,Active,"2023-01-01",0
4385,hfqCZW,Residential,120,Active,"2023-01-01",5
4386,VbKQhZ,Residential,120,Active,"2023-01-01",10
4387,juxZEO,Residential,120,Active,"2023-01-01",20
4388,z27ybj,Business,250,Active,"2023-01-01",0
4389,ISK0IP,Roam,80,Paused,"2023-01-01",5
4390,yEEtt3,Business,250,Cancelled,"2023-01-01",10
4391,YPUfue,Residential,120,Active,"2023-01-01",20
4392,SLXlMJ,Residential,120,Paused,"2023-01-01",0
4393,T6jBPV,Residential,120,Active,"2023-01-01",5
4394,JNiSt3,Business,250,Active,"2023-01-01",10
4395,"4qBYRq",Roam,80,Active,"2023-01-01",20
4396,Bg3E1j,Residential,120,Cancelled,"2023-01-01",0
4397,YScvSN,Roam,80,Active,"2023-01-01",5
4398,BfeZSr,Residential,120,Cancelled,"2023-01-01",10
4399,sKCPMq,Roam,80,Active,"2023-01-01",20
4400,yTuCcP,Roam,80,Active,"2023-01-01",0
4401,BxyLYF,Mini,50,Active,"2023-01-01",5
4402,XgTqSd,Residential,120,Active,"2023-01-01",10
4403,BTF8aq,Residential,120,Active,"2023-01-01",20
4404,d8F9TW,Mini,50,Active,"2023-01-01",0
4405,xBFK6g,Business,250,Cancelled,"2023-01-01",5
4406,qjO2tp,Business,250,Cancelled,"2023-01-01",10
4407,HzSNRx,Mini,50,Cancelled,"2023-01-01",20
4408,kXkSE4,Roam,80,Active,"2023-01-01",0
4409,fLerNH,Residential,120,Cancelled,"2023-01-01",5
4410,RG9vHn,Roam,80,Active,"2023-01-01",10
4411,QW9XnR,Residential,120,Active,"2023-01-01",20
4412,GveqXq,Residential,120,Active,"2023-01-01",0
4413,mh8kVd,Residential,120,Active,"2023-01-01",5
4414,"6nffz2",Roam,80,Active,"2023-01-01",10
4415,"6RJkpN",Roam,80,Active,"2023-01-01",20
4416,MIkV34,Roam,80,Cancelled,"2023-01-01",0
4417,"1whoVM",Residential,120,Active,"2023-01-01",5
4418,THwIze,Residential,120,Active,"2023-01-01",10
4419,bcaSg7,Residential,120,Active,"2023-01-01",20
4420,ySoH0v,Residential,120,Active,"2023-01-01",0
4421,utFGl6,Residential,120,Active,"2023-01-01",5
4422,Llp7QT,Residential,120,Active,"2023-01-01",10
4423,j4nArP,Residential,120,Active,"2023-01-01",20
4424,HLzaK0,Residential,120,Active,"2023-01-01",0
4425,"0Yg7NZ",Residential,120,Active,"2023-01-01",5
4426,"41uqgO",Roam,80,Paused,"2023-01-01",10
4427,r4Eh0C,Mini,50,Paused,"2023-01-01",20
4428,KVjrnw,Residential,120,Active,"2023-01-01",0
4429,h30Gsc,Residential,120,Active,"2023-01-01",5
4430,Nhfi0Z,Residential,120,Active,"2023-01-01",10
4431,obRA06,Residential,120,Cancelled,"2023-01-01",20
4432,HhrV5u,Mini,50,Active,"2023-01-01",0
4433,VfkGHG,Roam,80,Active,"2023-01-01",5
4434,dcvSqX,Residential,120,Active,"2023-01-01",10
4435,mRtv5X,Roam,80,Active,"2023-01-01",20
4436,l73eWl,Roam,80,Active,"2023-01-01",0
4437,nn0y7p,Business,250,Active,"2023-01-01",5
4438,BPf6V9,Residential,120,Active,"2023-01-01",10
4439,FlC8Nh,Roam,80,Paused,"2023-01-01",20
4440,YyeNdj,Residential,120,Active,"2023-01-01",0
4441,"4rZvsf",Residential,120,Paused,"2023-01-01",5
4442,egWYK1,Roam,80,Active,"2023-01-01",10
4443,MxXs8Y,Mini,50,Active,"2023-01-01",20
4444,bzEiNi,Residential,120,Active,"2023-01-01",0
4445,gZdlxA,Residential,120,Active,"2023-01-01",5
4446,"6xYCgu",Residential,120,Active,"2023-01-01",10
4447,"0XB2ow",Roam,80,Active,"2023-01-01",20
4448,uKoneN,Mini,50,Active,"2023-01-01",0
4449,LxAAJj,Business,250,Active,"2023-01-01",5
4450,V9uSmY,Residential,120,Active,"2023-01-01",10
4451,E0e9aF,Residential,120,Active,"2023-01-01",20
4452,hfAtnE,Residential,120,Cancelled,"2023-01-01",0
4453,KKil3J,Business,250,Active,"2023-01-01",5
4454,Leh6NA,Business,250,Paused,"2023-01-01",10
4455,koCH36,Residential,120,Active,"2023-01-01",20
4456,vQ0oBR,Residential,120,Active,"2023-01-01",0
4457,s4otel,Residential,120,Active,"2023-01-01",5
4458,rqdz3v,Business,250,Active,"2023-01-01",10
4459,lWep6A,Residential,120,Active,"2023-01-01",20
4460,KMyGPt,Residential,120,Active,"2023-01-01",0
4461,QGQ4kB,Residential,120,Active,"2023-01-01",5
4462,"9ukWyp",Business,250,Active,"2023-01-01",10
4463,cLyg4V,Residential,120,Active,"2023-01-01",20
4464,"2fTB9X",Residential,120,Cancelled,"2023-01-01",0
4465,vWvw1A,Residential,120,Active,"2023-01-01",5
4466,P3BE5h,Business,250,Active,"2023-01-01",10
4467,SJ6TSE,Roam,80,Cancelled,"2023-01-01",20
4468,"2j1d4L",Residential,120,Active,"2023-01-01",0
4469,xeAIsi,Residential,120,Active,"2023-01-01",5
4470,jtuEU9,Residential,120,Active,"2023-01-01",10
4471,papwYv,Residential,120,Active,"2023-01-01",20
4472,OI10kw,Residential,120,Active,"2023-01-01",0
4473,Vc8h8J,Mini,50,Paused,"2023-01-01",5
4474,NAmw1R,Residential,120,Active,"2023-01-01",10
4475,"6DA8SH",Residential,120,Active,"2023-01-01",20
4476,"7fyYBN",Business,250,Active,"2023-01-01",0
4477,gVFsRo,Residential,120,Active,"2023-01-01",5
4478,c02g2r,Business,250,Active,"2023-01-01",10
4479,IfbJqn,Residential,120,Cancelled,"2023-01-01",20
4480,y0j4I7,Roam,80,Active,"2023-01-01",0
4481,Rk771c,Residential,120,Active,"2023-01-01",5
4482,"6pgoU9",Roam,80,Active,"2023-01-01",10
4483,osa5sO,Residential,120,Active,"2023-01-01",20
4484,bIgixw,Mini,50,Active,"2023-01-01",0
4485,VMTONO,Residential,120,Active,"2023-01-01",5
4486,"0gGPtG",Mini,50,Active,"2023-01-01",10
4487,"9Kb98c",Residential,120,Active,"2023-01-01",20
4488,kQtboU,Residential,120,Cancelled,"2023-01-01",0
4489,XXgsxy,Residential,120,Active,"2023-01-01",5
4490,GVIQFS,Residential,120,Paused,"2023-01-01",10
4491,HhraHs,Roam,80,Cancelled,"2023-01-01",20
4492,a3DIbT,Residential,120,Active,"2023-01-01",0
4493,pM8Z15,Roam,80,Active,"2023-01-01",5
4494,BLil0f,Residential,120,Active,"2023-01-01",10
4495,"8eor1a",Residential,120,Active,"2023-01-01",20
4496,sjiisz,Residential,120,Active,"2023-01-01",0
4497,CXUkU4,Residential,120,Active,"2023-01-01",5
4498,tSWENk,Residential,120,Active,"2023-01-01",10
4499,WC0v7x,Residential,120,Active,"2023-01-01",20
4500,LBDtAl,Residential,120,Active,"2023-01-01",0
4501,Wwco1h,Residential,120,Paused,"2023-01-01",5
4502,Vvkh4K,Mini,50,Active,"2023-01-01",10
4503,nDE3i5,Residential,120,Active,"2023-01-01",20
4504,"8yowIN",Residential,120,Active,"2023-01-01",0
4505,PuJ26i,Residential,120,Active,"2023-01-01",5
4506,Y6PiSC,Residential,120,Paused,"2023-01-01",10
4507,HIDJGo,Residential,120,Active,"2023-01-01",20
4508,"8PsESV",Residential,120,Cancelled,"2023-01-01",0
4509,B7GR4D,Business,250,Active,"2023-01-01",5
4510,"1XfLSJ",Residential,120,Cancelled,"2023-01-01",10
4511,AnqZuJ,Residential,120,Active,"2023-01-01",20
4512,"4j1B0v",Residential,120,Paused,"2023-01-01",0
4513,EWhTh7,Roam,80,Active,"2023-01-01",5
4514,kr9CWX,Residential,120,Cancelled,"2023-01-01",10
4515,z2T0iN,Residential,120,Active,"2023-01-01",20
4516,C2WMGA,Residential,120,Cancelled,"2023-01-01",0
4517,BaPVH1,Roam,80,Active,"2023-01-01",5
4518,xlR3Nw,Roam,80,Active,"2023-01-01",10
4519,cgXFdh,Residential,120,Active,"2023-01-01",20
4520,U0QBEA,Residential,120,Active,"2023-01-01",0
4521,Qh2ttO,Residential,120,Active,"2023-01-01",5
4522,VsQwHt,Residential,120,Active,"2023-01-01",10
4523,kvj0tx,Mini,50,Active,"2023-01-01",20
4524,eiAnl0,Business,250,Paused,"2023-01-01",0
4525,Uz0l23,Residential,120,Cancelled,"2023-01-01",5
4526,ZFfPli,Business,250,Active,"2023-01-01",10
4527,b0PRYw,Residential,120,Active,"2023-01-01",20
4528,YkWVdB,Residential,120,Active,"2023-01-01",0
4529,xnQvbk,Residential,120,Active,"2023-01-01",5
4530,eurTZB,Residential,120,Active,"2023-01-01",10
4531,N5P8aI,Roam,80,Active,"2023-01-01",20
4532,"807qI3",Residential,120,Active,"2023-01-01",0
4533,"3znAOS",Residential,120,Active,"2023-01-01",5
4534,kEINHw,Business,250,Active,"2023-01-01",10
4535,X2082m,Residential,120,Active,"2023-01-01",20
4536,"8FtOGy",Residential,120,Active,"2023-01-01",0
4537,uDSD8c,Roam,80,Active,"2023-01-01",5
4538,"1xcmlA",Residential,120,Cancelled,"2023-01-01",10
4539,WJ7JXZ,Residential,120,Active,"2023-01-01",20
4540,x9IC5D,Business,250,Active,"2023-01-01",0
4541,WlsCDb,Residential,120,Active,"2023-01-01",5
4542,"92wbXi",Residential,120,Active,"2023-01-01",10
4543,HzlwUM,Mini,50,Active,"2023-01-01",20
4544,"4wNGMP",Residential,120,Active,"2023-01-01",0
4545,DX7X3I,Residential,120,Active,"2023-01-01",5
4546,C9Ast0,Residential,120,Active,"2023-01-01",10
4547,vQCbEF,Roam,80,Active,"2023-01-01",20
4548,J3Fqqj,Residential,120,Active,"2023-01-01",0
4549,Wxud7q,Roam,80,Active,"2023-01-01",5
4550,gi8wVZ,Roam,80,Cancelled,"2023-01-01",10
4551,qgXKVu,Roam,80,Active,"2023-01-01",20
4552,z5lgF5,Residential,120,Active,"2023-01-01",0
4553,YkPHhw,Residential,120,Active,"2023-01-01",5
4554,ZoY30W,Residential,120,Active,"2023-01-01",10
4555,G5xLKX,Residential,120,Cancelled,"2023-01-01",20
4556,KGyqEA,Mini,50,Active,"2023-01-01",0
4557,T1OUBR,Residential,120,Cancelled,"2023-01-01",5
4558,"1Ycd9n",Residential,120,Active,"2023-01-01",10
4559,vGMED9,Roam,80,Active,"2023-01-01",20
4560,Iwgpqz,Residential,120,Active,"2023-01-01",0
4561,R3Wzms,Business,250,Active,"2023-01-01",5
4562,JZOGRp,Residential,120,Active,"2023-01-01",10
4563,xsP2SH,Roam,80,Active,"2023-01-01",20
4564,Qu9KJg,Business,250,Active,"2023-01-01",0
4565,NroSjR,Business,250,Active,"2023-01-01",5
4566,oV4YQr,Mini,50,Active,"2023-01-01",10
4567,Wh4Ofu,Residential,120,Active,"2023-01-01",20
4568,Y2nT7T,Residential,120,Active,"2023-01-01",0
4569,XJUk13,Residential,120,Paused,"2023-01-01",5
4570,m6Ltol,Roam,80,Active,"2023-01-01",10
4571,tfeT6k,Residential,120,Active,"2023-01-01",20
4572,Jgz0dg,Roam,80,Active,"2023-01-01",0
4573,B6kOjP,Residential,120,Active,"2023-01-01",5
4574,"3Bh4Zu",Residential,120,Paused,"2023-01-01",10
4575,YYLu79,Roam,80,Active,"2023-01-01",20
4576,q0cpzn,Mini,50,Active,"2023-01-01",0
4577,c2caKy,Mini,50,Active,"2023-01-01",5
4578,w3LgJD,Roam,80,Active,"2023-01-01",10
4579,QoOOqb,Roam,80,Active,"2023-01-01",20
4580,pC6N5r,Residential,120,Paused,"2023-01-01",0
4581,"384WTS",Roam,80,Active,"2023-01-01",5
4582,rlN7eZ,Residential,120,Cancelled,"2023-01-01",10
4583,QwQDFL,Residential,120,Active,"2023-01-01",20
4584,it9Nya,Business,250,Active,"2023-01-01",0
4585,R0WC7c,Residential,120,Paused,"2023-01-01",5
4586,NPIaJ5,Residential,120,Active,"2023-01-01",10
4587,rErniU,Business,250,Active,"2023-01-01",20
4588,K0nJX5,Residential,120,Paused,"2023-01-01",0
4589,udafsh,Residential,120,Active,"2023-01-01",5
4590,qUVKK0,Roam,80,Active,"2023-01-01",10
4591,kI32F3,Roam,80,Active,"2023-01-01",20
4592,lb1WoS,Residential,120,Active,"2023-01-01",0
4593,xisEdA,Mini,50,Active,"2023-01-01",5
4594,nRnUY9,Residential,120,Active,"2023-01-01",10
4595,XCqn16,Mini,50,Active,"2023-01-01",20
4596,k0Afje,Residential,120,Active,"2023-01-01",0
4597,HjJWGx,Roam,80,Active,"2023-01-01",5
4598,sYFIDE,Residential,120,Active,"2023-01-01",10
4599,"9XGWrE",Roam,80,Active,"2023-01-01",20
4600,fH91cV,Residential,120,Active,"2023-01-01",0
4601,"7b3qY8",Residential,120,Active,"2023-01-01",5
4602,to0VIf,Roam,80,Active,"2023-01-01",10
4603,B4Ei8t,Residential,120,Active,"2023-01-01",20
4604,lvIepo,Roam,80,Active,"2023-01-01",0
4605,d26UMR,Residential,120,Active,"2023-01-01",5
4606,U5kk4e,Residential,120,Active,"2023-01-01",10
4607,"6QdRkb",Residential,120,Active,"2023-01-01",20
4608,"3HVzNn",Residential,120,Active,"2023-01-01",0
4609,Ok7XZB,Mini,50,Cancelled,"2023-01-01",5
4610,gSytBj,Residential,120,Active,"2023-01-01",10
4611,wxqIIt,Roam,80,Active,"2023-01-01",20
4612,tqWxB4,Residential,120,Cancelled,"2023-01-01",0
4613,EkmE0O,Residential,120,Paused,"2023-01-01",5
4614,"1oOLaW",Residential,120,Active,"2023-01-01",10
4615,az533S,Roam,80,Active,"2023-01-01",20
4616,hYjrB8,Residential,120,Active,"2023-01-01",0
4617,hdjLFp,Roam,80,Active,"2023-01-01",5
4618,"7WdBTQ",Residential,120,Active,"2023-01-01",10
4619,Rw7prN,Roam,80,Active,"2023-01-01",20
4620,ihJc1y,Residential,120,Active,"2023-01-01",0
4621,vBCUnR,Roam,80,Active,"2023-01-01",5
4622,uvUBAy,Residential,120,Active,"2023-01-01",10
4623,uzk47Z,Residential,120,Active,"2023-01-01",20
4624,YJOAbh,Residential,120,Active,"2023-01-01",0
4625,yMPVuH,Residential,120,Active,"2023-01-01",5
4626,NVS9QJ,Residential,120,Active,"2023-01-01",10
4627,xtBa1e,Residential,120,Active,"2023-01-01",20
4628,PczVQ8,Residential,120,Cancelled,"2023-01-01",0
4629,U9avBG,Roam,80,Paused,"2023-01-01",5
4630,qPvRMC,Business,250,Cancelled,"2023-01-01",10
4631,am2sHa,Roam,80,Active,"2023-01-01",20
4632,UtVehk,Business,250,Active,"2023-01-01",0
4633,TKwBCP,Residential,120,Active,"2023-01-01",5
4634,QnDBkZ,Residential,120,Paused,"2023-01-01",10
4635,LpHMIZ,Business,250,Active,"2023-01-01",20
4636,HVe3by,Business,250,Paused,"2023-01-01",0
4637,CRSsMY,Business,250,Active,"2023-01-01",5
4638,"9CMlE0",Residential,120,Active,"2023-01-01",10
4639,B5yeTD,Residential,120,Active,"2023-01-01",20
4640,n3r8lW,Residential,120,Active,"2023-01-01",0
4641,"9IEitB",Residential,120,Active,"2023-01-01",5
4642,uj7QMI,Residential,120,Active,"2023-01-01",10
4643,PyaUQZ,Residential,120,Active,"2023-01-01",20
4644,NKn6rb,Residential,120,Cancelled,"2023-01-01",0
4645,"7sABAq",Residential,120,Active,"2023-01-01",5
4646,ZYXMT0,Residential,120,Paused,"2023-01-01",10
4647,"0QXtDT",Mini,50,Active,"2023-01-01",20
4648,cM44LY,Residential,120,Active,"2023-01-01",0
4649,r97OKp,Residential,120,Active,"2023-01-01",5
4650,"3T8TQb",Roam,80,Active,"2023-01-01",10
4651,wsKcXm,Roam,80,Active,"2023-01-01",20
4652,vb17ST,Residential,120,Active,"2023-01-01",0
4653,fqPZpi,Residential,120,Active,"2023-01-01",5
4654,PijXtS,Residential,120,Active,"2023-01-01",10
4655,UWhAis,Roam,80,Paused,"2023-01-01",20
4656,JsA4qE,Roam,80,Active,"2023-01-01",0
4657,eng7vh,Residential,120,Active,"2023-01-01",5
4658,lZB7oU,Roam,80,Active,"2023-01-01",10
4659,ujgqQJ,Roam,80,Cancelled,"2023-01-01",20
4660,"5xOBSq",Residential,120,Paused,"2023-01-01",0
4661,Ztf3AS,Mini,50,Active,"2023-01-01",5
4662,xtSV2c,Mini,50,Active,"2023-01-01",10
4663,"8tVXCk",Residential,120,Active,"2023-01-01",20
4664,q2qlRd,Residential,120,Active,"2023-01-01",0
4665,wH2fOp,Residential,120,Active,"2023-01-01",5
4666,TtLFxJ,Residential,120,Active,"2023-01-01",10
4667,FVlfUH,Mini,50,Active,"2023-01-01",20
4668,xNHtbx,Residential,120,Active,"2023-01-01",0
4669,g8i9Zx,Residential,120,Active,"2023-01-01",5
4670,g4R3AB,Mini,50,Paused,"2023-01-01",10
4671,gMSQdQ,Residential,120,Active,"2023-01-01",20
4672,WqXEW0,Residential,120,Cancelled,"2023-01-01",0
4673,bUeeXV,Mini,50,Active,"2023-01-01",5
4674,"9Ru2QY",Roam,80,Active,"2023-01-01",10
4675,qybYEa,Residential,120,Active,"2023-01-01",20
4676,pUtNCc,Roam,80,Cancelled,"2023-01-01",0
4677,"7zrlSa",Business,250,Active,"2023-01-01",5
4678,SYjJUu,Roam,80,Active,"2023-01-01",10
4679,lsNvs3,Roam,80,Active,"2023-01-01",20
4680,IlA7gX,Roam,80,Active,"2023-01-01",0
4681,spWSSU,Residential,120,Active,"2023-01-01",5
4682,aNYzLP,Residential,120,Active,"2023-01-01",10
4683,"0f7NiE",Residential,120,Active,"2023-01-01",20
4684,VEZ2kW,Roam,80,Paused,"2023-01-01",0
4685,EwZyEb,Residential,120,Active,"2023-01-01",5
4686,IwH9CO,Roam,80,Cancelled,"2023-01-01",10
4687,Tj5WLg,Residential,120,Active,"2023-01-01",20
4688,DpdhEN,Mini,50,Active,"2023-01-01",0
4689,nUkTOC,Residential,120,Cancelled,"2023-01-01",5
4690,xMg5hT,Mini,50,Paused,"2023-01-01",10
4691,gTM9DQ,Business,250,Active,"2023-01-01",20
4692,RtxX2g,Residential,120,Paused,"2023-01-01",0
4693,ZW45QK,Residential,120,Active,"2023-01-01",5
4694,WrEi1L,Residential,120,Active,"2023-01-01",10
4695,iLGHQl,Residential,120,Active,"2023-01-01",20
4696,"7KS7rr",Roam,80,Active,"2023-01-01",0
4697,zv9csM,Residential,120,Active,"2023-01-01",5
4698,MYJCnM,Residential,120,Active,"2023-01-01",10
4699,QUzt1E,Residential,120,Active,"2023-01-01",20
4700,Bbw9ZG,Roam,80,Cancelled,"2023-01-01",0
4701,P9nOc4,Residential,120,Active,"2023-01-01",5
4702,Ba82qh,Residential,120,Paused,"2023-01-01",10
4703,RYUTNR,Residential,120,Active,"2023-01-01",20
4704,Onx3iU,Mini,50,Cancelled,"2023-01-01",0
4705,"0800Tg",Residential,120,Active,"2023-01-01",5
4706,zQWXfv,Residential,120,Active,"2023-01-01",10
4707,wCUhoT,Business,250,Paused,"2023-01-01",20
4708,McWFhD,Roam,80,Paused,"2023-01-01",0
4709,UqMOoL,Business,250,Active,"2023-01-01",5
4710,"6N31SZ",Residential,120,Active,"2023-01-01",10
4711,GFJvnT,Residential,120,Active,"2023-01-01",20
4712,"3lF6k7",Residential,120,Cancelled,"2023-01-01",0
4713,UzgNwC,Residential,120,Active,"2023-01-01",5
4714,pBVotE,Business,250,Paused,"2023-01-01",10
4715,pqaEGb,Residential,120,Active,"2023-01-01",20
4716,XLOQSO,Residential,120,Active,"2023-01-01",0
4717,"2SYRHf",Residential,120,Active,"2023-01-01",5
4718,x8OR1z,Residential,120,Active,"2023-01-01",10
4719,M56j3v,Business,250,Paused,"2023-01-01",20
4720,TpZzrh,Roam,80,Active,"2023-01-01",0
4721,i1wX2W,Residential,120,Active,"2023-01-01",5
4722,wfRISz,Residential,120,Active,"2023-01-01",10
4723,kuBsci,Residential,120,Paused,"2023-01-01",20
4724,"7WnpN9",Residential,120,Active,"2023-01-01",0
4725,MlNCh5,Residential,120,Active,"2023-01-01",5
4726,FFSNCI,Business,250,Active,"2023-01-01",10
4727,A05f8l,Roam,80,Active,"2023-01-01",20
4728,HImT7u,Residential,120,Active,"2023-01-01",0
4729,"7WzNsv",Residential,120,Active,"2023-01-01",5
4730,R69nCH,Mini,50,Active,"2023-01-01",10
4731,t6OHDY,Roam,80,Active,"2023-01-01",20
4732,jmLVOk,Residential,120,Cancelled,"2023-01-01",0
4733,JLfYOa,Residential,120,Active,"2023-01-01",5
4734,q5W2JU,Residential,120,Active,"2023-01-01",10
4735,y4L8ey,Residential,120,Active,"2023-01-01",20
4736,CyBNGJ,Residential,120,Active,"2023-01-01",0
4737,NGhLn8,Roam,80,Active,"2023-01-01",5
4738,fdjPbX,Residential,120,Active,"2023-01-01",10
4739,Pj6Xl5,Residential,120,Paused,"2023-01-01",20
4740,fxVlSe,Residential,120,Active,"2023-01-01",0
4741,"6fGC9D",Business,250,Active,"2023-01-01",5
4742,u3TQzr,Residential,120,Paused,"2023-01-01",10
4743,jfgGPV,Residential,120,Active,"2023-01-01",20
4744,Qo5qtE,Mini,50,Cancelled,"2023-01-01",0
4745,"8sliB9",Business,250,Active,"2023-01-01",5
4746,gAjKmi,Roam,80,Cancelled,"2023-01-01",10
4747,GEdbNn,Residential,120,Active,"2023-01-01",20
4748,TPH8LQ,Residential,120,Paused,"2023-01-01",0
4749,BM0CfU,Residential,120,Active,"2023-01-01",5
4750,kQuARx,Roam,80,Active,"2023-01-01",10
4751,vozc9Y,Residential,120,Active,"2023-01-01",20
4752,CjZIpp,Residential,120,Paused,"2023-01-01",0
4753,Lzbwzb,Residential,120,Cancelled,"2023-01-01",5
4754,FwnWWl,Residential,120,Active,"2023-01-01",10
4755,zatjNQ,Mini,50,Active,"2023-01-01",20
4756,aRmNfy,Residential,120,Active,"2023-01-01",0
4757,zvzvF9,Roam,80,Active,"2023-01-01",5
4758,W0oC9Y,Roam,80,Active,"2023-01-01",10
4759,MIeO46,Residential,120,Cancelled,"2023-01-01",20
4760,pg3Css,Residential,120,Paused,"2023-01-01",0
4761,A4wrG6,Mini,50,Paused,"2023-01-01",5
4762,S0IEWQ,Residential,120,Active,"2023-01-01",10
4763,YPMuBH,Residential,120,Active,"2023-01-01",20
4764,aqLk9o,Roam,80,Active,"2023-01-01",0
4765,E70bYx,Residential,120,Active,"2023-01-01",5
4766,l0pSvT,Roam,80,Active,"2023-01-01",10
4767,MAOFWu,Business,250,Active,"2023-01-01",20
4768,"0gcSOa",Business,250,Active,"2023-01-01",0
4769,"6aEgv7",Residential,120,Cancelled,"2023-01-01",5
4770,mSiXXc,Residential,120,Active,"2023-01-01",10
4771,aRY9Ai,Residential,120,Active,"2023-01-01",20
4772,Ijv6WS,Residential,120,Active,"2023-01-01",0
4773,K2eysC,Business,250,Active,"2023-01-01",5
4774,Pbdn0t,Residential,120,Active,"2023-01-01",10
4775,zzFuTq,Roam,80,Paused,"2023-01-01",20
4776,"2G3K7K",Roam,80,Active,"2023-01-01",0
4777,ri0dpN,Business,250,Active,"2023-01-01",5
4778,dgvj3h,Residential,120,Paused,"2023-01-01",10
4779,"0fSlqP",Mini,50,Active,"2023-01-01",20
4780,Z5pBgH,Business,250,Active,"2023-01-01",0
4781,rq8lSs,Residential,120,Active,"2023-01-01",5
4782,"6NRh1i",Residential,120,Active,"2023-01-01",10
4783,SVzK1K,Residential,120,Active,"2023-01-01",20
4784,UGiw2A,Mini,50,Active,"2023-01-01",0
4785,LfFpSd,Roam,80,Active,"2023-01-01",5
4786,esyxEm,Residential,120,Active,"2023-01-01",10
4787,vXnIG5,Roam,80,Active,"2023-01-01",20
4788,RhjSuK,Residential,120,Active,"2023-01-01",0
4789,f1GyXx,Roam,80,Paused,"2023-01-01",5
4790,QisfbJ,Residential,120,Active,"2023-01-01",10
4791,roz2c3,Residential,120,Active,"2023-01-01",20
4792,Is9hVL,Roam,80,Active,"2023-01-01",0
4793,XLmasW,Business,250,Active,"2023-01-01",5
4794,"35nIWo",Residential,120,Active,"2023-01-01",10
4795,S7sL7x,Roam,80,Active,"2023-01-01",20
4796,tbzEoC,Residential,120,Paused,"2023-01-01",0
4797,l5BwfP,Residential,120,Active,"2023-01-01",5
4798,"7nvsxI",Business,250,Active,"2023-01-01",10
4799,s0GxK9,Roam,80,Active,"2023-01-01",20
4800,"9KReXA",Residential,120,Active,"2023-01-01",0
4801,lXbmxV,Business,250,Cancelled,"2023-01-01",5
4802,RdzHzm,Mini,50,Paused,"2023-01-01",10
4803,"0wZSbT",Business,250,Active,"2023-01-01",20
4804,jJc0Ee,Residential,120,Active,"2023-01-01",0
4805,kgAQfd,Business,250,Paused,"2023-01-01",5
4806,hFmYAj,Residential,120,Active,"2023-01-01",10
4807,SJNCji,Residential,120,Active,"2023-01-01",20
4808,KIm0yC,Residential,120,Active,"2023-01-01",0
4809,EOnAA7,Residential,120,Active,"2023-01-01",5
4810,w1mlcy,Residential,120,Active,"2023-01-01",10
4811,y7cqvo,Roam,80,Cancelled,"2023-01-01",20
4812,VfOrIX,Roam,80,Active,"2023-01-01",0
4813,udSm68,Residential,120,Active,"2023-01-01",5
4814,UXssLE,Residential,120,Active,"2023-01-01",10
4815,FBPuFh,Mini,50,Active,"2023-01-01",20
4816,XrcLFo,Residential,120,Active,"2023-01-01",0
4817,onUOfA,Business,250,Paused,"2023-01-01",5
4818,"33KM9c",Residential,120,Active,"2023-01-01",10
4819,z3wwPb,Residential,120,Paused,"2023-01-01",20
4820,iQhDcu,Business,250,Active,"2023-01-01",0
4821,WsU3PS,Mini,50,Cancelled,"2023-01-01",5
4822,uzc554,Roam,80,Active,"2023-01-01",10
4823,ia068e,Mini,50,Active,"2023-01-01",20
4824,iXSDou,Roam,80,Active,"2023-01-01",0
4825,E6yTR5,Business,250,Active,"2023-01-01",5
4826,sgR0BA,Residential,120,Active,"2023-01-01",10
4827,S48QJZ,Residential,120,Active,"2023-01-01",20
4828,UhqmDu,Residential,120,Active,"2023-01-01",0
4829,ovWeHQ,Business,250,Active,"2023-01-01",5
4830,"1HBGPC",Residential,120,Active,"2023-01-01",10
4831,fjlq6w,Roam,80,Cancelled,"2023-01-01",20
4832,I75dv0,Residential,120,Active,"2023-01-01",0
4833,xL8JRp,Residential,120,Active,"2023-01-01",5
4834,BJx2fk,Residential,120,Cancelled,"2023-01-01",10
4835,bzXCMr,Residential,120,Active,"2023-01-01",20
4836,vKN8rC,Business,250,Active,"2023-01-01",0
4837,jPsYvg,Residential,120,Active,"2023-01-01",5
4838,D26hKU,Business,250,Cancelled,"2023-01-01",10
4839,dvEGhS,Residential,120,Active,"2023-01-01",20
4840,OYcof4,Roam,80,Cancelled,"2023-01-01",0
4841,"6yBqCb",Residential,120,Active,"2023-01-01",5
4842,lj2tOr,Mini,50,Active,"2023-01-01",10
4843,VGMf94,Mini,50,Active,"2023-01-01",20
4844,eNls4E,Residential,120,Cancelled,"2023-01-01",0
4845,"5jUTIb",Residential,120,Active,"2023-01-01",5
4846,"6ThGZU",Business,250,Active,"2023-01-01",10
4847,kDGfCW,Business,250,Active,"2023-01-01",20
4848,O9mZaK,Mini,50,Active,"2023-01-01",0
4849,pU0rwD,Residential,120,Active,"2023-01-01",5
4850,eKlppV,Residential,120,Paused,"2023-01-01",10
4851,jszeQe,Residential,120,Active,"2023-01-01",20
4852,wAU2Sz,Residential,120,Active,"2023-01-01",0
4853,bFTSbH,Residential,120,Cancelled,"2023-01-01",5
4854,SjmBgE,Residential,120,Active,"2023-01-01",10
4855,o3zajx,Residential,120,Active,"2023-01-01",20
4856,Xy1v6Z,Residential,120,Active,"2023-01-01",0
4857,LJgElH,Residential,120,Active,"2023-01-01",5
4858,"58XUQs",Business,250,Active,"2023-01-01",10
4859,"2Q1XBg",Residential,120,Active,"2023-01-01",20
4860,eHht41,Residential,120,Active,"2023-01-01",0
4861,AbGlAb,Residential,120,Active,"2023-01-01",5
4862,OViElN,Mini,50,Active,"2023-01-01",10
4863,THM75F,Residential,120,Active,"2023-01-01",20
4864,"2TjWgh",Roam,80,Active,"2023-01-01",0
4865,skZKXW,Residential,120,Active,"2023-01-01",5
4866,iqav0E,Residential,120,Active,"2023-01-01",10
4867,HzynJb,Residential,120,Active,"2023-01-01",20
4868,zk6UUh,Mini,50,Active,"2023-01-01",0
4869,mNeHQc,Roam,80,Paused,"2023-01-01",5
4870,ZqjM49,Residential,120,Active,"2023-01-01",10
4871,JIGJZM,Roam,80,Paused,"2023-01-01",20
4872,OZGx4G,Residential,120,Active,"2023-01-01",0
4873,MMUWHA,Roam,80,Active,"2023-01-01",5
4874,uuQb72,Business,250,Active,"2023-01-01",10
4875,YzOhFA,Residential,120,Active,"2023-01-01",20
4876,"0KkV4W",Residential,120,Active,"2023-01-01",0
4877,IWGtRX,Residential,120,Active,"2023-01-01",5
4878,LrCRBt,Residential,120,Active,"2023-01-01",10
4879,YI7OXl,Residential,120,Active,"2023-01-01",20
4880,RrGGRL,Business,250,Active,"2023-01-01",0
4881,oQv8TA,Roam,80,Active,"2023-01-01",5
4882,"16Pq8z",Residential,120,Active,"2023-01-01",10
4883,"4Nrhdd",Residential,120,Active,"2023-01-01",20
4884,KramQL,Roam,80,Active,"2023-01-01",0
4885,qKIXfk,Residential,120,Active,"2023-01-01",5
4886,"7g9vUp",Residential,120,Active,"2023-01-01",10
4887,lUyqu9,Business,250,Active,"2023-01-01",20
4888,"5jkjBW",Roam,80,Active,"2023-01-01",0
4889,Sidl9s,Mini,50,Active,"2023-01-01",5
4890,"8FQphg",Residential,120,Active,"2023-01-01",10
4891,Nmt1KZ,Residential,120,Active,"2023-01-01",20
4892,r2qZXz,Residential,120,Active,"2023-01-01",0
4893,ps71ix,Residential,120,Active,"2023-01-01",5
4894,J2bz7U,Roam,80,Active,"2023-01-01",10
4895,prItB8,Residential,120,Cancelled,"2023-01-01",20
4896,atfwp5,Roam,80,Paused,"2023-01-01",0
4897,uqqNXZ,Residential,120,Active,"2023-01-01",5
4898,QhvwxB,Residential,120,Active,"2023-01-01",10
4899,Yf0fZW,Residential,120,Active,"2023-01-01",20
4900,rq3GRO,Residential,120,Active,"2023-01-01",0
4901,idge9Q,Residential,120,Active,"2023-01-01",5
4902,"6f3KwO",Residential,120,Active,"2023-01-01",10
4903,WvaohG,Business,250,Active,"2023-01-01",20
4904,QBrM51,Residential,120,Active,"2023-01-01",0
4905,"6WsOGq",Mini,50,Active,"2023-01-01",5
4906,Qr9Jo7,Mini,50,Active,"2023-01-01",10
4907,kpCgS4,Residential,120,Active,"2023-01-01",20
4908,B0wV6V,Residential,120,Active,"2023-01-01",0
4909,kKXR4b,Mini,50,Active,"2023-01-01",5
4910,jwAsPL,Roam,80,Active,"2023-01-01",10
4911,QRd2nG,Residential,120,Active,"2023-01-01",20
4912,"0AhLn0",Residential,120,Active,"2023-01-01",0
4913,hxXdCN,Residential,120,Active,"2023-01-01",5
4914,DRdKYm,Residential,120,Active,"2023-01-01",10
4915,UnPDoc,Roam,80,Cancelled,"2023-01-01",20
4916,UnblQc,Residential,120,Cancelled,"2023-01-01",0
4917,RB69JL,Roam,80,Paused,"2023-01-01",5
4918,WIgOUR,Business,250,Active,"2023-01-01",10
4919,YYgxEh,Residential,120,Active,"2023-01-01",20
4920,JXbqa5,Residential,120,Active,"2023-01-01",0
4921,T3xrNi,Residential,120,Active,"2023-01-01",5
4922,LJ1cmS,Roam,80,Active,"2023-01-01",10
4923,QwoprJ,Residential,120,Cancelled,"2023-01-01",20
4924,n1ctNZ,Residential,120,Active,"2023-01-01",0
4925,O6uTT7,Mini,50,Active,"2023-01-01",5
4926,dF17Y0,Residential,120,Active,"2023-01-01",10
4927,"2YA4Kc",Business,250,Paused,"2023-01-01",20
4928,kIuSWa,Mini,50,Active,"2023-01-01",0
4929,s3J6xI,Residential,120,Active,"2023-01-01",5
4930,wEnRx0,Residential,120,Active,"2023-01-01",10
4931,I6HlXv,Residential,120,Cancelled,"2023-01-01",20
4932,JgFCxe,Business,250,Active,"2023-01-01",0
4933,WfB3ZB,Residential,120,Active,"2023-01-01",5
4934,"0aVN4y",Residential,120,Active,"2023-01-01",10
4935,HxgxBc,Residential,120,Active,"2023-01-01",20
4936,"13s8Q7",Residential,120,Active,"2023-01-01",0
4937,xmqKax,Residential,120,Cancelled,"2023-01-01",5
4938,YCoIaT,Roam,80,Active,"2023-01-01",10
4939,EbcE4D,Residential,120,Active,"2023-01-01",20
4940,INByQc,Residential,120,Active,"2023-01-01",0
4941,sge872,Mini,50,Active,"2023-01-01",5
4942,RASH15,Residential,120,Paused,"2023-01-01",10
4943,TyzUzL,Residential,120,Active,"2023-01-01",20
4944,P3Pz7f,Roam,80,Active,"2023-01-01",0
4945,zENpOS,Residential,120,Cancelled,"2023-01-01",5
4946,PcyLas,Residential,120,Active,"2023-01-01",10
4947,TQFUGc,Residential,120,Active,"2023-01-01",20
4948,bMh0X9,Residential,120,Cancelled,"2023-01-01",0
4949,"2dWUy4",Mini,50,Paused,"2023-01-01",5
4950,Ckv2LW,Business,250,Active,"2023-01-01",10
4951,oji2zA,Mini,50,Active,"2023-01-01",20
4952,BYjDb6,Mini,50,Active,"2023-01-01",0
4953,XTeon6,Residential,120,Active,"2023-01-01",5
4954,wlLJ0o,Roam,80,Active,"2023-01-01",10
4955,pqcYFM,Roam,80,Active,"2023-01-01",20
4956,djjdit,Residential,120,Active,"2023-01-01",0
4957,KeBha6,Roam,80,Active,"2023-01-01",5
4958,j7elKP,Residential,120,Active,"2023-01-01",10
4959,ojD7n3,Residential,120,Active,"2023-01-01",20
4960,"0SJSUB",Residential,120,Active,"2023-01-01",0
4961,UuhBp8,Residential,120,Active,"2023-01-01",5
4962,kAptiE,Residential,120,Cancelled,"2023-01-01",10
4963,k1SEEz,Residential,120,Active,"2023-01-01",20
4964,beH097,Business,250,Active,"2023-01-01",0
4965,"1w8dBz",Residential,120,Active,"2023-01-01",5
4966,kUAH4H,Residential,120,Paused,"2023-01-01",10
4967,"0FNW5g",Residential,120,Active,"2023-01-01",20
4968,lsZtLZ,Residential,120,Active,"2023-01-01",0
4969,ywqKa6,Roam,80,Active,"2023-01-01",5
4970,v0BGCw,Residential,120,Cancelled,"2023-01-01",10
4971,"6uaVTT",Residential,120,Active,"2023-01-01",20
4972,UVWef1,Residential,120,Active,"2023-01-01",0
4973,MrfF0r,Residential,120,Active,"2023-01-01",5
4974,LMooj8,Residential,120,Active,"2023-01-01",10
4975,"8gkWj2",Mini,50,Active,"2023-01-01",20
4976,mxDoJJ,Mini,50,Active,"2023-01-01",0
4977,SDcRoD,Residential,120,Cancelled,"2023-01-01",5
4978,"7Uyelw",Roam,80,Active,"2023-01-01",10
4979,"8ALuHw",Residential,120,Active,"2023-01-01",20
4980,aTe1nf,Residential,120,Active,"2023-01-01",0
4981,SQ4x67,Mini,50,Active,"2023-01-01",5
4982,Rd6jzK,Residential,120,Active,"2023-01-01",10
4983,Q92eAC,Residential,120,Active,"2023-01-01",20
4984,Phj4a8,Residential,120,Active,"2023-01-01",0
4985,WCulgK,Roam,80,Active,"2023-01-01",5
4986,zISUil,Residential,120,Active,"2023-01-01",10
4987,JKPrX7,Residential,120,Active,"2023-01-01",20
4988,Whw399,Residential,120,Active,"2023-01-01",0
4989,"4Rvr4R",Roam,80,Cancelled,"2023-01-01",5
4990,"5OD09K",Business,250,Active,"2023-01-01",10
4991,"91KsLI",Mini,50,Active,"2023-01-01",20
4992,"8pTrsa",Roam,80,Active,"2023-01-01",0
4993,D2J7ZQ,Roam,80,Active,"2023-01-01",5
4994,iEcyy5,Residential,120,Active,"2023-01-01",10
4995,j3ZduG,Residential,120,Cancelled,"2023-01-01",20
4996,"7lewIc",Residential,120,Paused,"2023-01-01",0
4997,vINjSq,Residential,120,Active,"2023-01-01",5
4998,"7bWKSA",Business,250,Active,"2023-01-01",10
4999,Tldmi0,Roam,80,Paused,"2023-01-01",20
5000,FcTIsy,Residential,120,Active,"2023-01-01",0
5001,qpIqK3,Roam,80,Active,"2023-01-01",5
5002,NKqYbd,Mini,50,Active,"2023-01-01",10
5003,XyX1Hk,Residential,120,Active,"2023-01-01",20
5004,hl5KZ7,Residential,120,Paused,"2023-01-01",0
5005,"9Ld9Wl",Residential,120,Paused,"2023-01-01",5
5006,A5SdAb,Roam,80,Paused,"2023-01-01",10
5007,YDnTQa,Roam,80,Active,"2023-01-01",20
5008,PkfCMn,Residential,120,Paused,"2023-01-01",0
5009,xCOIdV,Roam,80,Active,"2023-01-01",5
5010,pKMbdr,Residential,120,Active,"2023-01-01",10
5011,jjVW0L,Residential,120,Active,"2023-01-01",20
5012,tTL7mF,Residential,120,Active,"2023-01-01",0
5013,sFZi4b,Mini,50,Paused,"2023-01-01",5
5014,nWWAI7,Roam,80,Active,"2023-01-01",10
5015,QJ6Gw7,Roam,80,Active,"2023-01-01",20
5016,J5mLuM,Residential,120,Active,"2023-01-01",0
5017,"1XatJx",Residential,120,Paused,"2023-01-01",5
5018,CYJ8Vi,Residential,120,Active,"2023-01-01",10
5019,WOebZP,Roam,80,Active,"2023-01-01",20
5020,N0xFRB,Roam,80,Active,"2023-01-01",0
5021,G3aPut,Roam,80,Paused,"2023-01-01",5
5022,ajiSky,Residential,120,Active,"2023-01-01",10
5023,Ac5ZMy,Residential,120,Active,"2023-01-01",20
5024,EEx2w2,Residential,120,Active,"2023-01-01",0
5025,ZCAMdG,Residential,120,Active,"2023-01-01",5
5026,uuP4XO,Residential,120,Active,"2023-01-01",10
5027,uTm1BC,Residential,120,Active,"2023-01-01",20
5028,YHWlCQ,Residential,120,Active,"2023-01-01",0
5029,HrTIgT,Residential,120,Active,"2023-01-01",5
5030,"31kDya",Roam,80,Active,"2023-01-01",10
5031,Eo9iHw,Residential,120,Cancelled,"2023-01-01",20
5032,ML5xaB,Residential,120,Active,"2023-01-01",0
5033,HTzPBs,Residential,120,Active,"2023-01-01",5
5034,nm4bsg,Residential,120,Active,"2023-01-01",10
5035,F7dmre,Residential,120,Active,"2023-01-01",20
5036,"61FFgV",Residential,120,Active,"2023-01-01",0
5037,QzqCMP,Residential,120,Active,"2023-01-01",5
5038,W2VygM,Residential,120,Active,"2023-01-01",10
5039,DRD3AZ,Roam,80,Active,"2023-01-01",20
5040,SFfVin,Roam,80,Active,"2023-01-01",0
5041,fT45Vm,Residential,120,Active,"2023-01-01",5
5042,xaiyTV,Residential,120,Active,"2023-01-01",10
5043,WaC2n3,Residential,120,Active,"2023-01-01",20
5044,FEa4Mc,Roam,80,Active,"2023-01-01",0
5045,kdtXCk,Residential,120,Active,"2023-01-01",5
5046,blu17r,Residential,120,Cancelled,"2023-01-01",10
5047,FNTcpe,Residential,120,Active,"2023-01-01",20
5048,FbPEGS,Roam,80,Active,"2023-01-01",0
5049,R5WnKk,Roam,80,Active,"2023-01-01",5
5050,jFFdqg,Mini,50,Active,"2023-01-01",10
5051,aeycHh,Residential,120,Active,"2023-01-01",20
5052,hvDJPz,Business,250,Active,"2023-01-01",0
5053,"6R06tL",Residential,120,Active,"2023-01-01",5
5054,nvWXFy,Residential,120,Active,"2023-01-01",10
5055,ypLVTq,Business,250,Active,"2023-01-01",20
5056,opqAFn,Residential,120,Active,"2023-01-01",0
5057,aoWX67,Residential,120,Active,"2023-01-01",5
5058,m4Ie01,Residential,120,Active,"2023-01-01",10
5059,QlCO1J,Roam,80,Active,"2023-01-01",20
5060,rEZMl6,Residential,120,Active,"2023-01-01",0
5061,GxHsEY,Roam,80,Active,"2023-01-01",5
5062,GNoPxV,Roam,80,Active,"2023-01-01",10
5063,"1le0DQ",Residential,120,Paused,"2023-01-01",20
5064,SqhhVc,Roam,80,Active,"2023-01-01",0
5065,omfSFx,Roam,80,Cancelled,"2023-01-01",5
5066,UlX6A1,Roam,80,Active,"2023-01-01",10
5067,H3W35d,Mini,50,Active,"2023-01-01",20
5068,LumbkU,Residential,120,Active,"2023-01-01",0
5069,hRXVA2,Residential,120,Active,"2023-01-01",5
5070,Z7ff2t,Residential,120,Active,"2023-01-01",10
5071,sTKluX,Residential,120,Active,"2023-01-01",20
5072,RDK1bY,Residential,120,Active,"2023-01-01",0
5073,WJgC4X,Residential,120,Active,"2023-01-01",5
5074,igzgJ3,Business,250,Active,"2023-01-01",10
5075,MQz41Y,Residential,120,Cancelled,"2023-01-01",20
5076,"2t0DuL",Residential,120,Paused,"2023-01-01",0
5077,xX2w6t,Residential,120,Cancelled,"2023-01-01",5
5078,j78OWW,Residential,120,Active,"2023-01-01",10
5079,wECX55,Residential,120,Active,"2023-01-01",20
5080,ZmBxoe,Residential,120,Active,"2023-01-01",0
5081,"6y8k6n",Residential,120,Active,"2023-01-01",5
5082,b3p7qw,Roam,80,Active,"2023-01-01",10
5083,J5ZImD,Mini,50,Active,"2023-01-01",20
5084,NH3PiP,Residential,120,Paused,"2023-01-01",0
5085,JLpQGv,Business,250,Active,"2023-01-01",5
5086,JIskFJ,Roam,80,Active,"2023-01-01",10
5087,i03oLa,Roam,80,Cancelled,"2023-01-01",20
5088,WugT1x,Mini,50,Active,"2023-01-01",0
5089,"0nbTvL",Residential,120,Active,"2023-01-01",5
5090,"3u1wVH",Residential,120,Active,"2023-01-01",10
5091,CVEoF1,Residential,120,Active,"2023-01-01",20
5092,sttRFF,Residential,120,Paused,"2023-01-01",0
5093,"9lFgor",Residential,120,Active,"2023-01-01",5
5094,"4R3c82",Residential,120,Active,"2023-01-01",10
5095,"4hu5EZ",Residential,120,Active,"2023-01-01",20
5096,"4pHVhs",Roam,80,Active,"2023-01-01",0
5097,fNbxIu,Roam,80,Active,"2023-01-01",5
5098,zL8rQf,Residential,120,Active,"2023-01-01",10
5099,J1zip7,Business,250,Cancelled,"2023-01-01",20
5100,TyIlBh,Roam,80,Cancelled,"2023-01-01",0
5101,lQxozt,Mini,50,Active,"2023-01-01",5
5102,TwNTjY,Residential,120,Paused,"2023-01-01",10
5103,HAZU51,Residential,120,Active,"2023-01-01",20
5104,"3EOyR2",Business,250,Paused,"2023-01-01",0
5105,"9RlxOY",Residential,120,Paused,"2023-01-01",5
5106,"83Di6a",Residential,120,Active,"2023-01-01",10
5107,rfIGUj,Mini,50,Cancelled,"2023-01-01",20
5108,"1DAbta",Residential,120,Active,"2023-01-01",0
5109,HzG76v,Residential,120,Active,"2023-01-01",5
5110,"9LHZO7",Business,250,Paused,"2023-01-01",10
5111,D3XkfF,Roam,80,Active,"2023-01-01",20
5112,in8nQj,Residential,120,Active,"2023-01-01",0
5113,SQQcfa,Roam,80,Cancelled,"2023-01-01",5
5114,CMd8Ft,Residential,120,Active,"2023-01-01",10
5115,OFjnZm,Residential,120,Active,"2023-01-01",20
5116,"8SvO5a",Residential,120,Active,"2023-01-01",0
5117,"41nRG6",Business,250,Active,"2023-01-01",5
5118,ZB0tjf,Residential,120,Active,"2023-01-01",10
5119,iTziZ5,Roam,80,Active,"2023-01-01",20
5120,OfIJvN,Mini,50,Active,"2023-01-01",0
5121,"8ffiYe",Roam,80,Paused,"2023-01-01",5
5122,KQAEAt,Residential,120,Active,"2023-01-01",10
5123,"3kZhJO",Residential,120,Active,"2023-01-01",20
5124,xydWPo,Residential,120,Active,"2023-01-01",0
5125,sh1mVk,Residential,120,Active,"2023-01-01",5
5126,"7O6mku",Residential,120,Active,"2023-01-01",10
5127,PTdmiT,Residential,120,Active,"2023-01-01",20
5128,YkINPS,Residential,120,Active,"2023-01-01",0
5129,EO3IB9,Roam,80,Active,"2023-01-01",5
5130,jiXqIp,Residential,120,Active,"2023-01-01",10
5131,"9Y3sEx",Residential,120,Active,"2023-01-01",20
5132,fpYESC,Roam,80,Active,"2023-01-01",0
5133,KghQdR,Mini,50,Active,"2023-01-01",5
5134,R3Mk3b,Residential,120,Active,"2023-01-01",10
5135,OjY4tY,Roam,80,Active,"2023-01-01",20
5136,gHWxTx,Mini,50,Cancelled,"2023-01-01",0
5137,"5sqOFv",Residential,120,Active,"2023-01-01",5
5138,lavPq0,Residential,120,Active,"2023-01-01",10
5139,P0WYAa,Mini,50,Active,"2023-01-01",20
5140,"1MjM2C",Residential,120,Active,"2023-01-01",0
5141,"7iuXNd",Residential,120,Active,"2023-01-01",5
5142,feUVXm,Business,250,Active,"2023-01-01",10
5143,KJE434,Business,250,Active,"2023-01-01",20
5144,Tt88r7,Residential,120,Active,"2023-01-01",0
5145,ZgYFdB,Residential,120,Cancelled,"2023-01-01",5
5146,Bb26oZ,Residential,120,Active,"2023-01-01",10
5147,zoYlFc,Mini,50,Paused,"2023-01-01",20
5148,iAo9Tw,Residential,120,Active,"2023-01-01",0
5149,wteUHu,Mini,50,Active,"2023-01-01",5
5150,"2CJTr2",Residential,120,Paused,"2023-01-01",10
5151,jVAMW4,Residential,120,Active,"2023-01-01",20
5152,MTdgij,Residential,120,Active,"2023-01-01",0
5153,"56DaAs",Roam,80,Active,"2023-01-01",5
5154,NhZWUf,Residential,120,Active,"2023-01-01",10
5155,BFZmJj,Residential,120,Active,"2023-01-01",20
5156,"3gJGd5",Mini,50,Paused,"2023-01-01",0
5157,"1FIqCg",Roam,80,Cancelled,"2023-01-01",5
5158,j0pzXP,Residential,120,Active,"2023-01-01",10
5159,CRIkcf,Business,250,Paused,"2023-01-01",20
5160,YTtDYz,Business,250,Active,"2023-01-01",0
5161,"9ThBho",Roam,80,Paused,"2023-01-01",5
5162,xL1jUG,Residential,120,Active,"2023-01-01",10
5163,CN48On,Business,250,Active,"2023-01-01",20
5164,pmTSUh,Residential,120,Active,"2023-01-01",0
5165,RydLKL,Roam,80,Active,"2023-01-01",5
5166,WEdx3W,Roam,80,Active,"2023-01-01",10
5167,fGfqIZ,Roam,80,Paused,"2023-01-01",20
5168,j0RRM1,Roam,80,Active,"2023-01-01",0
5169,o7OD4H,Roam,80,Active,"2023-01-01",5
5170,Q4uWPO,Residential,120,Active,"2023-01-01",10
5171,eOGqQE,Business,250,Active,"2023-01-01",20
5172,W1GC7d,Residential,120,Active,"2023-01-01",0
5173,NmHDNe,Residential,120,Paused,"2023-01-01",5
5174,j7lB7f,Residential,120,Active,"2023-01-01",10
5175,"9G7h9l",Residential,120,Active,"2023-01-01",20
5176,zk894p,Residential,120,Active,"2023-01-01",0
5177,hK4Etw,Business,250,Active,"2023-01-01",5
5178,UURszu,Roam,80,Active,"2023-01-01",10
5179,XPkKlf,Business,250,Paused,"2023-01-01",20
5180,NrTXEb,Roam,80,Active,"2023-01-01",0
5181,o20AJl,Roam,80,Active,"2023-01-01",5
5182,IR6fJ8,Residential,120,Active,"2023-01-01",10
5183,bsIPfE,Residential,120,Active,"2023-01-01",20
5184,"2U6EMg",Residential,120,Active,"2023-01-01",0
5185,mXioWz,Roam,80,Active,"2023-01-01",5
5186,kwN12J,Residential,120,Active,"2023-01-01",10
5187,U6SFca,Residential,120,Active,"2023-01-01",20
5188,"8MdlBi",Residential,120,Paused,"2023-01-01",0
5189,MXTQX8,Roam,80,Active,"2023-01-01",5
5190,fmi6U9,Roam,80,Active,"2023-01-01",10
5191,W5Qm3J,Residential,120,Active,"2023-01-01",20
5192,"7PWNlh",Mini,50,Active,"2023-01-01",0
5193,t3X13n,Residential,120,Paused,"2023-01-01",5
5194,tDWdAi,Roam,80,Active,"2023-01-01",10
5195,XbWIF1,Residential,120,Active,"2023-01-01",20
5196,"6v18Be",Mini,50,Active,"2023-01-01",0
5197,vDJdRl,Residential,120,Paused,"2023-01-01",5
5198,HxLKUl,Residential,120,Active,"2023-01-01",10
5199,"6XIXXg",Business,250,Active,"2023-01-01",20
5200,p6aEiW,Residential,120,Active,"2023-01-01",0
5201,"3sjV3X",Residential,120,Active,"2023-01-01",5
5202,TGdsfM,Mini,50,Active,"2023-01-01",10
5203,c5F9Hp,Residential,120,Cancelled,"2023-01-01",20
5204,Guyjvv,Residential,120,Cancelled,"2023-01-01",0
5205,rZ4Iej,Mini,50,Active,"2023-01-01",5
5206,ofvoXZ,Roam,80,Active,"2023-01-01",10
5207,"5lgNC0",Roam,80,Active,"2023-01-01",20
5208,"0xUOt7",Roam,80,Active,"2023-01-01",0
5209,"4fab0D",Residential,120,Active,"2023-01-01",5
5210,X4aGjY,Residential,120,Active,"2023-01-01",10
5211,lH3dHa,Residential,120,Active,"2023-01-01",20
5212,qeQ0K8,Business,250,Active,"2023-01-01",0
5213,yw8IJq,Roam,80,Active,"2023-01-01",5
5214,PR8LuJ,Residential,120,Active,"2023-01-01",10
5215,SwoY5R,Roam,80,Active,"2023-01-01",20
5216,iUB2wF,Mini,50,Active,"2023-01-01",0
5217,DgblII,Residential,120,Active,"2023-01-01",5
5218,NAJgd4,Roam,80,Active,"2023-01-01",10
5219,MqIDEs,Residential,120,Active,"2023-01-01",20
5220,"3QVwv5",Residential,120,Active,"2023-01-01",0
5221,z8zXv1,Residential,120,Paused,"2023-01-01",5
5222,w4KZDR,Residential,120,Active,"2023-01-01",10
5223,WDnwf4,Residential,120,Cancelled,"2023-01-01",20
5224,"7HXaZb",Roam,80,Active,"2023-01-01",0
5225,"2pzCQy",Residential,120,Active,"2023-01-01",5
5226,CZC1Bd,Mini,50,Active,"2023-01-01",10
5227,SMeRKt,Residential,120,Active,"2023-01-01",20
5228,sc6Z24,Roam,80,Active,"2023-01-01",0
5229,nrdDqo,Residential,120,Active,"2023-01-01",5
5230,"3mCpL9",Residential,120,Active,"2023-01-01",10
5231,uv3Nk3,Residential,120,Active,"2023-01-01",20
5232,ejK9xs,Mini,50,Active,"2023-01-01",0
5233,dyjSzN,Residential,120,Active,"2023-01-01",5
5234,uvwKn6,Business,250,Cancelled,"2023-01-01",10
5235,PaXrPt,Residential,120,Active,"2023-01-01",20
5236,Db8yAt,Residential,120,Active,"2023-01-01",0
5237,fk4kNE,Residential,120,Active,"2023-01-01",5
5238,RC5xdE,Residential,120,Active,"2023-01-01",10
5239,RfNA5Y,Residential,120,Cancelled,"2023-01-01",20
5240,"2hzZxC",Residential,120,Active,"2023-01-01",0
5241,"8rfBoJ",Residential,120,Paused,"2023-01-01",5
5242,A7XqYH,Roam,80,Active,"2023-01-01",10
5243,"05PzuV",Residential,120,Cancelled,"2023-01-01",20
5244,X9LZbx,Residential,120,Active,"2023-01-01",0
5245,qNT60f,Roam,80,Active,"2023-01-01",5
5246,AfmQWN,Residential,120,Active,"2023-01-01",10
5247,mQ5aoY,Roam,80,Cancelled,"2023-01-01",20
5248,"9NED2U",Residential,120,Paused,"2023-01-01",0
5249,ArB2TO,Residential,120,Active,"2023-01-01",5
5250,"1YaRgB",Roam,80,Paused,"2023-01-01",10
5251,jRgId2,Residential,120,Active,"2023-01-01",20
5252,c4680D,Residential,120,Active,"2023-01-01",0
5253,SaAIyt,Roam,80,Active,"2023-01-01",5
5254,UOqpLn,Roam,80,Active,"2023-01-01",10
5255,I9CJdM,Residential,120,Active,"2023-01-01",20
5256,ZX1Scu,Residential,120,Active,"2023-01-01",0
5257,vvEJ0x,Business,250,Cancelled,"2023-01-01",5
5258,TEWi0J,Residential,120,Active,"2023-01-01",10
5259,"20vaAn",Residential,120,Paused,"2023-01-01",20
5260,yDp2WN,Business,250,Cancelled,"2023-01-01",0
5261,QefPUC,Roam,80,Cancelled,"2023-01-01",5
5262,golOu8,Roam,80,Active,"2023-01-01",10
5263,ZRiRBa,Roam,80,Active,"2023-01-01",20
5264,j25qXN,Residential,120,Active,"2023-01-01",0
5265,AQNZG3,Residential,120,Paused,"2023-01-01",5
5266,"8WUXBl",Roam,80,Paused,"2023-01-01",10
5267,xjvzeG,Roam,80,Active,"2023-01-01",20
5268,TfYvAK,Roam,80,Active,"2023-01-01",0
5269,OTkxRm,Residential,120,Active,"2023-01-01",5
5270,"85zoiU",Roam,80,Active,"2023-01-01",10
5271,Kt0bi4,Residential,120,Paused,"2023-01-01",20
5272,XFlxlP,Roam,80,Active,"2023-01-01",0
5273,"6yaW30",Mini,50,Active,"2023-01-01",5
5274,"1plBAr",Mini,50,Active,"2023-01-01",10
5275,EQ9Wmp,Roam,80,Active,"2023-01-01",20
5276,stMF7y,Residential,120,Active,"2023-01-01",0
5277,"9d5THE",Residential,120,Active,"2023-01-01",5
5278,CJ5fsw,Roam,80,Active,"2023-01-01",10
5279,hTC11G,Residential,120,Cancelled,"2023-01-01",20
5280,"2cMpsz",Residential,120,Active,"2023-01-01",0
5281,pi5OBH,Residential,120,Active,"2023-01-01",5
5282,yEuiyG,Residential,120,Active,"2023-01-01",10
5283,GKihkG,Roam,80,Paused,"2023-01-01",20
5284,dvrHuR,Residential,120,Active,"2023-01-01",0
5285,kgpNUe,Residential,120,Cancelled,"2023-01-01",5
5286,"8E5a0s",Residential,120,Active,"2023-01-01",10
5287,odElh8,Residential,120,Active,"2023-01-01",20
5288,oakMsD,Roam,80,Active,"2023-01-01",0
5289,d7pCGc,Mini,50,Active,"2023-01-01",5
5290,oh3pKM,Residential,120,Cancelled,"2023-01-01",10
5291,vLJWQg,Residential,120,Active,"2023-01-01",20
5292,"3tBMsK",Residential,120,Active,"2023-01-01",0
5293,"4M45KS",Residential,120,Active,"2023-01-01",5
5294,jp6yt9,Residential,120,Cancelled,"2023-01-01",10
5295,dItKKc,Mini,50,Active,"2023-01-01",20
5296,T1AvPj,Residential,120,Active,"2023-01-01",0
5297,LYfJyW,Mini,50,Paused,"2023-01-01",5
5298,aAuOg4,Roam,80,Active,"2023-01-01",10
5299,"7GPdxF",Residential,120,Active,"2023-01-01",20
5300,ub15eE,Residential,120,Active,"2023-01-01",0
5301,Ugv9oj,Residential,120,Active,"2023-01-01",5
5302,FwCuXI,Roam,80,Active,"2023-01-01",10
5303,"5NuQRj",Roam,80,Active,"2023-01-01",20
5304,We9DyF,Roam,80,Active,"2023-01-01",0
5305,aOzg95,Residential,120,Active,"2023-01-01",5
5306,e80GNr,Business,250,Active,"2023-01-01",10
5307,hS5DQe,Business,250,Active,"2023-01-01",20
5308,aBsDKy,Residential,120,Active,"2023-01-01",0
5309,csi19K,Residential,120,Active,"2023-01-01",5
5310,i095L3,Residential,120,Active,"2023-01-01",10
5311,O784To,Residential,120,Active,"2023-01-01",20
5312,Shhgmm,Residential,120,Active,"2023-01-01",0
5313,abRvY4,Residential,120,Active,"2023-01-01",5
5314,"6nwi3B",Residential,120,Active,"2023-01-01",10
5315,b09OqQ,Roam,80,Active,"2023-01-01",20
5316,"0nDj5c",Mini,50,Active,"2023-01-01",0
5317,hqEFdc,Business,250,Active,"2023-01-01",5
5318,PG9u4H,Residential,120,Active,"2023-01-01",10
5319,Ymego5,Residential,120,Active,"2023-01-01",20
5320,FsRyYo,Residential,120,Paused,"2023-01-01",0
5321,A05tST,Residential,120,Cancelled,"2023-01-01",5
5322,"6RKgnx",Mini,50,Active,"2023-01-01",10
5323,YdJs2X,Roam,80,Paused,"2023-01-01",20
5324,"8vTA75",Residential,120,Paused,"2023-01-01",0
5325,mn1ZG0,Residential,120,Cancelled,"2023-01-01",5
5326,"32Liwp",Residential,120,Active,"2023-01-01",10
5327,"9a3FAR",Residential,120,Active,"2023-01-01",20
5328,fUoLOa,Residential,120,Active,"2023-01-01",0
5329,puT0Ei,Residential,120,Paused,"2023-01-01",5
5330,ZP7FeO,Business,250,Active,"2023-01-01",10
5331,HiKHNZ,Business,250,Active,"2023-01-01",20
5332,xCLogO,Roam,80,Active,"2023-01-01",0
5333,Ff5FK6,Roam,80,Active,"2023-01-01",5
5334,DOTlLm,Residential,120,Cancelled,"2023-01-01",10
5335,Bw6Q82,Residential,120,Active,"2023-01-01",20
5336,odkNxS,Residential,120,Active,"2023-01-01",0
5337,TUQymJ,Roam,80,Active,"2023-01-01",5
5338,OxQXOW,Roam,80,Active,"2023-01-01",10
5339,uFdquK,Roam,80,Active,"2023-01-01",20
5340,lvkjzm,Roam,80,Active,"2023-01-01",0
5341,fAPx69,Residential,120,Active,"2023-01-01",5
5342,f00xfK,Residential,120,Active,"2023-01-01",10
5343,CktgOS,Residential,120,Active,"2023-01-01",20
5344,z4Emg2,Residential,120,Cancelled,"2023-01-01",0
5345,aifwtb,Business,250,Active,"2023-01-01",5
5346,SRQalR,Residential,120,Active,"2023-01-01",10
5347,uTwWGx,Roam,80,Active,"2023-01-01",20
5348,kDozWu,Residential,120,Cancelled,"2023-01-01",0
5349,szKofg,Mini,50,Active,"2023-01-01",5
5350,Jl5PmN,Residential,120,Active,"2023-01-01",10
5351,YI17H2,Residential,120,Active,"2023-01-01",20
5352,w1i3WW,Residential,120,Active,"2023-01-01",0
5353,x2RIuX,Roam,80,Cancelled,"2023-01-01",5
5354,f246Ur,Residential,120,Active,"2023-01-01",10
5355,"8RCmcC",Business,250,Active,"2023-01-01",20
5356,AraVNq,Residential,120,Paused,"2023-01-01",0
5357,cSMLQW,Residential,120,Active,"2023-01-01",5
5358,"1Fy69m",Residential,120,Active,"2023-01-01",10
5359,NfiukB,Roam,80,Active,"2023-01-01",20
5360,xVy2cB,Business,250,Paused,"2023-01-01",0
5361,Zxy3cS,Roam,80,Active,"2023-01-01",5
5362,OrmXQ8,Roam,80,Active,"2023-01-01",10
5363,DwnEdw,Business,250,Active,"2023-01-01",20
5364,IAvbwC,Residential,120,Cancelled,"2023-01-01",0
5365,BA8QLl,Mini,50,Cancelled,"2023-01-01",5
5366,e5gWsf,Residential,120,Active,"2023-01-01",10
5367,X5qtuR,Residential,120,Paused,"2023-01-01",20
5368,vWOthk,Residential,120,Active,"2023-01-01",0
5369,YWLSlB,Residential,120,Cancelled,"2023-01-01",5
5370,j9Bvt9,Mini,50,Active,"2023-01-01",10
5371,"9xNvrI",Residential,120,Paused,"2023-01-01",20
5372,oUBTnp,Residential,120,Active,"2023-01-01",0
5373,Tu7tAm,Residential,120,Paused,"2023-01-01",5
5374,WbptxA,Residential,120,Active,"2023-01-01",10
5375,fpuX7b,Residential,120,Cancelled,"2023-01-01",20
5376,NI1BNX,Roam,80,Cancelled,"2023-01-01",0
5377,nD4gl6,Roam,80,Active,"2023-01-01",5
5378,w2Xldj,Residential,120,Active,"2023-01-01",10
5379,IipmO5,Residential,120,Active,"2023-01-01",20
5380,pxqhFA,Residential,120,Active,"2023-01-01",0
5381,xEDKNq,Roam,80,Active,"2023-01-01",5
5382,OSZagm,Residential,120,Paused,"2023-01-01",10
5383,"14NWMV",Mini,50,Active,"2023-01-01",20
5384,AvKpVK,Residential,120,Cancelled,"2023-01-01",0
5385,"8BZqzO",Mini,50,Cancelled,"2023-01-01",5
5386,LAwP2t,Residential,120,Cancelled,"2023-01-01",10
5387,"3bUj0i",Mini,50,Active,"2023-01-01",20
5388,PGGeBq,Mini,50,Active,"2023-01-01",0
5389,RaDioQ,Mini,50,Cancelled,"2023-01-01",5
5390,hn952Q,Mini,50,Active,"2023-01-01",10
5391,A5gjuD,Residential,120,Active,"2023-01-01",20
5392,fvTxkL,Business,250,Active,"2023-01-01",0
5393,BEmLtS,Roam,80,Cancelled,"2023-01-01",5
5394,MaSqMA,Roam,80,Paused,"2023-01-01",10
5395,MpC1Ha,Residential,120,Active,"2023-01-01",20
5396,"0ifhzd",Residential,120,Active,"2023-01-01",0
5397,im0Ub3,Residential,120,Active,"2023-01-01",5
5398,J3R2lj,Residential,120,Active,"2023-01-01",10
5399,FdJ5kh,Roam,80,Active,"2023-01-01",20
5400,j1lSAt,Residential,120,Active,"2023-01-01",0
5401,YjvY08,Roam,80,Active,"2023-01-01",5
5402,wHA6as,Roam,80,Active,"2023-01-01",10
5403,OIVVHy,Residential,120,Active,"2023-01-01",20
5404,rXLvNM,Residential,120,Active,"2023-01-01",0
5405,HYfmiE,Residential,120,Active,"2023-01-01",5
5406,"7k8H8W",Residential,120,Active,"2023-01-01",10
5407,Z42wrD,Residential,120,Active,"2023-01-01",20
5408,Fg8z0N,Mini,50,Active,"2023-01-01",0
5409,NCjVHH,Residential,120,Active,"2023-01-01",5
5410,utksZe,Residential,120,Active,"2023-01-01",10
5411,"5hEE28",Residential,120,Paused,"2023-01-01",20
5412,Ju0XuY,Residential,120,Active,"2023-01-01",0
5413,pbIyiP,Residential,120,Active,"2023-01-01",5
5414,BNuyCs,Residential,120,Active,"2023-01-01",10
5415,T6roul,Roam,80,Paused,"2023-01-01",20
5416,"7A1boh",Roam,80,Cancelled,"2023-01-01",0
5417,d64I8Y,Residential,120,Paused,"2023-01-01",5
5418,"5qngGS",Residential,120,Active,"2023-01-01",10
5419,rYTtLP,Business,250,Active,"2023-01-01",20
5420,CAjCCc,Residential,120,Active,"2023-01-01",0
5421,uBNPik,Residential,120,Active,"2023-01-01",5
5422,wsUJH1,Residential,120,Active,"2023-01-01",10
5423,w07Jad,Residential,120,Active,"2023-01-01",20
5424,"1r4otG",Mini,50,Active,"2023-01-01",0
5425,xAh4FN,Residential,120,Paused,"2023-01-01",5
5426,Gp2PGu,Residential,120,Paused,"2023-01-01",10
5427,llmKkI,Mini,50,Active,"2023-01-01",20
5428,zZOpLz,Residential,120,Active,"2023-01-01",0
5429,Utpe3L,Residential,120,Active,"2023-01-01",5
5430,Ubph8O,Residential,120,Active,"2023-01-01",10
5431,p8a01P,Residential,120,Cancelled,"2023-01-01",20
5432,Ux94xi,Residential,120,Active,"2023-01-01",0
5433,aee5QU,Residential,120,Active,"2023-01-01",5
5434,bVbHXi,Residential,120,Active,"2023-01-01",10
5435,Sah225,Residential,120,Active,"2023-01-01",20
5436,YHFbRs,Mini,50,Active,"2023-01-01",0
5437,qRh0sX,Residential,120,Active,"2023-01-01",5
5438,CDUB6V,Residential,120,Cancelled,"2023-01-01",10
5439,DQjRvQ,Roam,80,Active,"2023-01-01",20
5440,zXH4CT,Residential,120,Paused,"2023-01-01",0
5441,TaUMhv,Roam,80,Cancelled,"2023-01-01",5
5442,sSGeqL,Residential,120,Active,"2023-01-01",10
5443,"2FMFjt",Residential,120,Active,"2023-01-01",20
5444,Aidxdb,Residential,120,Active,"2023-01-01",0
5445,IlmH6h,Business,250,Active,"2023-01-01",5
5446,a7qdYv,Roam,80,Paused,"2023-01-01",10
5447,XgVeR1,Residential,120,Active,"2023-01-01",20
5448,pJcFQi,Residential,120,Active,"2023-01-01",0
5449,AfNOFP,Roam,80,Active,"2023-01-01",5
5450,fJZaGx,Residential,120,Active,"2023-01-01",10
5451,ZY5yL9,Residential,120,Active,"2023-01-01",20
5452,CidpND,Residential,120,Cancelled,"2023-01-01",0
5453,icemR3,Residential,120,Active,"2023-01-01",5
5454,"2uO9ch",Business,250,Paused,"2023-01-01",10
5455,h9DgoZ,Residential,120,Active,"2023-01-01",20
5456,epuBqR,Residential,120,Active,"2023-01-01",0
5457,X5G9dJ,Residential,120,Active,"2023-01-01",5
5458,bcNJOV,Residential,120,Active,"2023-01-01",10
5459,d81FbD,Business,250,Active,"2023-01-01",20
5460,ABjwwo,Mini,50,Active,"2023-01-01",0
5461,TMhh7U,Residential,120,Active,"2023-01-01",5
5462,M3YP2l,Roam,80,Cancelled,"2023-01-01",10
5463,KTfFRD,Residential,120,Active,"2023-01-01",20
5464,yLorRP,Business,250,Active,"2023-01-01",0
5465,pa9DIZ,Residential,120,Active,"2023-01-01",5
5466,CwEJwp,Residential,120,Active,"2023-01-01",10
5467,"6AUuMZ",Residential,120,Active,"2023-01-01",20
5468,"5qOpx4",Residential,120,Active,"2023-01-01",0
5469,dxHqO7,Roam,80,Active,"2023-01-01",5
5470,"5krwfl",Residential,120,Paused,"2023-01-01",10
5471,fpp3Fz,Residential,120,Active,"2023-01-01",20
5472,MPhlAv,Residential,120,Active,"2023-01-01",0
5473,t0EiBd,Residential,120,Active,"2023-01-01",5
5474,AVs8KE,Residential,120,Active,"2023-01-01",10
5475,nKfCTv,Roam,80,Active,"2023-01-01",20
5476,"5BV2Mm",Residential,120,Active,"2023-01-01",0
5477,bTu5X1,Mini,50,Paused,"2023-01-01",5
5478,znFT6o,Business,250,Active,"2023-01-01",10
5479,m50sJg,Roam,80,Active,"2023-01-01",20
5480,ACQbGP,Residential,120,Active,"2023-01-01",0
5481,oyAjlz,Mini,50,Active,"2023-01-01",5
5482,"9VHLL9",Residential,120,Active,"2023-01-01",10
5483,Rru2Ll,Residential,120,Active,"2023-01-01",20
5484,Q8BiTn,Residential,120,Cancelled,"2023-01-01",0
5485,ChYwnN,Roam,80,Active,"2023-01-01",5
5486,c0jfg5,Mini,50,Active,"2023-01-01",10
5487,hJtqlC,Business,250,Active,"2023-01-01",20
5488,IKsco5,Roam,80,Cancelled,"2023-01-01",0
5489,kRoMqy,Roam,80,Active,"2023-01-01",5
5490,OshUCe,Residential,120,Active,"2023-01-01",10
5491,fUMfEL,Residential,120,Active,"2023-01-01",20
5492,RcuA0q,Residential,120,Active,"2023-01-01",0
5493,v2eo5n,Residential,120,Paused,"2023-01-01",5
5494,SdJnVo,Residential,120,Active,"2023-01-01",10
5495,GbJhW3,Roam,80,Cancelled,"2023-01-01",20
5496,k4d3W3,Residential,120,Active,"2023-01-01",0
5497,"49bWZY",Roam,80,Active,"2023-01-01",5
5498,hqlIct,Roam,80,Active,"2023-01-01",10
5499,fscDEl,Mini,50,Active,"2023-01-01",20
5500,LY92Sg,Residential,120,Cancelled,"2023-01-01",0
5501,guQBkl,Roam,80,Paused,"2023-01-01",5
5502,"6vhnRF",Business,250,Paused,"2023-01-01",10
5503,rq3Onz,Residential,120,Active,"2023-01-01",20
5504,"53CMKl",Business,250,Paused,"2023-01-01",0
5505,LXVwgd,Roam,80,Active,"2023-01-01",5
5506,IgmgOV,Roam,80,Active,"2023-01-01",10
5507,wCZXZt,Residential,120,Active,"2023-01-01",20
5508,n2bPWc,Residential,120,Active,"2023-01-01",0
5509,nttFmM,Business,250,Cancelled,"2023-01-01",5
5510,v1mwVf,Roam,80,Active,"2023-01-01",10
5511,"6b7UeY",Roam,80,Active,"2023-01-01",20
5512,FaaQi7,Residential,120,Active,"2023-01-01",0
5513,dLIcMl,Mini,50,Active,"2023-01-01",5
5514,PzbHwS,Residential,120,Active,"2023-01-01",10
5515,gAkbmZ,Business,250,Active,"2023-01-01",20
5516,haqimi,Mini,50,Active,"2023-01-01",0
5517,XRTtqe,Roam,80,Active,"2023-01-01",5
5518,"6NJ22f",Roam,80,Paused,"2023-01-01",10
5519,beeDwd,Business,250,Active,"2023-01-01",20
5520,"0S6p7n",Roam,80,Paused,"2023-01-01",0
5521,F9X1Nz,Roam,80,Cancelled,"2023-01-01",5
5522,hyFyVk,Mini,50,Cancelled,"2023-01-01",10
5523,JtVEFE,Residential,120,Active,"2023-01-01",20
5524,NISzyJ,Residential,120,Active,"2023-01-01",0
5525,a2u0iy,Residential,120,Active,"2023-01-01",5
5526,fwmczd,Residential,120,Paused,"2023-01-01",10
5527,E6gNBS,Business,250,Active,"2023-01-01",20
5528,OSL0IZ,Residential,120,Active,"2023-01-01",0
5529,vrDQ5o,Roam,80,Active,"2023-01-01",5
5530,Ms8VBq,Business,250,Cancelled,"2023-01-01",10
5531,VSaUfK,Roam,80,Active,"2023-01-01",20
5532,H6gnH7,Residential,120,Active,"2023-01-01",0
5533,otqt7K,Residential,120,Active,"2023-01-01",5
5534,dftnHQ,Business,250,Active,"2023-01-01",10
5535,KuF1bn,Roam,80,Active,"2023-01-01",20
5536,A3HYZq,Business,250,Active,"2023-01-01",0
5537,ggbjFV,Roam,80,Active,"2023-01-01",5
5538,EU5gBK,Residential,120,Active,"2023-01-01",10
5539,cibMCN,Mini,50,Active,"2023-01-01",20
5540,F1Qi02,Residential,120,Active,"2023-01-01",0
5541,BhEOgz,Residential,120,Active,"2023-01-01",5
5542,lcRBY2,Residential,120,Active,"2023-01-01",10
5543,iAjhrP,Mini,50,Cancelled,"2023-01-01",20
5544,"2Rxuwe",Residential,120,Paused,"2023-01-01",0
5545,zGOzJG,Residential,120,Paused,"2023-01-01",5
5546,"9GV98g",Residential,120,Active,"2023-01-01",10
5547,nByyDx,Residential,120,Cancelled,"2023-01-01",20
5548,a5jOty,Residential,120,Active,"2023-01-01",0
5549,iVnN4S,Roam,80,Active,"2023-01-01",5
5550,dxobcW,Residential,120,Active,"2023-01-01",10
5551,rmgUPK,Mini,50,Cancelled,"2023-01-01",20
5552,HJMjLW,Residential,120,Active,"2023-01-01",0
5553,nGgJO2,Residential,120,Active,"2023-01-01",5
5554,nj3WEJ,Residential,120,Active,"2023-01-01",10
5555,ZO6G11,Residential,120,Cancelled,"2023-01-01",20
5556,"6ygsij",Residential,120,Active,"2023-01-01",0
5557,xK8DDs,Business,250,Paused,"2023-01-01",5
5558,Gr8SPi,Residential,120,Paused,"2023-01-01",10
5559,Fm0uL5,Residential,120,Cancelled,"2023-01-01",20
5560,PCNyJQ,Roam,80,Active,"2023-01-01",0
5561,oEdLdS,Residential,120,Cancelled,"2023-01-01",5
5562,"62KNWz",Mini,50,Active,"2023-01-01",10
5563,tHy1EC,Residential,120,Active,"2023-01-01",20
5564,YlOqSv,Roam,80,Active,"2023-01-01",0
5565,jH2mrz,Mini,50,Cancelled,"2023-01-01",5
5566,"6aXeCc",Residential,120,Active,"2023-01-01",10
5567,S6kpeD,Residential,120,Active,"2023-01-01",20
5568,LveBFo,Roam,80,Active,"2023-01-01",0
5569,hOvzrg,Business,250,Active,"2023-01-01",5
5570,iUO9l0,Mini,50,Active,"2023-01-01",10
5571,lzIoji,Roam,80,Cancelled,"2023-01-01",20
5572,PtqSed,Residential,120,Active,"2023-01-01",0
5573,ZgzIiY,Residential,120,Active,"2023-01-01",5
5574,"2eGkUb",Mini,50,Active,"2023-01-01",10
5575,aFLpVO,Residential,120,Paused,"2023-01-01",20
5576,HA4CaC,Mini,50,Active,"2023-01-01",0
5577,oVDovK,Residential,120,Paused,"2023-01-01",5
5578,AUmSMe,Business,250,Active,"2023-01-01",10
5579,DcT8JM,Roam,80,Active,"2023-01-01",20
5580,cLXoSF,Residential,120,Active,"2023-01-01",0
5581,k5Xwi0,Mini,50,Active,"2023-01-01",5
5582,mEzOpt,Business,250,Cancelled,"2023-01-01",10
5583,UzsSQT,Roam,80,Active,"2023-01-01",20
5584,eCVOkc,Roam,80,Active,"2023-01-01",0
5585,Soi2aB,Roam,80,Active,"2023-01-01",5
5586,"1gv1wC",Mini,50,Active,"2023-01-01",10
5587,"65p2oh",Residential,120,Cancelled,"2023-01-01",20
5588,UlGgPV,Residential,120,Active,"2023-01-01",0
5589,nbUuHE,Residential,120,Active,"2023-01-01",5
5590,OtBJTf,Residential,120,Active,"2023-01-01",10
5591,P4XTx6,Business,250,Active,"2023-01-01",20
5592,"1E9KZr",Residential,120,Active,"2023-01-01",0
5593,iqD9UB,Roam,80,Active,"2023-01-01",5
5594,bUtGRs,Residential,120,Active,"2023-01-01",10
5595,ULdS8p,Residential,120,Active,"2023-01-01",20
5596,S5mUIv,Roam,80,Active,"2023-01-01",0
5597,QO96p9,Roam,80,Active,"2023-01-01",5
5598,NdFZcr,Residential,120,Active,"2023-01-01",10
5599,rSL0CL,Residential,120,Active,"2023-01-01",20
5600,m6tRve,Residential,120,Active,"2023-01-01",0
5601,VedvwZ,Mini,50,Active,"2023-01-01",5
5602,H1M4dt,Roam,80,Active,"2023-01-01",10
5603,eisyj9,Roam,80,Cancelled,"2023-01-01",20
5604,DEcGRK,Roam,80,Active,"2023-01-01",0
5605,xlUgtn,Residential,120,Active,"2023-01-01",5
5606,"10mbE1",Mini,50,Active,"2023-01-01",10
5607,M1ksxr,Mini,50,Active,"2023-01-01",20
5608,lVq3zM,Residential,120,Active,"2023-01-01",0
5609,oBIdV3,Residential,120,Active,"2023-01-01",5
5610,"2Fhivu",Roam,80,Cancelled,"2023-01-01",10
5611,i7Vp35,Roam,80,Active,"2023-01-01",20
5612,wRDg2f,Residential,120,Active,"2023-01-01",0
5613,vDlA8q,Roam,80,Cancelled,"2023-01-01",5
5614,kRBd5P,Residential,120,Cancelled,"2023-01-01",10
5615,eNGJy7,Residential,120,Active,"2023-01-01",20
5616,a3amnd,Roam,80,Active,"2023-01-01",0
5617,xDDtIW,Residential,120,Active,"2023-01-01",5
5618,IsEEKL,Mini,50,Active,"2023-01-01",10
5619,JyK1UR,Residential,120,Active,"2023-01-01",20
5620,jKFNfL,Residential,120,Paused,"2023-01-01",0
5621,"5FydRg",Residential,120,Active,"2023-01-01",5
5622,DDLkwg,Residential,120,Active,"2023-01-01",10
5623,ILft9S,Residential,120,Active,"2023-01-01",20
5624,AjmqVy,Residential,120,Active,"2023-01-01",0
5625,U41MQa,Roam,80,Active,"2023-01-01",5
5626,"6XlGke",Residential,120,Active,"2023-01-01",10
5627,G8OVgW,Residential,120,Active,"2023-01-01",20
5628,RVkLUh,Residential,120,Active,"2023-01-01",0
5629,BPvmA9,Roam,80,Active,"2023-01-01",5
5630,q19Thv,Roam,80,Active,"2023-01-01",10
5631,Z2cuVi,Roam,80,Active,"2023-01-01",20
5632,b4XIgy,Residential,120,Active,"2023-01-01",0
5633,AH12nG,Residential,120,Active,"2023-01-01",5
5634,"2tTWwz",Roam,80,Active,"2023-01-01",10
5635,g91cIU,Mini,50,Active,"2023-01-01",20
5636,FzHw8J,Residential,120,Active,"2023-01-01",0
5637,OoEp4g,Residential,120,Active,"2023-01-01",5
5638,RYkv1e,Residential,120,Active,"2023-01-01",10
5639,vvAvS4,Residential,120,Active,"2023-01-01",20
5640,mpta9a,Residential,120,Active,"2023-01-01",0
5641,"5EnRXm",Roam,80,Active,"2023-01-01",5
5642,XZ54IN,Business,250,Active,"2023-01-01",10
5643,"88WCe3",Residential,120,Active,"2023-01-01",20
5644,wyvjJk,Mini,50,Active,"2023-01-01",0
5645,pEhmvo,Business,250,Cancelled,"2023-01-01",5
5646,n94Q7A,Business,250,Cancelled,"2023-01-01",10
5647,"0cNZ0G",Roam,80,Active,"2023-01-01",20
5648,PowM0I,Roam,80,Active,"2023-01-01",0
5649,ORqjQ0,Roam,80,Paused,"2023-01-01",5
5650,"1tI5Br",Residential,120,Active,"2023-01-01",10
5651,ffKPQB,Residential,120,Active,"2023-01-01",20
5652,kAsA12,Mini,50,Active,"2023-01-01",0
5653,V4n2A1,Business,250,Active,"2023-01-01",5
5654,A0c7q0,Residential,120,Active,"2023-01-01",10
5655,HcVBBC,Roam,80,Active,"2023-01-01",20
5656,A2RDyV,Residential,120,Paused,"2023-01-01",0
5657,mSO5Rc,Residential,120,Active,"2023-01-01",5
5658,If82RQ,Roam,80,Active,"2023-01-01",10
5659,FEXmLw,Residential,120,Active,"2023-01-01",20
5660,"4k2k59",Mini,50,Active,"2023-01-01",0
5661,khJfNF,Roam,80,Active,"2023-01-01",5
5662,pfiMa7,Roam,80,Active,"2023-01-01",10
5663,xgJBxg,Roam,80,Active,"2023-01-01",20
5664,XCRGsn,Mini,50,Cancelled,"2023-01-01",0
5665,Ef0nCk,Residential,120,Active,"2023-01-01",5
5666,krrAf0,Residential,120,Active,"2023-01-01",10
5667,"0NVYCo",Mini,50,Active,"2023-01-01",20
5668,YYV4Sj,Residential,120,Active,"2023-01-01",0
5669,zeFKFU,Residential,120,Active,"2023-01-01",5
5670,LJdCiS,Roam,80,Active,"2023-01-01",10
5671,J5eWb6,Residential,120,Active,"2023-01-01",20
5672,h6itCm,Residential,120,Active,"2023-01-01",0
5673,thxdUE,Residential,120,Active,"2023-01-01",5
5674,"8yDsS3",Residential,120,Active,"2023-01-01",10
5675,X7q9dj,Roam,80,Active,"2023-01-01",20
5676,sfJMHx,Residential,120,Active,"2023-01-01",0
5677,JfeZWl,Residential,120,Active,"2023-01-01",5
5678,L0RAAS,Residential,120,Active,"2023-01-01",10
5679,F3WdVq,Mini,50,Active,"2023-01-01",20
5680,IgrHvz,Mini,50,Paused,"2023-01-01",0
5681,a3RQ8w,Residential,120,Active,"2023-01-01",5
5682,U9hKBc,Roam,80,Active,"2023-01-01",10
5683,y90g11,Residential,120,Active,"2023-01-01",20
5684,HkHG5o,Residential,120,Active,"2023-01-01",0
5685,oEeXzW,Residential,120,Active,"2023-01-01",5
5686,"5eHvS9",Roam,80,Active,"2023-01-01",10
5687,k1VOkb,Business,250,Active,"2023-01-01",20
5688,KJnJrc,Mini,50,Active,"2023-01-01",0
5689,ziNRNg,Residential,120,Active,"2023-01-01",5
5690,Q3WjpK,Mini,50,Active,"2023-01-01",10
5691,HoG2xH,Roam,80,Active,"2023-01-01",20
5692,tqs82q,Mini,50,Active,"2023-01-01",0
5693,zi84dQ,Residential,120,Active,"2023-01-01",5
5694,fLXa3z,Residential,120,Active,"2023-01-01",10
5695,"4bCkkX",Mini,50,Active,"2023-01-01",20
5696,Ap741i,Residential,120,Active,"2023-01-01",0
5697,GVrHoy,Residential,120,Active,"2023-01-01",5
5698,B8RkLN,Residential,120,Active,"2023-01-01",10
5699,zMXD25,Roam,80,Active,"2023-01-01",20
5700,LEPDX3,Roam,80,Cancelled,"2023-01-01",0
5701,gCSlWD,Business,250,Active,"2023-01-01",5
5702,FkpBBG,Roam,80,Active,"2023-01-01",10
5703,vNBNZc,Residential,120,Active,"2023-01-01",20
5704,PyViKB,Residential,120,Active,"2023-01-01",0
5705,YEGKSW,Mini,50,Paused,"2023-01-01",5
5706,f348Jk,Residential,120,Active,"2023-01-01",10
5707,pRa5HS,Residential,120,Active,"2023-01-01",20
5708,REbg8h,Residential,120,Active,"2023-01-01",0
5709,lQufwU,Residential,120,Active,"2023-01-01",5
5710,yLeep4,Roam,80,Active,"2023-01-01",10
5711,"1UsM0m",Residential,120,Active,"2023-01-01",20
5712,EP0vh3,Residential,120,Paused,"2023-01-01",0
5713,OhwjEE,Residential,120,Active,"2023-01-01",5
5714,fjG8ZV,Residential,120,Active,"2023-01-01",10
5715,fuE4Gy,Residential,120,Active,"2023-01-01",20
5716,"6QkSDs",Residential,120,Active,"2023-01-01",0
5717,DNkx22,Roam,80,Active,"2023-01-01",5
5718,x2a7Nb,Residential,120,Cancelled,"2023-01-01",10
5719,gWrEex,Roam,80,Active,"2023-01-01",20
5720,pFhHJs,Business,250,Active,"2023-01-01",0
5721,KEpgYJ,Business,250,Active,"2023-01-01",5
5722,"3b8X79",Business,250,Active,"2023-01-01",10
5723,meSfp8,Residential,120,Active,"2023-01-01",20
5724,Sm0PQc,Residential,120,Active,"2023-01-01",0
5725,I3Geqa,Residential,120,Active,"2023-01-01",5
5726,aZpfPY,Roam,80,Active,"2023-01-01",10
5727,vwb9IL,Residential,120,Active,"2023-01-01",20
5728,rhRxuU,Residential,120,Active,"2023-01-01",0
5729,mwRPMg,Residential,120,Active,"2023-01-01",5
5730,PsiZRd,Residential,120,Active,"2023-01-01",10
5731,LVvSbY,Business,250,Active,"2023-01-01",20
5732,j57yFt,Residential,120,Active,"2023-01-01",0
5733,uxJrN1,Residential,120,Active,"2023-01-01",5
5734,PQE6pj,Residential,120,Cancelled,"2023-01-01",10
5735,B2rJAj,Mini,50,Active,"2023-01-01",20
5736,GBUtR1,Residential,120,Active,"2023-01-01",0
5737,cKmKaR,Business,250,Paused,"2023-01-01",5
5738,LE9Ft3,Roam,80,Active,"2023-01-01",10
5739,clENm2,Residential,120,Active,"2023-01-01",20
5740,iijAC1,Residential,120,Cancelled,"2023-01-01",0
5741,dUIE27,Business,250,Active,"2023-01-01",5
5742,k0znhI,Residential,120,Active,"2023-01-01",10
5743,iKlhkV,Roam,80,Active,"2023-01-01",20
5744,w25ZLq,Residential,120,Paused,"2023-01-01",0
5745,LLA6XC,Mini,50,Active,"2023-01-01",5
5746,OTAsyK,Residential,120,Active,"2023-01-01",10
5747,Vs67wz,Roam,80,Active,"2023-01-01",20
5748,At4JRa,Mini,50,Active,"2023-01-01",0
5749,"1pDxj5",Mini,50,Active,"2023-01-01",5
5750,UKJ1MD,Residential,120,Active,"2023-01-01",10
5751,"7LWNLY",Residential,120,Paused,"2023-01-01",20
5752,ZWBUoM,Roam,80,Active,"2023-01-01",0
5753,XH7Qjy,Business,250,Active,"2023-01-01",5
5754,XE9Ahk,Residential,120,Paused,"2023-01-01",10
5755,Uacld7,Roam,80,Active,"2023-01-01",20
5756,"1HHhJl",Business,250,Active,"2023-01-01",0
5757,"3VymLe",Residential,120,Active,"2023-01-01",5
5758,Enydx9,Residential,120,Active,"2023-01-01",10
5759,ZMP3ot,Residential,120,Cancelled,"2023-01-01",20
5760,s5Sphv,Residential,120,Active,"2023-01-01",0
5761,QYESGA,Residential,120,Active,"2023-01-01",5
5762,J1Z0D0,Residential,120,Active,"2023-01-01",10
5763,BQv2WN,Residential,120,Active,"2023-01-01",20
5764,"11oRyt",Residential,120,Paused,"2023-01-01",0
5765,cuSTh9,Roam,80,Active,"2023-01-01",5
5766,MfvG55,Mini,50,Active,"2023-01-01",10
5767,YFdGcu,Mini,50,Active,"2023-01-01",20
5768,abyz9V,Residential,120,Active,"2023-01-01",0
5769,"960mSf",Residential,120,Active,"2023-01-01",5
5770,"0JG6YM",Roam,80,Active,"2023-01-01",10
5771,M3emar,Roam,80,Active,"2023-01-01",20
5772,mIWOEj,Residential,120,Active,"2023-01-01",0
5773,"8JwtOQ",Roam,80,Active,"2023-01-01",5
5774,rHy9Ch,Residential,120,Active,"2023-01-01",10
5775,pwxv1R,Residential,120,Active,"2023-01-01",20
5776,che0WE,Residential,120,Active,"2023-01-01",0
5777,rC6vyK,Residential,120,Active,"2023-01-01",5
5778,GSWHLm,Roam,80,Active,"2023-01-01",10
5779,"7RXx0O",Roam,80,Active,"2023-01-01",20
5780,QkPxso,Residential,120,Active,"2023-01-01",0
5781,"0RCkiR",Residential,120,Active,"2023-01-01",5
5782,Y6e3Ce,Business,250,Active,"2023-01-01",10
5783,WnOLXu,Residential,120,Active,"2023-01-01",20
5784,ZVBP0B,Residential,120,Paused,"2023-01-01",0
5785,lVXoMB,Residential,120,Active,"2023-01-01",5
5786,snm107,Residential,120,Cancelled,"2023-01-01",10
5787,X3IxLG,Business,250,Active,"2023-01-01",20
5788,"0zIlCy",Residential,120,Active,"2023-01-01",0
5789,avd39D,Residential,120,Active,"2023-01-01",5
5790,clgoez,Residential,120,Active,"2023-01-01",10
5791,aBfvkS,Residential,120,Active,"2023-01-01",20
5792,o0VJl7,Residential,120,Active,"2023-01-01",0
5793,RDvAlO,Residential,120,Active,"2023-01-01",5
5794,MXuuY1,Roam,80,Active,"2023-01-01",10
5795,nipuaU,Residential,120,Active,"2023-01-01",20
5796,iBGUTg,Residential,120,Active,"2023-01-01",0
5797,u96Qzj,Roam,80,Active,"2023-01-01",5
5798,h0WyjK,Roam,80,Active,"2023-01-01",10
5799,WHh7he,Residential,120,Active,"2023-01-01",20
5800,oZVDKa,Residential,120,Active,"2023-01-01",0
5801,NQtqgW,Residential,120,Paused,"2023-01-01",5
5802,kBCgBC,Residential,120,Active,"2023-01-01",10
5803,JmpBrm,Residential,120,Paused,"2023-01-01",20
5804,dKOsiG,Residential,120,Active,"2023-01-01",0
5805,Fqjwt7,Residential,120,Active,"2023-01-01",5
5806,skkS8Q,Residential,120,Active,"2023-01-01",10
5807,WcmVbZ,Business,250,Cancelled,"2023-01-01",20
5808,"5kh5vl",Roam,80,Active,"2023-01-01",0
5809,VuGzth,Residential,120,Cancelled,"2023-01-01",5
5810,von4vL,Business,250,Paused,"2023-01-01",10
5811,"8V9kvG",Residential,120,Cancelled,"2023-01-01",20
5812,wVJY08,Residential,120,Active,"2023-01-01",0
5813,UzQ9HW,Residential,120,Active,"2023-01-01",5
5814,dKgc3Q,Residential,120,Cancelled,"2023-01-01",10
5815,VRDpPg,Residential,120,Active,"2023-01-01",20
5816,"7mQiOj",Residential,120,Active,"2023-01-01",0
5817,fepIik,Business,250,Active,"2023-01-01",5
5818,vNSOYK,Residential,120,Active,"2023-01-01",10
5819,NSJKDi,Residential,120,Active,"2023-01-01",20
5820,Yl2gkE,Residential,120,Active,"2023-01-01",0
5821,ZX1eav,Business,250,Paused,"2023-01-01",5
5822,iQwzvu,Residential,120,Active,"2023-01-01",10
5823,zqY7aQ,Residential,120,Active,"2023-01-01",20
5824,Jr1Fna,Residential,120,Cancelled,"2023-01-01",0
5825,nLgHF8,Residential,120,Active,"2023-01-01",5
5826,uYycyA,Mini,50,Active,"2023-01-01",10
5827,"106XD5",Residential,120,Active,"2023-01-01",20
5828,c9LfNU,Residential,120,Active,"2023-01-01",0
5829,C9qXmV,Residential,120,Active,"2023-01-01",5
5830,DQdl66,Residential,120,Active,"2023-01-01",10
5831,n1M4yR,Residential,120,Cancelled,"2023-01-01",20
5832,B6yL2x,Roam,80,Paused,"2023-01-01",0
5833,Z3wZkD,Roam,80,Active,"2023-01-01",5
5834,CaiuQQ,Residential,120,Active,"2023-01-01",10
5835,iagdHV,Residential,120,Cancelled,"2023-01-01",20
5836,uQlHPZ,Residential,120,Active,"2023-01-01",0
5837,"4ALF8L",Business,250,Active,"2023-01-01",5
5838,pXIoAu,Residential,120,Active,"2023-01-01",10
5839,"72JLtP",Roam,80,Active,"2023-01-01",20
5840,"6GLetu",Mini,50,Active,"2023-01-01",0
5841,"400WGo",Roam,80,Cancelled,"2023-01-01",5
5842,LbSXfR,Roam,80,Active,"2023-01-01",10
5843,ECGMeh,Residential,120,Active,"2023-01-01",20
5844,k5jcKW,Residential,120,Paused,"2023-01-01",0
5845,XtlVRm,Residential,120,Active,"2023-01-01",5
5846,SW74CA,Residential,120,Paused,"2023-01-01",10
5847,tUgkn3,Residential,120,Paused,"2023-01-01",20
5848,rkUT5E,Residential,120,Cancelled,"2023-01-01",0
5849,VS8Er6,Residential,120,Active,"2023-01-01",5
5850,RlXKkY,Residential,120,Active,"2023-01-01",10
5851,amzYr2,Business,250,Active,"2023-01-01",20
5852,"6ncVxz",Roam,80,Active,"2023-01-01",0
5853,Ty6P0P,Residential,120,Active,"2023-01-01",5
5854,RvLQg1,Residential,120,Cancelled,"2023-01-01",10
5855,oKt9Qm,Mini,50,Active,"2023-01-01",20
5856,RkS0pU,Residential,120,Cancelled,"2023-01-01",0
5857,AJg4NU,Mini,50,Active,"2023-01-01",5
5858,T6EMBV,Residential,120,Active,"2023-01-01",10
5859,K8U8pB,Roam,80,Active,"2023-01-01",20
5860,dgySQ1,Roam,80,Active,"2023-01-01",0
5861,"5uRlYD",Residential,120,Active,"2023-01-01",5
5862,"0brHeL",Residential,120,Active,"2023-01-01",10
5863,ncQYYm,Business,250,Active,"2023-01-01",20
5864,CgeKXp,Residential,120,Cancelled,"2023-01-01",0
5865,tYLSSN,Roam,80,Active,"2023-01-01",5
5866,aOSO9G,Residential,120,Active,"2023-01-01",10
5867,H7vbWU,Residential,120,Active,"2023-01-01",20
5868,ktlT7P,Roam,80,Active,"2023-01-01",0
5869,DBld6D,Mini,50,Active,"2023-01-01",5
5870,qNMbr7,Residential,120,Paused,"2023-01-01",10
5871,dzMiiL,Residential,120,Active,"2023-01-01",20
5872,YHzBSR,Roam,80,Active,"2023-01-01",0
5873,a2AxLM,Residential,120,Active,"2023-01-01",5
5874,wFCoVK,Residential,120,Active,"2023-01-01",10
5875,e3a0Uu,Residential,120,Active,"2023-01-01",20
5876,Q3QgQc,Residential,120,Active,"2023-01-01",0
5877,jjsmfp,Mini,50,Paused,"2023-01-01",5
5878,o4GA2A,Roam,80,Active,"2023-01-01",10
5879,Cyyhki,Residential,120,Active,"2023-01-01",20
5880,"8A4iBi",Residential,120,Active,"2023-01-01",0
5881,q9mKfn,Residential,120,Active,"2023-01-01",5
5882,eqxqR8,Roam,80,Active,"2023-01-01",10
5883,xQMUPk,Residential,120,Active,"2023-01-01",20
5884,BC7D0n,Residential,120,Active,"2023-01-01",0
5885,N2RXrJ,Business,250,Active,"2023-01-01",5
5886,yPrebR,Residential,120,Paused,"2023-01-01",10
5887,EAA9dM,Roam,80,Active,"2023-01-01",20
5888,Pyx12L,Business,250,Active,"2023-01-01",0
5889,oT7uTm,Mini,50,Active,"2023-01-01",5
5890,phM4zE,Residential,120,Active,"2023-01-01",10
5891,TH3fKM,Mini,50,Active,"2023-01-01",20
5892,NFVXjR,Roam,80,Cancelled,"2023-01-01",0
5893,TLUxpq,Business,250,Active,"2023-01-01",5
5894,uQRpUb,Residential,120,Active,"2023-01-01",10
5895,qQZXmz,Business,250,Active,"2023-01-01",20
5896,HXPBSr,Residential,120,Active,"2023-01-01",0
5897,lWAJXx,Roam,80,Paused,"2023-01-01",5
5898,D5n0BR,Residential,120,Cancelled,"2023-01-01",10
5899,N3i8g5,Residential,120,Active,"2023-01-01",20
5900,zuxHb7,Residential,120,Active,"2023-01-01",0
5901,unT6qD,Roam,80,Active,"2023-01-01",5
5902,"806Osr",Business,250,Active,"2023-01-01",10
5903,uJs75Y,Residential,120,Active,"2023-01-01",20
5904,Vatnm2,Residential,120,Active,"2023-01-01",0
5905,"1TC7zc",Residential,120,Active,"2023-01-01",5
5906,ajxXV0,Residential,120,Cancelled,"2023-01-01",10
5907,nKC9Pg,Roam,80,Active,"2023-01-01",20
5908,EAuVo6,Roam,80,Active,"2023-01-01",0
5909,CZdQPj,Business,250,Active,"2023-01-01",5
5910,qdglkm,Mini,50,Active,"2023-01-01",10
5911,ax8xg5,Business,250,Active,"2023-01-01",20
5912,YRR1FD,Residential,120,Active,"2023-01-01",0
5913,kqXHiO,Roam,80,Cancelled,"2023-01-01",5
5914,jzQ1fg,Mini,50,Active,"2023-01-01",10
5915,jjXO2P,Residential,120,Paused,"2023-01-01",20
5916,LvFD51,Residential,120,Active,"2023-01-01",0
5917,"3fAbnF",Residential,120,Active,"2023-01-01",5
5918,Fvbgz7,Business,250,Active,"2023-01-01",10
5919,iocUGa,Residential,120,Cancelled,"2023-01-01",20
5920,qWNyDL,Residential,120,Active,"2023-01-01",0
5921,B8cAkX,Business,250,Paused,"2023-01-01",5
5922,"1TFPsI",Residential,120,Cancelled,"2023-01-01",10
5923,duSRcu,Residential,120,Active,"2023-01-01",20
5924,"02klZu",Residential,120,Active,"2023-01-01",0
5925,GyS9h2,Residential,120,Active,"2023-01-01",5
5926,Jw0Gqq,Residential,120,Active,"2023-01-01",10
5927,BLWTOZ,Residential,120,Active,"2023-01-01",20
5928,HezQq3,Roam,80,Active,"2023-01-01",0
5929,WXiEw3,Residential,120,Active,"2023-01-01",5
5930,tadQge,Mini,50,Active,"2023-01-01",10
5931,zK3RrT,Residential,120,Active,"2023-01-01",20
5932,JoVptu,Residential,120,Cancelled,"2023-01-01",0
5933,qyO1T1,Residential,120,Active,"2023-01-01",5
5934,jSBVMT,Roam,80,Active,"2023-01-01",10
5935,"5AvhOq",Mini,50,Active,"2023-01-01",20
5936,VbJjTH,Business,250,Active,"2023-01-01",0
5937,ScWifu,Residential,120,Active,"2023-01-01",5
5938,CLdZtI,Residential,120,Paused,"2023-01-01",10
5939,tCqpgr,Residential,120,Cancelled,"2023-01-01",20
5940,t9UsYD,Residential,120,Active,"2023-01-01",0
5941,R6M8a2,Residential,120,Cancelled,"2023-01-01",5
5942,VGNPDB,Residential,120,Active,"2023-01-01",10
5943,"4rdApn",Mini,50,Active,"2023-01-01",20
5944,p3Qd9A,Residential,120,Cancelled,"2023-01-01",0
5945,btbR1x,Roam,80,Cancelled,"2023-01-01",5
5946,gmlRST,Residential,120,Active,"2023-01-01",10
5947,xMp1ju,Residential,120,Active,"2023-01-01",20
5948,XQlxwb,Residential,120,Active,"2023-01-01",0
5949,APwaVH,Residential,120,Active,"2023-01-01",5
5950,wo5Z5P,Residential,120,Active,"2023-01-01",10
5951,k7egYV,Business,250,Active,"2023-01-01",20
5952,q522wj,Business,250,Active,"2023-01-01",0
5953,G728HO,Roam,80,Active,"2023-01-01",5
5954,Z3pWQT,Roam,80,Active,"2023-01-01",10
5955,KHQI7C,Residential,120,Active,"2023-01-01",20
5956,"7ucsPP",Mini,50,Active,"2023-01-01",0
5957,QVT2OJ,Roam,80,Active,"2023-01-01",5
5958,nFRwKB,Roam,80,Active,"2023-01-01",10
5959,cZttYs,Residential,120,Active,"2023-01-01",20
5960,"5RYXyO",Roam,80,Active,"2023-01-01",0
5961,QXwTvM,Residential,120,Cancelled,"2023-01-01",5
5962,"3pcAYY",Business,250,Active,"2023-01-01",10
5963,"4kEY6A",Residential,120,Active,"2023-01-01",20
5964,fd8clL,Residential,120,Paused,"2023-01-01",0
5965,fuFNRJ,Roam,80,Active,"2023-01-01",5
5966,DZeQjM,Roam,80,Active,"2023-01-01",10
5967,v7uVTn,Roam,80,Active,"2023-01-01",20
5968,O1uoLt,Residential,120,Paused,"2023-01-01",0
5969,REiSEg,Residential,120,Active,"2023-01-01",5
5970,v11PE6,Residential,120,Active,"2023-01-01",10
5971,"0oYz4l",Residential,120,Active,"2023-01-01",20
5972,VGMrer,Mini,50,Active,"2023-01-01",0
5973,jZA9yB,Residential,120,Active,"2023-01-01",5
5974,CIt2br,Residential,120,Cancelled,"2023-01-01",10
5975,Q8xQjM,Residential,120,Active,"2023-01-01",20
5976,AOJ5c4,Mini,50,Active,"2023-01-01",0
5977,"7jXfPE",Residential,120,Cancelled,"2023-01-01",5
5978,oM3tTU,Mini,50,Active,"2023-01-01",10
5979,CN8rUE,Residential,120,Active,"2023-01-01",20
5980,XApTww,Residential,120,Active,"2023-01-01",0
5981,WhsUmM,Residential,120,Active,"2023-01-01",5
5982,LPMaBs,Business,250,Active,"2023-01-01",10
5983,QzxA1d,Roam,80,Active,"2023-01-01",20
5984,GxKzrh,Business,250,Active,"2023-01-01",0
5985,"47YAui",Residential,120,Active,"2023-01-01",5
5986,tz0SRD,Business,250,Active,"2023-01-01",10
5987,"5vVwgE",Business,250,Active,"2023-01-01",20
5988,vdE2OD,Roam,80,Paused,"2023-01-01",0
5989,oSmksn,Roam,80,Active,"2023-01-01",5
5990,BxUCP8,Business,250,Cancelled,"2023-01-01",10
5991,YZRFvL,Roam,80,Paused,"2023-01-01",20
5992,dund4d,Residential,120,Paused,"2023-01-01",0
5993,valiZM,Business,250,Active,"2023-01-01",5
5994,QZwJc3,Residential,120,Active,"2023-01-01",10
5995,imARDL,Residential,120,Active,"2023-01-01",20
5996,"19lvBX",Residential,120,Active,"2023-01-01",0
5997,ZdrclU,Roam,80,Active,"2023-01-01",5
5998,"55k4WS",Roam,80,Paused,"2023-01-01",10
5999,"2NdCbs",Mini,50,Active,"2023-01-01",20
6000,SuGWWT,Residential,120,Active,"2023-01-01",0
6001,cP5KOJ,Mini,50,Active,"2023-01-01",5
6002,kqCTaC,Business,250,Active,"2023-01-01",10
6003,xK1NJ3,Residential,120,Active,"2023-01-01",20
6004,DQ17LE,Residential,120,Active,"2023-01-01",0
6005,lVf9yb,Business,250,Active,"2023-01-01",5
6006,LVur0b,Residential,120,Paused,"2023-01-01",10
6007,p04e8J,Roam,80,Active,"2023-01-01",20
6008,Jn0epJ,Mini,50,Paused,"2023-01-01",0
6009,mZp3NH,Residential,120,Active,"2023-01-01",5
6010,cwyvWZ,Roam,80,Active,"2023-01-01",10
6011,HYLnHx,Roam,80,Active,"2023-01-01",20
6012,f3Omvs,Residential,120,Cancelled,"2023-01-01",0
6013,wlHnfw,Residential,120,Active,"2023-01-01",5
6014,i5XdQy,Residential,120,Active,"2023-01-01",10
6015,ElLR8a,Roam,80,Active,"2023-01-01",20
6016,iWjPO8,Residential,120,Cancelled,"2023-01-01",0
6017,tqC20c,Residential,120,Active,"2023-01-01",5
6018,O5AHO4,Mini,50,Active,"2023-01-01",10
6019,"6qxEUf",Residential,120,Active,"2023-01-01",20
6020,OSyVHE,Business,250,Active,"2023-01-01",0
6021,kK7wBB,Residential,120,Active,"2023-01-01",5
6022,oqn9Z1,Residential,120,Active,"2023-01-01",10
6023,Bdhz8Y,Mini,50,Active,"2023-01-01",20
6024,Ca516F,Residential,120,Cancelled,"2023-01-01",0
6025,CUVPmP,Business,250,Active,"2023-01-01",5
6026,v0PQCZ,Mini,50,Active,"2023-01-01",10
6027,CNwo3s,Residential,120,Active,"2023-01-01",20
6028,npbuZV,Residential,120,Active,"2023-01-01",0
6029,JSqZ84,Business,250,Active,"2023-01-01",5
6030,b1fL13,Mini,50,Active,"2023-01-01",10
6031,pfbH9v,Roam,80,Active,"2023-01-01",20
6032,dGhBEV,Business,250,Active,"2023-01-01",0
6033,a8jQFD,Roam,80,Active,"2023-01-01",5
6034,NMqMlb,Residential,120,Active,"2023-01-01",10
6035,XAY8Qu,Roam,80,Active,"2023-01-01",20
6036,"8vKdJ3",Residential,120,Cancelled,"2023-01-01",0
6037,iXbIwX,Roam,80,Active,"2023-01-01",5
6038,VTI6Jt,Roam,80,Active,"2023-01-01",10
6039,D6U5P2,Residential,120,Active,"2023-01-01",20
6040,bdrKTO,Business,250,Active,"2023-01-01",0
6041,NmKBzi,Residential,120,Active,"2023-01-01",5
6042,"74vGRn",Residential,120,Active,"2023-01-01",10
6043,"1yah4u",Residential,120,Active,"2023-01-01",20
6044,A0Ankb,Residential,120,Active,"2023-01-01",0
6045,CPwdHn,Roam,80,Active,"2023-01-01",5
6046,bHS5dP,Residential,120,Cancelled,"2023-01-01",10
6047,EHKeiY,Roam,80,Active,"2023-01-01",20
6048,zjxUD0,Residential,120,Active,"2023-01-01",0
6049,"4ezOrC",Residential,120,Active,"2023-01-01",5
6050,eo13dr,Roam,80,Active,"2023-01-01",10
6051,"6IQlhI",Roam,80,Active,"2023-01-01",20
6052,"8e8uK9",Residential,120,Active,"2023-01-01",0
6053,yCniq7,Residential,120,Active,"2023-01-01",5
6054,"8rLmez",Residential,120,Paused,"2023-01-01",10
6055,ZhVh0X,Residential,120,Active,"2023-01-01",20
6056,XlYbIH,Residential,120,Active,"2023-01-01",0
6057,kjAAFQ,Business,250,Active,"2023-01-01",5
6058,WxaHSa,Residential,120,Active,"2023-01-01",10
6059,"4I4dqx",Residential,120,Active,"2023-01-01",20
6060,Wf6lkZ,Roam,80,Active,"2023-01-01",0
6061,"3dq9s0",Business,250,Paused,"2023-01-01",5
6062,QnDjyR,Residential,120,Active,"2023-01-01",10
6063,oHPjnB,Residential,120,Cancelled,"2023-01-01",20
6064,wBCaZB,Roam,80,Active,"2023-01-01",0
6065,fuHmkf,Roam,80,Active,"2023-01-01",5
6066,nHmX1B,Residential,120,Paused,"2023-01-01",10
6067,k7Gdp0,Residential,120,Active,"2023-01-01",20
6068,HgQMv8,Roam,80,Active,"2023-01-01",0
6069,ELotbB,Business,250,Active,"2023-01-01",5
6070,"7dro2B",Residential,120,Active,"2023-01-01",10
6071,"8j0XqU",Business,250,Active,"2023-01-01",20
6072,KjK5mN,Residential,120,Active,"2023-01-01",0
6073,XnM1tK,Residential,120,Paused,"2023-01-01",5
6074,OiuzIN,Roam,80,Active,"2023-01-01",10
6075,"2zlRWJ",Residential,120,Active,"2023-01-01",20
6076,sEg3iC,Mini,50,Active,"2023-01-01",0
6077,t1bCsu,Residential,120,Active,"2023-01-01",5
6078,VLAoKO,Roam,80,Active,"2023-01-01",10
6079,EV6Bce,Residential,120,Active,"2023-01-01",20
6080,YoclZm,Residential,120,Active,"2023-01-01",0
6081,U3VaGv,Roam,80,Active,"2023-01-01",5
6082,iOKXQE,Mini,50,Active,"2023-01-01",10
6083,fAnMBR,Residential,120,Paused,"2023-01-01",20
6084,JdyfFV,Residential,120,Active,"2023-01-01",0
6085,"5oucHt",Residential,120,Active,"2023-01-01",5
6086,Pe1Jc4,Residential,120,Active,"2023-01-01",10
6087,FYiiNG,Mini,50,Active,"2023-01-01",20
6088,"2IZJK1",Business,250,Active,"2023-01-01",0
6089,ei9kUa,Residential,120,Active,"2023-01-01",5
6090,mBnGRb,Mini,50,Active,"2023-01-01",10
6091,"9oQ0O1",Residential,120,Active,"2023-01-01",20
6092,y5V6QM,Residential,120,Active,"2023-01-01",0
6093,r4rSCb,Residential,120,Active,"2023-01-01",5
6094,CJLbsF,Residential,120,Cancelled,"2023-01-01",10
6095,YQrII5,Residential,120,Active,"2023-01-01",20
6096,kgAJm1,Residential,120,Active,"2023-01-01",0
6097,"4B7S1g",Residential,120,Active,"2023-01-01",5
6098,ayRl4i,Residential,120,Active,"2023-01-01",10
6099,"7XsrSv",Business,250,Active,"2023-01-01",20
6100,obtqn6,Residential,120,Active,"2023-01-01",0
6101,GvhBIS,Mini,50,Active,"2023-01-01",5
6102,ifBvKC,Business,250,Active,"2023-01-01",10
6103,oysAlY,Residential,120,Active,"2023-01-01",20
6104,PEqv1H,Residential,120,Active,"2023-01-01",0
6105,DQhC4s,Residential,120,Active,"2023-01-01",5
6106,"0AdPMF",Mini,50,Active,"2023-01-01",10
6107,GKc7CZ,Residential,120,Active,"2023-01-01",20
6108,K0DhaF,Residential,120,Active,"2023-01-01",0
6109,NQBAmK,Residential,120,Active,"2023-01-01",5
6110,BmVEah,Business,250,Cancelled,"2023-01-01",10
6111,ULkvZu,Roam,80,Active,"2023-01-01",20
6112,Alaxu7,Residential,120,Active,"2023-01-01",0
6113,chHEtR,Business,250,Active,"2023-01-01",5
6114,ZkeD2L,Business,250,Active,"2023-01-01",10
6115,cvabLV,Roam,80,Cancelled,"2023-01-01",20
6116,EKewok,Roam,80,Active,"2023-01-01",0
6117,oN9fWT,Residential,120,Active,"2023-01-01",5
6118,oZTAkw,Residential,120,Active,"2023-01-01",10
6119,KAkc7o,Residential,120,Active,"2023-01-01",20
6120,p9AqAn,Residential,120,Active,"2023-01-01",0
6121,"2k65us",Residential,120,Active,"2023-01-01",5
6122,"1Ysi08",Residential,120,Cancelled,"2023-01-01",10
6123,GqmYmp,Residential,120,Paused,"2023-01-01",20
6124,KJ3NA8,Residential,120,Active,"2023-01-01",0
6125,MgtXsz,Residential,120,Active,"2023-01-01",5
6126,"2qmWvr",Residential,120,Paused,"2023-01-01",10
6127,Gtk4vv,Mini,50,Active,"2023-01-01",20
6128,gXPfZI,Residential,120,Active,"2023-01-01",0
6129,VCvt2u,Residential,120,Active,"2023-01-01",5
6130,NeQVE0,Residential,120,Active,"2023-01-01",10
6131,ir1agk,Business,250,Active,"2023-01-01",20
6132,WvO13a,Residential,120,Paused,"2023-01-01",0
6133,G9SqqQ,Mini,50,Active,"2023-01-01",5
6134,hwcn0K,Residential,120,Active,"2023-01-01",10
6135,UVG9da,Business,250,Active,"2023-01-01",20
6136,"02blZZ",Mini,50,Active,"2023-01-01",0
6137,"2WghRm",Residential,120,Active,"2023-01-01",5
6138,xloOwf,Business,250,Active,"2023-01-01",10
6139,"9EQymd",Residential,120,Active,"2023-01-01",20
6140,xoVvsF,Mini,50,Active,"2023-01-01",0
6141,"9ZLNQG",Residential,120,Active,"2023-01-01",5
6142,YELMyR,Residential,120,Active,"2023-01-01",10
6143,yNPbzR,Residential,120,Active,"2023-01-01",20
6144,fxWSXL,Residential,120,Active,"2023-01-01",0
6145,Fq6cjn,Residential,120,Active,"2023-01-01",5
6146,ZBpYID,Residential,120,Cancelled,"2023-01-01",10
6147,SvGbcZ,Residential,120,Cancelled,"2023-01-01",20
6148,"7a9U4r",Mini,50,Active,"2023-01-01",0
6149,kCCCpE,Roam,80,Cancelled,"2023-01-01",5
6150,sUE4VA,Roam,80,Active,"2023-01-01",10
6151,"45B5D0",Residential,120,Paused,"2023-01-01",20
6152,LYqkiC,Residential,120,Active,"2023-01-01",0
6153,ItnXZm,Business,250,Active,"2023-01-01",5
6154,VdHM47,Business,250,Active,"2023-01-01",10
6155,djOc0P,Mini,50,Active,"2023-01-01",20
6156,KuAkRc,Residential,120,Active,"2023-01-01",0
6157,GYaPqj,Residential,120,Active,"2023-01-01",5
6158,efTcfC,Residential,120,Active,"2023-01-01",10
6159,cbHzuz,Residential,120,Active,"2023-01-01",20
6160,NI5e6O,Mini,50,Active,"2023-01-01",0
6161,NFWRt5,Roam,80,Paused,"2023-01-01",5
6162,"0Prgri",Roam,80,Active,"2023-01-01",10
6163,wsZiwP,Business,250,Active,"2023-01-01",20
6164,r37ldU,Roam,80,Active,"2023-01-01",0
6165,B5E8Zi,Residential,120,Cancelled,"2023-01-01",5
6166,tUYKfl,Business,250,Active,"2023-01-01",10
6167,jrQyj0,Residential,120,Active,"2023-01-01",20
6168,"90k7L8",Residential,120,Paused,"2023-01-01",0
6169,oaVyqT,Residential,120,Active,"2023-01-01",5
6170,AnuFCr,Roam,80,Active,"2023-01-01",10
6171,ZJLu3x,Residential,120,Active,"2023-01-01",20
6172,WfpKKn,Residential,120,Active,"2023-01-01",0
6173,bWpR3B,Residential,120,Active,"2023-01-01",5
6174,OpexTd,Residential,120,Active,"2023-01-01",10
6175,L30ZYs,Business,250,Active,"2023-01-01",20
6176,aAp1gZ,Roam,80,Active,"2023-01-01",0
6177,TDZo9n,Residential,120,Active,"2023-01-01",5
6178,n77FJr,Roam,80,Active,"2023-01-01",10
6179,Lln9o6,Residential,120,Active,"2023-01-01",20
6180,Sn7Jbh,Residential,120,Active,"2023-01-01",0
6181,vmuO1w,Residential,120,Active,"2023-01-01",5
6182,"7gTuRm",Residential,120,Active,"2023-01-01",10
6183,OT6fM2,Residential,120,Active,"2023-01-01",20
6184,"066Q3R",Business,250,Active,"2023-01-01",0
6185,hL9SKQ,Residential,120,Active,"2023-01-01",5
6186,"5IBVUh",Residential,120,Active,"2023-01-01",10
6187,oo45Ux,Residential,120,Paused,"2023-01-01",20
6188,NrMBUQ,Mini,50,Active,"2023-01-01",0
6189,YdppVq,Residential,120,Paused,"2023-01-01",5
6190,FNhbxK,Business,250,Active,"2023-01-01",10
6191,h8Bx8Y,Roam,80,Paused,"2023-01-01",20
6192,L0t8t5,Roam,80,Active,"2023-01-01",0
6193,"1QcZ1y",Roam,80,Active,"2023-01-01",5
6194,zjKV65,Residential,120,Active,"2023-01-01",10
6195,HbM1Pc,Residential,120,Active,"2023-01-01",20
6196,ryKVtX,Roam,80,Active,"2023-01-01",0
6197,"3AUttm",Residential,120,Active,"2023-01-01",5
6198,EwMuva,Residential,120,Paused,"2023-01-01",10
6199,kmqJfj,Roam,80,Active,"2023-01-01",20
6200,bmHmGq,Residential,120,Active,"2023-01-01",0
6201,m6JTGZ,Mini,50,Cancelled,"2023-01-01",5
6202,B9xqeW,Residential,120,Active,"2023-01-01",10
6203,bzctpT,Roam,80,Paused,"2023-01-01",20
6204,JlTnHW,Residential,120,Paused,"2023-01-01",0
6205,NkeRZT,Residential,120,Active,"2023-01-01",5
6206,HsOlP9,Roam,80,Active,"2023-01-01",10
6207,yazbgq,Residential,120,Active,"2023-01-01",20
6208,RrxYAf,Residential,120,Cancelled,"2023-01-01",0
6209,XFrsjH,Mini,50,Paused,"2023-01-01",5
6210,dHVsH6,Residential,120,Active,"2023-01-01",10
6211,uZcrJJ,Mini,50,Active,"2023-01-01",20
6212,SObped,Residential,120,Paused,"2023-01-01",0
6213,ElaB3z,Residential,120,Active,"2023-01-01",5
6214,mhQdi0,Residential,120,Active,"2023-01-01",10
6215,Elu6pQ,Business,250,Active,"2023-01-01",20
6216,"6vCKju",Residential,120,Active,"2023-01-01",0
6217,G9kOeA,Roam,80,Active,"2023-01-01",5
6218,JaZfBP,Mini,50,Active,"2023-01-01",10
6219,"9EYKA7",Business,250,Cancelled,"2023-01-01",20
6220,e7xyl7,Residential,120,Active,"2023-01-01",0
6221,erhMEN,Roam,80,Active,"2023-01-01",5
6222,HQuLLu,Roam,80,Active,"2023-01-01",10
6223,D5CDiD,Residential,120,Active,"2023-01-01",20
6224,"9715vK",Residential,120,Cancelled,"2023-01-01",0
6225,JFP9gN,Residential,120,Active,"2023-01-01",5
6226,K12BGC,Residential,120,Cancelled,"2023-01-01",10
6227,zwRZqc,Residential,120,Active,"2023-01-01",20
6228,JVZ9rb,Residential,120,Active,"2023-01-01",0
6229,JHXKHe,Roam,80,Active,"2023-01-01",5
6230,Lr90et,Business,250,Active,"2023-01-01",10
6231,"0PLCcS",Residential,120,Cancelled,"2023-01-01",20
6232,kxRFZX,Residential,120,Active,"2023-01-01",0
6233,CKoxgm,Roam,80,Active,"2023-01-01",5
6234,klx8Xj,Residential,120,Active,"2023-01-01",10
6235,HbuQfo,Roam,80,Active,"2023-01-01",20
6236,SzOjD8,Residential,120,Active,"2023-01-01",0
6237,OLkTkx,Roam,80,Active,"2023-01-01",5
6238,ajYDmP,Residential,120,Cancelled,"2023-01-01",10
6239,WcLFYs,Roam,80,Active,"2023-01-01",20
6240,NqB1wK,Residential,120,Active,"2023-01-01",0
6241,lcyAnX,Residential,120,Cancelled,"2023-01-01",5
6242,vMkqNd,Residential,120,Active,"2023-01-01",10
6243,"5uEsnH",Residential,120,Paused,"2023-01-01",20
6244,"4JVwLu",Residential,120,Active,"2023-01-01",0
6245,IQrvoe,Residential,120,Active,"2023-01-01",5
6246,PHoKDZ,Roam,80,Active,"2023-01-01",10
6247,ghuuUJ,Roam,80,Active,"2023-01-01",20
6248,IxxDtG,Residential,120,Cancelled,"2023-01-01",0
6249,qgXy42,Residential,120,Cancelled,"2023-01-01",5
6250,zU9BIl,Mini,50,Active,"2023-01-01",10
6251,lDCFut,Residential,120,Paused,"2023-01-01",20
6252,tnvKkJ,Roam,80,Active,"2023-01-01",0
6253,rnn7Ty,Residential,120,Active,"2023-01-01",5
6254,hU73lL,Residential,120,Cancelled,"2023-01-01",10
6255,GvV18v,Residential,120,Active,"2023-01-01",20
6256,t6Yrrz,Residential,120,Active,"2023-01-01",0
6257,"5dDDbo",Residential,120,Active,"2023-01-01",5
6258,nyCCSE,Roam,80,Active,"2023-01-01",10
6259,zQ6lxq,Mini,50,Active,"2023-01-01",20
6260,pWoELa,Roam,80,Active,"2023-01-01",0
6261,UT4asY,Mini,50,Active,"2023-01-01",5
6262,un65pR,Residential,120,Active,"2023-01-01",10
6263,"25kgSC",Roam,80,Active,"2023-01-01",20
6264,VBJVDi,Residential,120,Cancelled,"2023-01-01",0
6265,DwRxRv,Residential,120,Active,"2023-01-01",5
6266,VkCpI7,Residential,120,Active,"2023-01-01",10
6267,dK03wJ,Roam,80,Active,"2023-01-01",20
6268,VJe7ha,Business,250,Paused,"2023-01-01",0
6269,pfPYk4,Residential,120,Active,"2023-01-01",5
6270,kKUTr3,Residential,120,Active,"2023-01-01",10
6271,usZB3y,Residential,120,Active,"2023-01-01",20
6272,BsURjs,Roam,80,Active,"2023-01-01",0
6273,oJEALX,Mini,50,Active,"2023-01-01",5
6274,equio4,Residential,120,Active,"2023-01-01",10
6275,TLj4W3,Residential,120,Paused,"2023-01-01",20
6276,"4unT6c",Business,250,Active,"2023-01-01",0
6277,inDlUV,Roam,80,Active,"2023-01-01",5
6278,tJtPu4,Business,250,Active,"2023-01-01",10
6279,wAApbh,Residential,120,Active,"2023-01-01",20
6280,VXMcN5,Residential,120,Cancelled,"2023-01-01",0
6281,"8rOnEG",Roam,80,Active,"2023-01-01",5
6282,VbrGpq,Residential,120,Active,"2023-01-01",10
6283,puoTl7,Residential,120,Active,"2023-01-01",20
6284,"39v3wl",Business,250,Active,"2023-01-01",0
6285,leFzHf,Roam,80,Active,"2023-01-01",5
6286,Qphr9e,Residential,120,Active,"2023-01-01",10
6287,b1N8Ku,Mini,50,Active,"2023-01-01",20
6288,TRGJl6,Residential,120,Cancelled,"2023-01-01",0
6289,nbTHYr,Residential,120,Active,"2023-01-01",5
6290,ZyREcu,Roam,80,Active,"2023-01-01",10
6291,"3E6Rsg",Residential,120,Active,"2023-01-01",20
6292,Qc4N7A,Residential,120,Active,"2023-01-01",0
6293,FjhEjO,Residential,120,Active,"2023-01-01",5
6294,mdk6jg,Business,250,Active,"2023-01-01",10
6295,ERVL8D,Roam,80,Active,"2023-01-01",20
6296,xYM9nO,Business,250,Active,"2023-01-01",0
6297,KyiyZ5,Residential,120,Active,"2023-01-01",5
6298,"9XgOMz",Mini,50,Active,"2023-01-01",10
6299,Ppc07N,Residential,120,Cancelled,"2023-01-01",20
6300,"04vn5l",Business,250,Active,"2023-01-01",0
6301,a33ZxL,Residential,120,Active,"2023-01-01",5
6302,"0CPNLb",Mini,50,Active,"2023-01-01",10
6303,"3ZLf6a",Business,250,Active,"2023-01-01",20
6304,"2epGIi",Residential,120,Active,"2023-01-01",0
6305,icuBBr,Residential,120,Active,"2023-01-01",5
6306,"8rZ3Ch",Residential,120,Active,"2023-01-01",10
6307,j3Ofx7,Residential,120,Paused,"2023-01-01",20
6308,"1ETBxk",Residential,120,Active,"2023-01-01",0
6309,"7yakAT",Residential,120,Active,"2023-01-01",5
6310,lB6A5G,Mini,50,Active,"2023-01-01",10
6311,enVMQ3,Roam,80,Paused,"2023-01-01",20
6312,nOnnsi,Roam,80,Active,"2023-01-01",0
6313,TwWm4f,Residential,120,Active,"2023-01-01",5
6314,"1EnepH",Residential,120,Active,"2023-01-01",10
6315,jGtHq3,Roam,80,Active,"2023-01-01",20
6316,Z99ZxZ,Residential,120,Cancelled,"2023-01-01",0
6317,P191ez,Residential,120,Cancelled,"2023-01-01",5
6318,JnOng0,Business,250,Active,"2023-01-01",10
6319,XUOspb,Roam,80,Active,"2023-01-01",20
6320,z1rYes,Residential,120,Active,"2023-01-01",0
6321,WZiT8M,Residential,120,Active,"2023-01-01",5
6322,ggydd1,Residential,120,Active,"2023-01-01",10
6323,guvIez,Roam,80,Active,"2023-01-01",20
6324,P2mYzU,Residential,120,Active,"2023-01-01",0
6325,NIGNtv,Roam,80,Active,"2023-01-01",5
6326,ZPJNwc,Residential,120,Cancelled,"2023-01-01",10
6327,xR5fFy,Residential,120,Cancelled,"2023-01-01",20
6328,hmUKEU,Residential,120,Active,"2023-01-01",0
6329,bLx6wA,Residential,120,Cancelled,"2023-01-01",5
6330,IN7z5p,Residential,120,Active,"2023-01-01",10
6331,OuX00K,Residential,120,Cancelled,"2023-01-01",20
6332,Ccgz8H,Mini,50,Cancelled,"2023-01-01",0
6333,unR4Yo,Residential,120,Active,"2023-01-01",5
6334,Czd635,Residential,120,Active,"2023-01-01",10
6335,EVR0CI,Residential,120,Paused,"2023-01-01",20
6336,cwpuJJ,Business,250,Active,"2023-01-01",0
6337,iy9xO2,Residential,120,Paused,"2023-01-01",5
6338,s39dgy,Residential,120,Active,"2023-01-01",10
6339,QXS83C,Residential,120,Paused,"2023-01-01",20
6340,KchmmN,Residential,120,Active,"2023-01-01",0
6341,"6kH63o",Residential,120,Active,"2023-01-01",5
6342,Muys6l,Roam,80,Active,"2023-01-01",10
6343,poi8UP,Residential,120,Active,"2023-01-01",20
6344,JtGPs6,Mini,50,Paused,"2023-01-01",0
6345,bgOgjW,Residential,120,Active,"2023-01-01",5
6346,"7AaqFG",Residential,120,Active,"2023-01-01",10
6347,"6koKVY",Residential,120,Active,"2023-01-01",20
6348,"0HLMbZ",Mini,50,Active,"2023-01-01",0
6349,yxQ7wS,Residential,120,Active,"2023-01-01",5
6350,npvwc2,Residential,120,Active,"2023-01-01",10
6351,AT6mRC,Roam,80,Active,"2023-01-01",20
6352,"6yzRiv",Residential,120,Active,"2023-01-01",0
6353,y5HecN,Residential,120,Active,"2023-01-01",5
6354,uX0Wzv,Residential,120,Active,"2023-01-01",10
6355,jI0c8F,Business,250,Active,"2023-01-01",20
6356,XLieAg,Roam,80,Active,"2023-01-01",0
6357,nuVxUZ,Residential,120,Active,"2023-01-01",5
6358,"7CKZUi",Residential,120,Active,"2023-01-01",10
6359,HV4wok,Residential,120,Paused,"2023-01-01",20
6360,ly3Smg,Residential,120,Active,"2023-01-01",0
6361,LSmifV,Residential,120,Active,"2023-01-01",5
6362,AD03Bn,Residential,120,Active,"2023-01-01",10
6363,CGVdnu,Residential,120,Active,"2023-01-01",20
6364,NFCAcC,Residential,120,Cancelled,"2023-01-01",0
6365,uCk4xO,Roam,80,Active,"2023-01-01",5
6366,dyB2VK,Residential,120,Active,"2023-01-01",10
6367,yezlXP,Residential,120,Active,"2023-01-01",20
6368,A6AMx1,Residential,120,Active,"2023-01-01",0
6369,hSMqHN,Residential,120,Active,"2023-01-01",5
6370,MALeSa,Residential,120,Active,"2023-01-01",10
6371,"0wxrv8",Residential,120,Active,"2023-01-01",20
6372,p3WFDE,Roam,80,Active,"2023-01-01",0
6373,aBDpF8,Residential,120,Active,"2023-01-01",5
6374,qQpHDR,Roam,80,Active,"2023-01-01",10
6375,"95AMfd",Residential,120,Active,"2023-01-01",20
6376,XXnfhs,Roam,80,Active,"2023-01-01",0
6377,o3rrDK,Residential,120,Active,"2023-01-01",5
6378,"0uHQQI",Business,250,Active,"2023-01-01",10
6379,iblMA7,Residential,120,Active,"2023-01-01",20
6380,EmgLJF,Roam,80,Active,"2023-01-01",0
6381,TO5mWd,Mini,50,Active,"2023-01-01",5
6382,"2V3olp",Residential,120,Cancelled,"2023-01-01",10
6383,P0y2fc,Residential,120,Paused,"2023-01-01",20
6384,z3qDI6,Business,250,Active,"2023-01-01",0
6385,JgeZkn,Roam,80,Active,"2023-01-01",5
6386,C8vtBx,Residential,120,Active,"2023-01-01",10
6387,iaoFfs,Residential,120,Active,"2023-01-01",20
6388,ty0Bfd,Roam,80,Active,"2023-01-01",0
6389,"3XzhgE",Residential,120,Paused,"2023-01-01",5
6390,"05DmzN",Residential,120,Active,"2023-01-01",10
6391,Ka5G0k,Business,250,Active,"2023-01-01",20
6392,"08hikg",Mini,50,Active,"2023-01-01",0
6393,CyrLd0,Roam,80,Active,"2023-01-01",5
6394,hNH7qX,Residential,120,Active,"2023-01-01",10
6395,WG4hBN,Residential,120,Active,"2023-01-01",20
6396,n3bajX,Roam,80,Active,"2023-01-01",0
6397,nlm2OM,Residential,120,Active,"2023-01-01",5
6398,UYz0lr,Residential,120,Active,"2023-01-01",10
6399,bKk4Ug,Residential,120,Active,"2023-01-01",20
6400,"5gD7Kg",Mini,50,Active,"2023-01-01",0
6401,Y1PfsO,Residential,120,Active,"2023-01-01",5
6402,l3efXp,Roam,80,Active,"2023-01-01",10
6403,"07HEAz",Roam,80,Active,"2023-01-01",20
6404,VWKqZb,Residential,120,Active,"2023-01-01",0
6405,QPMStT,Roam,80,Active,"2023-01-01",5
6406,VcyeRs,Residential,120,Active,"2023-01-01",10
6407,pC4RqZ,Residential,120,Active,"2023-01-01",20
6408,ipJhjR,Mini,50,Active,"2023-01-01",0
6409,aHf0lN,Residential,120,Paused,"2023-01-01",5
6410,NVpOJV,Business,250,Active,"2023-01-01",10
6411,siZaXl,Residential,120,Active,"2023-01-01",20
6412,bUhoKa,Business,250,Paused,"2023-01-01",0
6413,"5cwREE",Residential,120,Active,"2023-01-01",5
6414,X5j14I,Residential,120,Active,"2023-01-01",10
6415,Xnr2lQ,Residential,120,Active,"2023-01-01",20
6416,cAmH99,Residential,120,Active,"2023-01-01",0
6417,"4ls0A8",Residential,120,Paused,"2023-01-01",5
6418,gbvUGM,Residential,120,Active,"2023-01-01",10
6419,NbtPiA,Roam,80,Active,"2023-01-01",20
6420,kSLlT1,Residential,120,Active,"2023-01-01",0
6421,SjaNIP,Residential,120,Active,"2023-01-01",5
6422,eIB0qP,Roam,80,Cancelled,"2023-01-01",10
6423,KjY1io,Roam,80,Active,"2023-01-01",20
6424,b2Kwlc,Residential,120,Active,"2023-01-01",0
6425,H8Ae5X,Business,250,Paused,"2023-01-01",5
6426,XMeZcw,Residential,120,Active,"2023-01-01",10
6427,jrpVV6,Residential,120,Active,"2023-01-01",20
6428,YPBjbS,Mini,50,Active,"2023-01-01",0
6429,okizSF,Residential,120,Cancelled,"2023-01-01",5
6430,I31OxK,Residential,120,Active,"2023-01-01",10
6431,AJjYgf,Residential,120,Active,"2023-01-01",20
6432,HXBwqs,Residential,120,Cancelled,"2023-01-01",0
6433,RtChoD,Roam,80,Active,"2023-01-01",5
6434,"5qs6Yu",Residential,120,Active,"2023-01-01",10
6435,"5nhrfR",Residential,120,Active,"2023-01-01",20
6436,jdg3vS,Residential,120,Active,"2023-01-01",0
6437,k3kU0q,Residential,120,Active,"2023-01-01",5
6438,V7laLk,Residential,120,Active,"2023-01-01",10
6439,"4bFGFJ",Roam,80,Active,"2023-01-01",20
6440,xMtrwT,Residential,120,Active,"2023-01-01",0
6441,"0iBczT",Business,250,Active,"2023-01-01",5
6442,OnWF9x,Residential,120,Active,"2023-01-01",10
6443,VzOeTK,Mini,50,Active,"2023-01-01",20
6444,yyTamN,Residential,120,Cancelled,"2023-01-01",0
6445,rbVLWH,Roam,80,Active,"2023-01-01",5
6446,F9DZ5K,Residential,120,Active,"2023-01-01",10
6447,UEeIp6,Roam,80,Active,"2023-01-01",20
6448,"94r0y3",Residential,120,Active,"2023-01-01",0
6449,ozlube,Residential,120,Active,"2023-01-01",5
6450,acFvQq,Roam,80,Paused,"2023-01-01",10
6451,C2BOul,Residential,120,Active,"2023-01-01",20
6452,CMZ1j1,Mini,50,Active,"2023-01-01",0
6453,dUrpHN,Residential,120,Active,"2023-01-01",5
6454,v6AzTB,Roam,80,Active,"2023-01-01",10
6455,UCUkVw,Residential,120,Active,"2023-01-01",20
6456,DMX0oL,Residential,120,Active,"2023-01-01",0
6457,"0NzU4D",Residential,120,Cancelled,"2023-01-01",5
6458,"4MVZhX",Roam,80,Active,"2023-01-01",10
6459,nyBCTK,Residential,120,Cancelled,"2023-01-01",20
6460,AAx50A,Residential,120,Active,"2023-01-01",0
6461,"4Ff0n0",Residential,120,Active,"2023-01-01",5
6462,AATstN,Residential,120,Active,"2023-01-01",10
6463,gsDudT,Business,250,Active,"2023-01-01",20
6464,wtG0Yh,Residential,120,Active,"2023-01-01",0
6465,wGrsXk,Roam,80,Active,"2023-01-01",5
6466,GF6wMT,Residential,120,Active,"2023-01-01",10
6467,kEFYBB,Mini,50,Active,"2023-01-01",20
6468,prpx7x,Business,250,Active,"2023-01-01",0
6469,qJoGWl,Residential,120,Paused,"2023-01-01",5
6470,Bz1tph,Residential,120,Paused,"2023-01-01",10
6471,YgxWHq,Residential,120,Active,"2023-01-01",20
6472,L18myH,Residential,120,Active,"2023-01-01",0
6473,"3pnVUh",Residential,120,Active,"2023-01-01",5
6474,ROjuO9,Residential,120,Active,"2023-01-01",10
6475,voi796,Roam,80,Active,"2023-01-01",20
6476,yC5Cm9,Residential,120,Active,"2023-01-01",0
6477,ds4gmO,Residential,120,Active,"2023-01-01",5
6478,FePdDm,Roam,80,Active,"2023-01-01",10
6479,JYF4VT,Residential,120,Active,"2023-01-01",20
6480,S8Vsvl,Residential,120,Active,"2023-01-01",0
6481,nbr5wf,Residential,120,Active,"2023-01-01",5
6482,fyWLaV,Mini,50,Active,"2023-01-01",10
6483,OFrbl5,Residential,120,Active,"2023-01-01",20
6484,VhDIq2,Residential,120,Active,"2023-01-01",0
6485,jCuqXX,Business,250,Active,"2023-01-01",5
6486,dSajEU,Residential,120,Active,"2023-01-01",10
6487,OmZM4S,Residential,120,Cancelled,"2023-01-01",20
6488,YeT5dG,Mini,50,Cancelled,"2023-01-01",0
6489,WliCxb,Roam,80,Active,"2023-01-01",5
6490,wzJEyQ,Residential,120,Cancelled,"2023-01-01",10
6491,vulw5k,Residential,120,Active,"2023-01-01",20
6492,mmer8R,Mini,50,Active,"2023-01-01",0
6493,ya7xSk,Residential,120,Active,"2023-01-01",5
6494,Rd9tvQ,Residential,120,Active,"2023-01-01",10
6495,qqhP6C,Residential,120,Active,"2023-01-01",20
6496,GBZL2K,Residential,120,Active,"2023-01-01",0
6497,LGlilx,Mini,50,Active,"2023-01-01",5
6498,GoXnKO,Roam,80,Paused,"2023-01-01",10
6499,gPYjrO,Mini,50,Active,"2023-01-01",20
6500,YT24vU,Residential,120,Paused,"2023-01-01",0
6501,mVWBlN,Mini,50,Active,"2023-01-01",5
6502,rWtFua,Residential,120,Active,"2023-01-01",10
6503,lNimfK,Residential,120,Active,"2023-01-01",20
6504,AKlwQn,Residential,120,Active,"2023-01-01",0
6505,"0xOLsg",Roam,80,Active,"2023-01-01",5
6506,xAIHZv,Residential,120,Active,"2023-01-01",10
6507,"02cXxo",Residential,120,Active,"2023-01-01",20
6508,cxklqO,Residential,120,Active,"2023-01-01",0
6509,iX9JYy,Residential,120,Active,"2023-01-01",5
6510,KuhizR,Mini,50,Active,"2023-01-01",10
6511,imsoOe,Roam,80,Active,"2023-01-01",20
6512,"4KsTJe",Mini,50,Active,"2023-01-01",0
6513,"4oDNZx",Residential,120,Active,"2023-01-01",5
6514,FwGMCL,Residential,120,Paused,"2023-01-01",10
6515,XuKske,Residential,120,Active,"2023-01-01",20
6516,X0a8fw,Residential,120,Active,"2023-01-01",0
6517,W4eRgy,Residential,120,Active,"2023-01-01",5
6518,v0lGg2,Residential,120,Active,"2023-01-01",10
6519,XVh1r4,Business,250,Active,"2023-01-01",20
6520,pC8nh3,Residential,120,Active,"2023-01-01",0
6521,IHT28d,Residential,120,Cancelled,"2023-01-01",5
6522,PwYgnX,Residential,120,Active,"2023-01-01",10
6523,"8qdHww",Residential,120,Cancelled,"2023-01-01",20
6524,mPygue,Residential,120,Active,"2023-01-01",0
6525,HO3qIc,Roam,80,Active,"2023-01-01",5
6526,iz7mck,Residential,120,Paused,"2023-01-01",10
6527,lcZ3nW,Roam,80,Active,"2023-01-01",20
6528,tpq9nH,Business,250,Active,"2023-01-01",0
6529,c7Mnib,Residential,120,Active,"2023-01-01",5
6530,gwD1CG,Business,250,Active,"2023-01-01",10
6531,D1K6e3,Residential,120,Active,"2023-01-01",20
6532,zobli9,Residential,120,Active,"2023-01-01",0
6533,dhDGMW,Roam,80,Active,"2023-01-01",5
6534,"5Wp1fA",Residential,120,Active,"2023-01-01",10
6535,Lyx7AK,Roam,80,Cancelled,"2023-01-01",20
6536,XWzVHj,Residential,120,Cancelled,"2023-01-01",0
6537,"82GdQ5",Residential,120,Active,"2023-01-01",5
6538,LhgmDZ,Residential,120,Active,"2023-01-01",10
6539,TGSrcw,Residential,120,Active,"2023-01-01",20
6540,gbQgM8,Residential,120,Active,"2023-01-01",0
6541,ozlNAb,Business,250,Active,"2023-01-01",5
6542,LO2IBp,Business,250,Active,"2023-01-01",10
6543,hB8gn8,Roam,80,Active,"2023-01-01",20
6544,b0wJHm,Residential,120,Active,"2023-01-01",0
6545,XiFVy6,Roam,80,Active,"2023-01-01",5
6546,t4iWQi,Roam,80,Active,"2023-01-01",10
6547,h5XnvX,Residential,120,Active,"2023-01-01",20
6548,KJ7i71,Residential,120,Active,"2023-01-01",0
6549,kpylKF,Residential,120,Cancelled,"2023-01-01",5
6550,MPNgMW,Residential,120,Active,"2023-01-01",10
6551,WncpLG,Residential,120,Active,"2023-01-01",20
6552,QdUrtE,Residential,120,Active,"2023-01-01",0
6553,Lz2QUD,Residential,120,Active,"2023-01-01",5
6554,aHihdo,Roam,80,Active,"2023-01-01",10
6555,iPT8an,Residential,120,Paused,"2023-01-01",20
6556,Jb9kQg,Residential,120,Active,"2023-01-01",0
6557,ni6JDW,Residential,120,Active,"2023-01-01",5
6558,kO18qv,Roam,80,Cancelled,"2023-01-01",10
6559,o41eoP,Roam,80,Active,"2023-01-01",20
6560,"7Szniz",Residential,120,Active,"2023-01-01",0
6561,RhmZEA,Residential,120,Paused,"2023-01-01",5
6562,i8wiDa,Residential,120,Active,"2023-01-01",10
6563,"58jegI",Residential,120,Active,"2023-01-01",20
6564,PeZ1bw,Business,250,Active,"2023-01-01",0
6565,SfqNFa,Roam,80,Active,"2023-01-01",5
6566,e9AJds,Residential,120,Cancelled,"2023-01-01",10
6567,YzryZK,Roam,80,Paused,"2023-01-01",20
6568,DPf1Or,Residential,120,Active,"2023-01-01",0
6569,qPgar0,Residential,120,Paused,"2023-01-01",5
6570,"2oKDze",Residential,120,Active,"2023-01-01",10
6571,tsQxTd,Residential,120,Active,"2023-01-01",20
6572,iC7Zkg,Business,250,Active,"2023-01-01",0
6573,AANVU3,Residential,120,Active,"2023-01-01",5
6574,TH1IyO,Residential,120,Active,"2023-01-01",10
6575,l9webh,Residential,120,Active,"2023-01-01",20
6576,N14jsB,Residential,120,Active,"2023-01-01",0
6577,OFWeOf,Residential,120,Active,"2023-01-01",5
6578,IiznnK,Residential,120,Cancelled,"2023-01-01",10
6579,gZtoCb,Roam,80,Active,"2023-01-01",20
6580,sv917p,Roam,80,Active,"2023-01-01",0
6581,oIokOR,Residential,120,Active,"2023-01-01",5
6582,hw3U3x,Residential,120,Active,"2023-01-01",10
6583,s8vQfs,Residential,120,Active,"2023-01-01",20
6584,hjnOSS,Business,250,Active,"2023-01-01",0
6585,KGkTF3,Residential,120,Active,"2023-01-01",5
6586,Cu4JH4,Roam,80,Active,"2023-01-01",10
6587,IlQjIx,Business,250,Active,"2023-01-01",20
6588,wwBKk9,Residential,120,Active,"2023-01-01",0
6589,N3dNSO,Residential,120,Active,"2023-01-01",5
6590,KkMM0j,Roam,80,Active,"2023-01-01",10
6591,ZITrk3,Mini,50,Active,"2023-01-01",20
6592,WG1QJD,Residential,120,Active,"2023-01-01",0
6593,HY42M3,Roam,80,Active,"2023-01-01",5
6594,FnYuyr,Residential,120,Cancelled,"2023-01-01",10
6595,DAPHzQ,Residential,120,Active,"2023-01-01",20
6596,Wfa1d0,Residential,120,Active,"2023-01-01",0
6597,LK015l,Roam,80,Active,"2023-01-01",5
6598,"8j8Pl3",Residential,120,Active,"2023-01-01",10
6599,G8g8iU,Residential,120,Paused,"2023-01-01",20
6600,L0WH7u,Residential,120,Active,"2023-01-01",0
6601,BrmFkU,Residential,120,Active,"2023-01-01",5
6602,"6X7Ok8",Residential,120,Active,"2023-01-01",10
6603,CVpwQ4,Residential,120,Active,"2023-01-01",20
6604,RrpeMv,Residential,120,Active,"2023-01-01",0
6605,Mty3UB,Residential,120,Active,"2023-01-01",5
6606,wRuNDH,Residential,120,Active,"2023-01-01",10
6607,Ueay7M,Residential,120,Paused,"2023-01-01",20
6608,"0dZWU6",Residential,120,Active,"2023-01-01",0
6609,"8Gc2wc",Residential,120,Active,"2023-01-01",5
6610,w81FWl,Business,250,Active,"2023-01-01",10
6611,PXxZyk,Residential,120,Cancelled,"2023-01-01",20
6612,srkAQI,Roam,80,Active,"2023-01-01",0
6613,ROTM0H,Residential,120,Paused,"2023-01-01",5
6614,iv7RyK,Residential,120,Active,"2023-01-01",10
6615,DRqr8h,Mini,50,Active,"2023-01-01",20
6616,Hqmt9Y,Roam,80,Active,"2023-01-01",0
6617,bjhPIn,Residential,120,Active,"2023-01-01",5
6618,vPLNbC,Residential,120,Active,"2023-01-01",10
6619,"8BaqOm",Residential,120,Active,"2023-01-01",20
6620,jpbWCF,Residential,120,Active,"2023-01-01",0
6621,CxYYdC,Residential,120,Active,"2023-01-01",5
6622,KL7cyH,Roam,80,Active,"2023-01-01",10
6623,NFECtx,Roam,80,Active,"2023-01-01",20
6624,mgIDyq,Residential,120,Active,"2023-01-01",0
6625,exTgt2,Residential,120,Active,"2023-01-01",5
6626,NHNquL,Roam,80,Active,"2023-01-01",10
6627,UhArQE,Residential,120,Active,"2023-01-01",20
6628,Lb89EM,Mini,50,Active,"2023-01-01",0
6629,dGk1zj,Residential,120,Active,"2023-01-01",5
6630,"1SidVr",Residential,120,Active,"2023-01-01",10
6631,"46Oj4L",Residential,120,Active,"2023-01-01",20
6632,Gvf6rt,Residential,120,Active,"2023-01-01",0
6633,yqLI5Y,Roam,80,Active,"2023-01-01",5
6634,dvyC1A,Residential,120,Active,"2023-01-01",10
6635,xj8N2x,Roam,80,Active,"2023-01-01",20
6636,"2ZSnUD",Residential,120,Active,"2023-01-01",0
6637,E6gro2,Residential,120,Active,"2023-01-01",5
6638,"5nIYgZ",Residential,120,Active,"2023-01-01",10
6639,xg5K1O,Residential,120,Active,"2023-01-01",20
6640,yQwEQ3,Business,250,Active,"2023-01-01",0
6641,VuUcRp,Business,250,Paused,"2023-01-01",5
6642,S4kA9O,Residential,120,Active,"2023-01-01",10
6643,wCD8w6,Residential,120,Paused,"2023-01-01",20
6644,r4VVJR,Residential,120,Active,"2023-01-01",0
6645,"5l1kLq",Roam,80,Active,"2023-01-01",5
6646,kzv4Xn,Business,250,Cancelled,"2023-01-01",10
6647,HmQX3v,Roam,80,Active,"2023-01-01",20
6648,gUXXPc,Residential,120,Active,"2023-01-01",0
6649,dVvYz1,Residential,120,Active,"2023-01-01",5
6650,k5s2wG,Roam,80,Active,"2023-01-01",10
6651,FVr9Qh,Business,250,Active,"2023-01-01",20
6652,OqWhRx,Business,250,Cancelled,"2023-01-01",0
6653,ArWJ1a,Roam,80,Active,"2023-01-01",5
6654,sHyeVP,Residential,120,Active,"2023-01-01",10
6655,ytZCDf,Residential,120,Active,"2023-01-01",20
6656,nVeyOA,Residential,120,Active,"2023-01-01",0
6657,th4sMn,Mini,50,Active,"2023-01-01",5
6658,DclNLy,Roam,80,Active,"2023-01-01",10
6659,"8O0FX5",Roam,80,Active,"2023-01-01",20
6660,rDdN8n,Mini,50,Active,"2023-01-01",0
6661,w0Yz7q,Residential,120,Cancelled,"2023-01-01",5
6662,tj1YDG,Business,250,Active,"2023-01-01",10
6663,LqbRC0,Residential,120,Active,"2023-01-01",20
6664,i8KuNh,Mini,50,Paused,"2023-01-01",0
6665,W9C6pK,Roam,80,Cancelled,"2023-01-01",5
6666,cudT9i,Residential,120,Cancelled,"2023-01-01",10
6667,KGb17S,Residential,120,Cancelled,"2023-01-01",20
6668,KZNbWm,Residential,120,Active,"2023-01-01",0
6669,oQmzFg,Residential,120,Active,"2023-01-01",5
6670,"3FAV7y",Residential,120,Active,"2023-01-01",10
6671,ieMQG7,Residential,120,Active,"2023-01-01",20
6672,Q3P5K3,Mini,50,Active,"2023-01-01",0
6673,"1sVEXH",Business,250,Active,"2023-01-01",5
6674,fBLKt5,Business,250,Active,"2023-01-01",10
6675,iOJr1y,Residential,120,Active,"2023-01-01",20
6676,CS2A6e,Residential,120,Active,"2023-01-01",0
6677,"0GvHMb",Residential,120,Active,"2023-01-01",5
6678,"60znu2",Roam,80,Active,"2023-01-01",10
6679,QkFsCP,Residential,120,Active,"2023-01-01",20
6680,R3CtZi,Residential,120,Active,"2023-01-01",0
6681,zuINam,Residential,120,Active,"2023-01-01",5
6682,AkKHx0,Residential,120,Active,"2023-01-01",10
6683,Ycb3jT,Roam,80,Active,"2023-01-01",20
6684,YcSfre,Residential,120,Active,"2023-01-01",0
6685,qDBiWO,Roam,80,Active,"2023-01-01",5
6686,"85v2e3",Residential,120,Active,"2023-01-01",10
6687,WCh1Ba,Residential,120,Active,"2023-01-01",20
6688,x4zBp3,Residential,120,Paused,"2023-01-01",0
6689,Incu9v,Roam,80,Active,"2023-01-01",5
6690,Axt3Dw,Business,250,Active,"2023-01-01",10
6691,mV8PP4,Residential,120,Active,"2023-01-01",20
6692,DLsfOH,Mini,50,Active,"2023-01-01",0
6693,sM4qtW,Residential,120,Active,"2023-01-01",5
6694,mlD3GD,Residential,120,Cancelled,"2023-01-01",10
6695,"9v91JS",Roam,80,Active,"2023-01-01",20
6696,J83blT,Mini,50,Active,"2023-01-01",0
6697,ELUtl9,Residential,120,Active,"2023-01-01",5
6698,PCGJKX,Residential,120,Active,"2023-01-01",10
6699,ULS9tP,Residential,120,Active,"2023-01-01",20
6700,"2ZdgTR",Roam,80,Cancelled,"2023-01-01",0
6701,"8Aepkt",Roam,80,Active,"2023-01-01",5
6702,"2vulvO",Roam,80,Active,"2023-01-01",10
6703,"9ali8w",Business,250,Active,"2023-01-01",20
6704,Cp8vCL,Residential,120,Cancelled,"2023-01-01",0
6705,P2Gne0,Residential,120,Active,"2023-01-01",5
6706,cAAu4z,Residential,120,Active,"2023-01-01",10
6707,T2x9md,Residential,120,Active,"2023-01-01",20
6708,HylUMs,Residential,120,Active,"2023-01-01",0
6709,vKnBuX,Residential,120,Paused,"2023-01-01",5
6710,Ze7r3h,Business,250,Active,"2023-01-01",10
6711,wJ4ZQG,Residential,120,Active,"2023-01-01",20
6712,HPzcHA,Residential,120,Active,"2023-01-01",0
6713,uX6WMV,Residential,120,Paused,"2023-01-01",5
6714,W6cv5j,Roam,80,Active,"2023-01-01",10
6715,"22fILd",Residential,120,Paused,"2023-01-01",20
6716,gJgADs,Business,250,Active,"2023-01-01",0
6717,GXxJZb,Residential,120,Active,"2023-01-01",5
6718,dFEs2G,Residential,120,Active,"2023-01-01",10
6719,pvvwFG,Mini,50,Active,"2023-01-01",20
6720,Un0z8t,Business,250,Active,"2023-01-01",0
6721,WKEAr8,Business,250,Active,"2023-01-01",5
6722,G83lGs,Residential,120,Active,"2023-01-01",10
6723,XB9zqk,Residential,120,Active,"2023-01-01",20
6724,"1nPlUm",Roam,80,Active,"2023-01-01",0
6725,lviNj8,Residential,120,Cancelled,"2023-01-01",5
6726,GRLTfF,Residential,120,Active,"2023-01-01",10
6727,h4uUfe,Roam,80,Cancelled,"2023-01-01",20
6728,PEehYF,Residential,120,Active,"2023-01-01",0
6729,RgBZM4,Residential,120,Active,"2023-01-01",5
6730,rq19Qf,Residential,120,Active,"2023-01-01",10
6731,"4PDme2",Business,250,Active,"2023-01-01",20
6732,"2DQnbE",Residential,120,Active,"2023-01-01",0
6733,"3LlGLQ",Residential,120,Active,"2023-01-01",5
6734,JXlQoa,Residential,120,Cancelled,"2023-01-01",10
6735,WxZs76,Roam,80,Paused,"2023-01-01",20
6736,FjQTJ1,Residential,120,Active,"2023-01-01",0
6737,X9Tbnp,Residential,120,Active,"2023-01-01",5
6738,uVT1GX,Residential,120,Active,"2023-01-01",10
6739,OcE6oQ,Roam,80,Active,"2023-01-01",20
6740,DNEvpy,Residential,120,Active,"2023-01-01",0
6741,YVSKMU,Residential,120,Active,"2023-01-01",5
6742,o29G8T,Residential,120,Paused,"2023-01-01",10
6743,"4y9h8y",Residential,120,Active,"2023-01-01",20
6744,"4SQJAV",Residential,120,Paused,"2023-01-01",0
6745,Wg2KDX,Business,250,Active,"2023-01-01",5
6746,"4PQ2Nm",Residential,120,Cancelled,"2023-01-01",10
6747,"0Jkl4G",Business,250,Active,"2023-01-01",20
6748,ySJqKV,Business,250,Active,"2023-01-01",0
6749,VzC9ED,Business,250,Active,"2023-01-01",5
6750,d2o6Nz,Residential,120,Active,"2023-01-01",10
6751,"7DmG8f",Mini,50,Active,"2023-01-01",20
6752,YBGQxK,Residential,120,Active,"2023-01-01",0
6753,Yb7L0P,Residential,120,Active,"2023-01-01",5
6754,q50k12,Roam,80,Paused,"2023-01-01",10
6755,RNadRn,Roam,80,Active,"2023-01-01",20
6756,BpDmH5,Residential,120,Active,"2023-01-01",0
6757,MEPAJl,Mini,50,Cancelled,"2023-01-01",5
6758,pQgXUi,Residential,120,Active,"2023-01-01",10
6759,"0WfPCR",Residential,120,Active,"2023-01-01",20
6760,"7tQvqU",Residential,120,Cancelled,"2023-01-01",0
6761,ksabeR,Residential,120,Active,"2023-01-01",5
6762,"1IMWbM",Roam,80,Active,"2023-01-01",10
6763,YXKaaf,Residential,120,Active,"2023-01-01",20
6764,E6mbt5,Residential,120,Active,"2023-01-01",0
6765,Wz1Urz,Residential,120,Active,"2023-01-01",5
6766,nJYVg8,Residential,120,Active,"2023-01-01",10
6767,"3ePzIO",Roam,80,Active,"2023-01-01",20
6768,x22iqV,Residential,120,Active,"2023-01-01",0
6769,HMjID8,Roam,80,Active,"2023-01-01",5
6770,EbIudh,Residential,120,Cancelled,"2023-01-01",10
6771,EdmCN7,Residential,120,Active,"2023-01-01",20
6772,PDqkLy,Residential,120,Active,"2023-01-01",0
6773,Ypz4Un,Residential,120,Active,"2023-01-01",5
6774,lf2UoY,Residential,120,Active,"2023-01-01",10
6775,nzelXs,Roam,80,Active,"2023-01-01",20
6776,qhfzfM,Roam,80,Active,"2023-01-01",0
6777,YV0eRy,Residential,120,Active,"2023-01-01",5
6778,"0KswCJ",Residential,120,Active,"2023-01-01",10
6779,dMbIjN,Mini,50,Cancelled,"2023-01-01",20
6780,"3W86jf",Roam,80,Active,"2023-01-01",0
6781,tYv66W,Residential,120,Active,"2023-01-01",5
6782,Q6EDQL,Residential,120,Active,"2023-01-01",10
6783,IlMJdJ,Roam,80,Active,"2023-01-01",20
6784,"5rKrVN",Residential,120,Active,"2023-01-01",0
6785,Ybn1hv,Roam,80,Active,"2023-01-01",5
6786,n0Xv00,Residential,120,Active,"2023-01-01",10
6787,JVqGsb,Residential,120,Active,"2023-01-01",20
6788,"8jl0Ib",Residential,120,Paused,"2023-01-01",0
6789,qwXXPZ,Residential,120,Active,"2023-01-01",5
6790,ObMrW7,Business,250,Paused,"2023-01-01",10
6791,SlRHiT,Residential,120,Active,"2023-01-01",20
6792,Q7wtwd,Residential,120,Active,"2023-01-01",0
6793,gq6Myf,Residential,120,Active,"2023-01-01",5
6794,IndO3a,Residential,120,Active,"2023-01-01",10
6795,sxiVQc,Residential,120,Active,"2023-01-01",20
6796,HKzoNb,Roam,80,Active,"2023-01-01",0
6797,zpZP9y,Roam,80,Active,"2023-01-01",5
6798,a7yFWZ,Roam,80,Active,"2023-01-01",10
6799,"0rVq4j",Roam,80,Active,"2023-01-01",20
6800,H3nDej,Residential,120,Paused,"2023-01-01",0
6801,IshQNU,Residential,120,Active,"2023-01-01",5
6802,EecAtp,Residential,120,Active,"2023-01-01",10
6803,rKQtvb,Business,250,Active,"2023-01-01",20
6804,aGqXWl,Residential,120,Active,"2023-01-01",0
6805,thScdG,Residential,120,Active,"2023-01-01",5
6806,kuGhOS,Roam,80,Cancelled,"2023-01-01",10
6807,idyYG4,Residential,120,Active,"2023-01-01",20
6808,eq6wy4,Residential,120,Active,"2023-01-01",0
6809,PnXM9y,Residential,120,Active,"2023-01-01",5
6810,xP5dRX,Residential,120,Active,"2023-01-01",10
6811,Kcnm1y,Residential,120,Active,"2023-01-01",20
6812,zIdxuv,Residential,120,Cancelled,"2023-01-01",0
6813,urt1nV,Residential,120,Active,"2023-01-01",5
6814,QwmNXy,Residential,120,Cancelled,"2023-01-01",10
6815,Eyt3cn,Business,250,Active,"2023-01-01",20
6816,DUbD4I,Roam,80,Active,"2023-01-01",0
6817,lFi50K,Business,250,Active,"2023-01-01",5
6818,gEKG89,Residential,120,Paused,"2023-01-01",10
6819,LeI6qc,Residential,120,Active,"2023-01-01",20
6820,"5DtwY3",Residential,120,Active,"2023-01-01",0
6821,enPYH1,Residential,120,Active,"2023-01-01",5
6822,"22SP3d",Residential,120,Paused,"2023-01-01",10
6823,"1kmfzw",Residential,120,Active,"2023-01-01",20
6824,yjyUcN,Residential,120,Paused,"2023-01-01",0
6825,Ez3PJh,Roam,80,Active,"2023-01-01",5
6826,xU9XZn,Residential,120,Active,"2023-01-01",10
6827,VBmnk9,Roam,80,Active,"2023-01-01",20
6828,bkVBoe,Residential,120,Active,"2023-01-01",0
6829,WnwGCt,Residential,120,Active,"2023-01-01",5
6830,FaF3kc,Mini,50,Cancelled,"2023-01-01",10
6831,qggafY,Mini,50,Paused,"2023-01-01",20
6832,D34B6Y,Residential,120,Active,"2023-01-01",0
6833,"7ZpEn7",Roam,80,Active,"2023-01-01",5
6834,CddZOu,Residential,120,Active,"2023-01-01",10
6835,dy53z6,Residential,120,Active,"2023-01-01",20
6836,G6qWZH,Roam,80,Cancelled,"2023-01-01",0
6837,"9y1F7I",Residential,120,Active,"2023-01-01",5
6838,U2vEUK,Residential,120,Active,"2023-01-01",10
6839,wq1YHn,Residential,120,Paused,"2023-01-01",20
6840,YvmAfA,Roam,80,Active,"2023-01-01",0
6841,NfOepV,Business,250,Cancelled,"2023-01-01",5
6842,cSVZv8,Residential,120,Active,"2023-01-01",10
6843,"8ff4ia",Mini,50,Active,"2023-01-01",20
6844,DwhihT,Roam,80,Active,"2023-01-01",0
6845,"7h9DpL",Residential,120,Cancelled,"2023-01-01",5
6846,lfdzC8,Residential,120,Active,"2023-01-01",10
6847,pOVFry,Residential,120,Active,"2023-01-01",20
6848,wLaUNf,Residential,120,Paused,"2023-01-01",0
6849,k4gLwC,Residential,120,Active,"2023-01-01",5
6850,U5r2MV,Mini,50,Active,"2023-01-01",10
6851,UXZxeE,Residential,120,Active,"2023-01-01",20
6852,tpuU4g,Residential,120,Active,"2023-01-01",0
6853,gkY7Da,Mini,50,Paused,"2023-01-01",5
6854,XlDDgy,Residential,120,Paused,"2023-01-01",10
6855,X7AI8n,Mini,50,Active,"2023-01-01",20
6856,zfVyHN,Residential,120,Active,"2023-01-01",0
6857,IBBL8f,Residential,120,Active,"2023-01-01",5
6858,"3SGFqy",Roam,80,Active,"2023-01-01",10
6859,SJTj1h,Residential,120,Active,"2023-01-01",20
6860,UFaZQ2,Residential,120,Active,"2023-01-01",0
6861,Q3fhFV,Residential,120,Active,"2023-01-01",5
6862,G4n3Eb,Residential,120,Paused,"2023-01-01",10
6863,gabdar,Residential,120,Active,"2023-01-01",20
6864,Yaz7fR,Roam,80,Paused,"2023-01-01",0
6865,NgDrIA,Residential,120,Active,"2023-01-01",5
6866,GUqSNu,Roam,80,Active,"2023-01-01",10
6867,II6jVJ,Residential,120,Active,"2023-01-01",20
6868,Bsw303,Business,250,Active,"2023-01-01",0
6869,"8VaQJa",Roam,80,Active,"2023-01-01",5
6870,x0XOXh,Mini,50,Active,"2023-01-01",10
6871,"5dbvFy",Residential,120,Active,"2023-01-01",20
6872,n630xA,Residential,120,Cancelled,"2023-01-01",0
6873,F1CO7X,Residential,120,Active,"2023-01-01",5
6874,"2P2rjF",Roam,80,Active,"2023-01-01",10
6875,yrAQ97,Residential,120,Active,"2023-01-01",20
6876,"7KaCLb",Residential,120,Active,"2023-01-01",0
6877,"2JmxbW",Residential,120,Active,"2023-01-01",5
6878,zkMubd,Residential,120,Active,"2023-01-01",10
6879,eJe3qR,Roam,80,Active,"2023-01-01",20
6880,"4Mhlkn",Residential,120,Paused,"2023-01-01",0
6881,"04ryti",Residential,120,Active,"2023-01-01",5
6882,"2Oh0h2",Residential,120,Cancelled,"2023-01-01",10
6883,IDjyRu,Business,250,Cancelled,"2023-01-01",20
6884,xSvzfB,Residential,120,Active,"2023-01-01",0
6885,gnPNUW,Residential,120,Active,"2023-01-01",5
6886,q4Kffi,Residential,120,Active,"2023-01-01",10
6887,AGmQwx,Residential,120,Cancelled,"2023-01-01",20
6888,cHyca6,Residential,120,Active,"2023-01-01",0
6889,rk80Py,Residential,120,Active,"2023-01-01",5
6890,jZF8v6,Residential,120,Active,"2023-01-01",10
6891,BymxYf,Residential,120,Active,"2023-01-01",20
6892,DoRDwH,Residential,120,Active,"2023-01-01",0
6893,fT4qlP,Residential,120,Active,"2023-01-01",5
6894,"0OisS7",Residential,120,Active,"2023-01-01",10
6895,"4flH3T",Residential,120,Active,"2023-01-01",20
6896,yNMWE8,Residential,120,Paused,"2023-01-01",0
6897,j8nrpi,Roam,80,Cancelled,"2023-01-01",5
6898,"4Fpj3f",Residential,120,Paused,"2023-01-01",10
6899,"6IOVZ0",Residential,120,Active,"2023-01-01",20
6900,"3gwMwk",Residential,120,Active,"2023-01-01",0
6901,"2Vvy2q",Roam,80,Paused,"2023-01-01",5
6902,BPnNh3,Business,250,Active,"2023-01-01",10
6903,wShoYS,Residential,120,Active,"2023-01-01",20
6904,FoEo1g,Roam,80,Active,"2023-01-01",0
6905,yK1USk,Roam,80,Active,"2023-01-01",5
6906,VQs2xx,Residential,120,Paused,"2023-01-01",10
6907,"0FNKu9",Roam,80,Active,"2023-01-01",20
6908,hLu0zp,Residential,120,Active,"2023-01-01",0
6909,KaXKnH,Residential,120,Active,"2023-01-01",5
6910,BlbFlr,Residential,120,Active,"2023-01-01",10
6911,KxNoK9,Business,250,Active,"2023-01-01",20
6912,"45P8AA",Business,250,Active,"2023-01-01",0
6913,vlTTdD,Residential,120,Active,"2023-01-01",5
6914,iedXGM,Business,250,Active,"2023-01-01",10
6915,ZCUgU2,Roam,80,Paused,"2023-01-01",20
6916,oyADb2,Residential,120,Active,"2023-01-01",0
6917,hvSQl7,Residential,120,Active,"2023-01-01",5
6918,s8iKcE,Roam,80,Active,"2023-01-01",10
6919,Ny8H6h,Mini,50,Active,"2023-01-01",20
6920,Yz1fA3,Residential,120,Active,"2023-01-01",0
6921,DMv0j5,Residential,120,Active,"2023-01-01",5
6922,GZ4Tav,Residential,120,Active,"2023-01-01",10
6923,ujm2g6,Residential,120,Active,"2023-01-01",20
6924,"8Js49Y",Business,250,Cancelled,"2023-01-01",0
6925,RBmHWO,Mini,50,Active,"2023-01-01",5
6926,Skv4WG,Roam,80,Paused,"2023-01-01",10
6927,CZqKST,Residential,120,Paused,"2023-01-01",20
6928,WbIlOo,Residential,120,Cancelled,"2023-01-01",0
6929,Q3v48i,Residential,120,Active,"2023-01-01",5
6930,OS1gEW,Residential,120,Active,"2023-01-01",10
6931,oVniXP,Residential,120,Active,"2023-01-01",20
6932,eCqJsJ,Residential,120,Active,"2023-01-01",0
6933,r6YICt,Business,250,Active,"2023-01-01",5
6934,rkSBiy,Residential,120,Active,"2023-01-01",10
6935,AhirSY,Residential,120,Active,"2023-01-01",20
6936,OOPVkp,Roam,80,Active,"2023-01-01",0
6937,UU1czo,Mini,50,Active,"2023-01-01",5
6938,p8powh,Residential,120,Active,"2023-01-01",10
6939,OcgU6C,Residential,120,Active,"2023-01-01",20
6940,jo0N32,Roam,80,Active,"2023-01-01",0
6941,rsfXWA,Residential,120,Active,"2023-01-01",5
6942,M7fT8q,Residential,120,Paused,"2023-01-01",10
6943,oJPf6D,Residential,120,Active,"2023-01-01",20
6944,Qm9Uvv,Residential,120,Active,"2023-01-01",0
6945,zaHTth,Residential,120,Active,"2023-01-01",5
6946,ijl8y9,Residential,120,Paused,"2023-01-01",10
6947,I3vCdo,Roam,80,Active,"2023-01-01",20
6948,wyRsym,Business,250,Active,"2023-01-01",0
6949,YKVFMP,Roam,80,Cancelled,"2023-01-01",5
6950,OXnPKh,Residential,120,Active,"2023-01-01",10
6951,xLeiDj,Residential,120,Active,"2023-01-01",20
6952,WfoHBW,Roam,80,Active,"2023-01-01",0
6953,u0WKtc,Roam,80,Active,"2023-01-01",5
6954,dql7LI,Residential,120,Active,"2023-01-01",10
6955,"6REE3T",Residential,120,Cancelled,"2023-01-01",20
6956,YlgAAC,Residential,120,Paused,"2023-01-01",0
6957,DOSdZd,Residential,120,Active,"2023-01-01",5
6958,ltcfUP,Residential,120,Active,"2023-01-01",10
6959,zBwDGn,Residential,120,Active,"2023-01-01",20
6960,maBNj1,Residential,120,Active,"2023-01-01",0
6961,"4855PA",Residential,120,Cancelled,"2023-01-01",5
6962,tGgsLJ,Residential,120,Active,"2023-01-01",10
6963,p7i7Cr,Mini,50,Active,"2023-01-01",20
6964,ZDO3zE,Residential,120,Active,"2023-01-01",0
6965,RQ8RuN,Residential,120,Active,"2023-01-01",5
6966,sLzxxt,Residential,120,Active,"2023-01-01",10
6967,Jq0jCr,Mini,50,Active,"2023-01-01",20
6968,GBgXFN,Roam,80,Active,"2023-01-01",0
6969,yj8IFr,Mini,50,Active,"2023-01-01",5
6970,J7ZYS2,Residential,120,Active,"2023-01-01",10
6971,oKnBL6,Residential,120,Active,"2023-01-01",20
6972,FimqSP,Mini,50,Cancelled,"2023-01-01",0
6973,dLUfgy,Residential,120,Active,"2023-01-01",5
6974,"7pFhIz",Mini,50,Active,"2023-01-01",10
6975,"2uy8q2",Residential,120,Paused,"2023-01-01",20
6976,tK3HNT,Roam,80,Active,"2023-01-01",0
6977,y87RWv,Residential,120,Active,"2023-01-01",5
6978,"3B7GqQ",Residential,120,Paused,"2023-01-01",10
6979,LOueoI,Residential,120,Cancelled,"2023-01-01",20
6980,bRfA2k,Residential,120,Active,"2023-01-01",0
6981,O49KZ6,Roam,80,Active,"2023-01-01",5
6982,GxGHbK,Business,250,Paused,"2023-01-01",10
6983,O3Ofa6,Mini,50,Cancelled,"2023-01-01",20
6984,nSYvWV,Residential,120,Paused,"2023-01-01",0
6985,xZfrLE,Residential,120,Active,"2023-01-01",5
6986,Caw9Ph,Residential,120,Active,"2023-01-01",10
6987,ZTQGOA,Roam,80,Active,"2023-01-01",20
6988,d1BM6S,Residential,120,Cancelled,"2023-01-01",0
6989,StdmWP,Roam,80,Active,"2023-01-01",5
6990,ELoUEY,Roam,80,Active,"2023-01-01",10
6991,q1WDuU,Roam,80,Active,"2023-01-01",20
6992,DWXbpO,Residential,120,Active,"2023-01-01",0
6993,P0grK5,Business,250,Active,"2023-01-01",5
6994,FDTA7X,Residential,120,Active,"2023-01-01",10
6995,N5roVZ,Residential,120,Active,"2023-01-01",20
6996,tjgHHw,Residential,120,Active,"2023-01-01",0
6997,lx7wu0,Residential,120,Active,"2023-01-01",5
6998,XXEKWY,Residential,120,Cancelled,"2023-01-01",10
6999,"7VVofT",Roam,80,Cancelled,"2023-01-01",20
7000,chYPCQ,Roam,80,Active,"2023-01-01",0
7001,vUNlbV,Roam,80,Cancelled,"2023-01-01",5
7002,SPL9bn,Residential,120,Active,"2023-01-01",10
7003,ur9KaL,Mini,50,Active,"2023-01-01",20
7004,Obym15,Residential,120,Active,"2023-01-01",0
7005,ByQw7c,Residential,120,Active,"2023-01-01",5
7006,EgcARy,Residential,120,Active,"2023-01-01",10
7007,"7YH1sK",Residential,120,Active,"2023-01-01",20
7008,hVFjOI,Residential,120,Active,"2023-01-01",0
7009,mEO6cy,Residential,120,Active,"2023-01-01",5
7010,oYEDbF,Residential,120,Active,"2023-01-01",10
7011,fML431,Mini,50,Paused,"2023-01-01",20
7012,LggG6x,Residential,120,Active,"2023-01-01",0
7013,"66vjFT",Residential,120,Active,"2023-01-01",5
7014,jdJRtS,Residential,120,Active,"2023-01-01",10
7015,gEjgN7,Residential,120,Cancelled,"2023-01-01",20
7016,"9bAloZ",Roam,80,Active,"2023-01-01",0
7017,yD6rOu,Roam,80,Active,"2023-01-01",5
7018,FcDAU1,Mini,50,Active,"2023-01-01",10
7019,A4b1mp,Mini,50,Active,"2023-01-01",20
7020,"1yiUJX",Mini,50,Active,"2023-01-01",0
7021,YadICs,Business,250,Active,"2023-01-01",5
7022,YnsLAu,Residential,120,Active,"2023-01-01",10
7023,MT5jot,Residential,120,Paused,"2023-01-01",20
7024,QSYvBM,Business,250,Active,"2023-01-01",0
7025,HjDGa6,Residential,120,Cancelled,"2023-01-01",5
7026,w45Y4R,Residential,120,Active,"2023-01-01",10
7027,hUhMEp,Residential,120,Active,"2023-01-01",20
7028,zjpASw,Residential,120,Active,"2023-01-01",0
7029,GxPju5,Residential,120,Active,"2023-01-01",5
7030,JiceW4,Roam,80,Active,"2023-01-01",10
7031,A4KR1V,Residential,120,Active,"2023-01-01",20
7032,bSPrfB,Residential,120,Active,"2023-01-01",0
7033,aeImlz,Roam,80,Active,"2023-01-01",5
7034,YtsvlG,Business,250,Active,"2023-01-01",10
7035,oGWrdX,Residential,120,Active,"2023-01-01",20
7036,wpg1Gt,Residential,120,Paused,"2023-01-01",0
7037,JZiTwi,Residential,120,Active,"2023-01-01",5
7038,UTVQBH,Business,250,Active,"2023-01-01",10
7039,wwDAwq,Residential,120,Paused,"2023-01-01",20
7040,sUWtKI,Roam,80,Active,"2023-01-01",0
7041,VfvfDu,Mini,50,Paused,"2023-01-01",5
7042,NlN25R,Residential,120,Active,"2023-01-01",10
7043,BsiWkq,Residential,120,Active,"2023-01-01",20
7044,P61oIf,Residential,120,Active,"2023-01-01",0
7045,f6Q3dS,Residential,120,Active,"2023-01-01",5
7046,FIUUR7,Residential,120,Paused,"2023-01-01",10
7047,enJMsN,Residential,120,Active,"2023-01-01",20
7048,G6LvMu,Roam,80,Active,"2023-01-01",0
7049,"9Sqcvh",Residential,120,Active,"2023-01-01",5
7050,"90CwG7",Residential,120,Active,"2023-01-01",10
7051,TQin7J,Residential,120,Active,"2023-01-01",20
7052,f1MuNr,Residential,120,Active,"2023-01-01",0
7053,sKL0VU,Residential,120,Active,"2023-01-01",5
7054,"6ygqv8",Business,250,Active,"2023-01-01",10
7055,Q2qYGB,Roam,80,Active,"2023-01-01",20
7056,FNguE1,Residential,120,Active,"2023-01-01",0
7057,ppd8ZV,Business,250,Active,"2023-01-01",5
7058,uiqKko,Mini,50,Active,"2023-01-01",10
7059,NoyW2x,Roam,80,Active,"2023-01-01",20
7060,d9w9MZ,Residential,120,Active,"2023-01-01",0
7061,AZ2H20,Residential,120,Paused,"2023-01-01",5
7062,gYolsZ,Roam,80,Active,"2023-01-01",10
7063,uxVATL,Business,250,Active,"2023-01-01",20
7064,"09HuQ9",Roam,80,Active,"2023-01-01",0
7065,i1ZJrp,Residential,120,Active,"2023-01-01",5
7066,fpow9D,Roam,80,Active,"2023-01-01",10
7067,yeBpE4,Residential,120,Cancelled,"2023-01-01",20
7068,EwavS3,Business,250,Active,"2023-01-01",0
7069,uCK3Xq,Mini,50,Active,"2023-01-01",5
7070,bEpGVv,Roam,80,Paused,"2023-01-01",10
7071,YMhFBd,Residential,120,Paused,"2023-01-01",20
7072,ZNXsd3,Residential,120,Active,"2023-01-01",0
7073,oeTzCk,Residential,120,Active,"2023-01-01",5
7074,WvyKGT,Residential,120,Active,"2023-01-01",10
7075,ukLa4a,Residential,120,Active,"2023-01-01",20
7076,a3HgOq,Residential,120,Active,"2023-01-01",0
7077,QzgTE0,Roam,80,Active,"2023-01-01",5
7078,EdRy29,Residential,120,Active,"2023-01-01",10
7079,A5Xt0O,Residential,120,Active,"2023-01-01",20
7080,"3EL956",Residential,120,Active,"2023-01-01",0
7081,"3aGcQ6",Residential,120,Active,"2023-01-01",5
7082,wYoIXK,Business,250,Active,"2023-01-01",10
7083,LwX8uD,Roam,80,Active,"2023-01-01",20
7084,jpRmqv,Residential,120,Active,"2023-01-01",0
7085,QUNdXo,Residential,120,Active,"2023-01-01",5
7086,Twfxvk,Roam,80,Active,"2023-01-01",10
7087,gvqzap,Residential,120,Active,"2023-01-01",20
7088,XYbEcc,Residential,120,Active,"2023-01-01",0
7089,KEdHtH,Residential,120,Paused,"2023-01-01",5
7090,rwhMrE,Residential,120,Active,"2023-01-01",10
7091,CFngS7,Business,250,Paused,"2023-01-01",20
7092,IeRm8o,Residential,120,Active,"2023-01-01",0
7093,Gj389B,Roam,80,Active,"2023-01-01",5
7094,"57Vnjt",Roam,80,Active,"2023-01-01",10
7095,SGa5QK,Mini,50,Active,"2023-01-01",20
7096,qMs4RS,Business,250,Paused,"2023-01-01",0
7097,ntMIE3,Residential,120,Active,"2023-01-01",5
7098,GVrriC,Residential,120,Active,"2023-01-01",10
7099,"3iteby",Residential,120,Paused,"2023-01-01",20
7100,yNvNly,Residential,120,Active,"2023-01-01",0
7101,pJreJv,Mini,50,Active,"2023-01-01",5
7102,gVuBpF,Residential,120,Active,"2023-01-01",10
7103,"9ssn1b",Mini,50,Active,"2023-01-01",20
7104,jcRoEN,Roam,80,Active,"2023-01-01",0
7105,AchUJl,Residential,120,Cancelled,"2023-01-01",5
7106,mXHw7b,Residential,120,Cancelled,"2023-01-01",10
7107,"8wmBdo",Residential,120,Active,"2023-01-01",20
7108,FY3iQj,Business,250,Active,"2023-01-01",0
7109,"7pTNh1",Mini,50,Active,"2023-01-01",5
7110,QzLKHW,Residential,120,Active,"2023-01-01",10
7111,WFgF6c,Residential,120,Active,"2023-01-01",20
7112,yDr40v,Business,250,Active,"2023-01-01",0
7113,IZdzpX,Residential,120,Active,"2023-01-01",5
7114,fDT7eN,Roam,80,Active,"2023-01-01",10
7115,F0T5hi,Residential,120,Active,"2023-01-01",20
7116,"6ncXXR",Residential,120,Paused,"2023-01-01",0
7117,qAOV3i,Residential,120,Paused,"2023-01-01",5
7118,"0TLEFF",Residential,120,Active,"2023-01-01",10
7119,a0XF2M,Residential,120,Active,"2023-01-01",20
7120,CcHovr,Roam,80,Cancelled,"2023-01-01",0
7121,"6a8nHF",Roam,80,Active,"2023-01-01",5
7122,Y6s3of,Residential,120,Paused,"2023-01-01",10
7123,wIptvR,Business,250,Active,"2023-01-01",20
7124,"4V9YCV",Residential,120,Active,"2023-01-01",0
7125,V5V6mL,Residential,120,Active,"2023-01-01",5
7126,isLWfP,Roam,80,Active,"2023-01-01",10
7127,cXsxjG,Residential,120,Active,"2023-01-01",20
7128,Oc8QyU,Residential,120,Active,"2023-01-01",0
7129,yjJyh5,Residential,120,Active,"2023-01-01",5
7130,Eq9ItR,Residential,120,Active,"2023-01-01",10
7131,"3LSFZH",Residential,120,Active,"2023-01-01",20
7132,"5BzgGJ",Residential,120,Paused,"2023-01-01",0
7133,"2lSdXn",Residential,120,Active,"2023-01-01",5
7134,kysRoO,Roam,80,Paused,"2023-01-01",10
7135,uPfBWx,Business,250,Active,"2023-01-01",20
7136,KomxWS,Roam,80,Cancelled,"2023-01-01",0
7137,NUzSVU,Business,250,Active,"2023-01-01",5
7138,KdQi8G,Business,250,Paused,"2023-01-01",10
7139,tCdZe1,Residential,120,Active,"2023-01-01",20
7140,alX8UK,Residential,120,Active,"2023-01-01",0
7141,aJSjTV,Roam,80,Active,"2023-01-01",5
7142,MrUPim,Residential,120,Active,"2023-01-01",10
7143,"614JTE",Residential,120,Cancelled,"2023-01-01",20
7144,"6QWoIt",Residential,120,Active,"2023-01-01",0
7145,VVRGc6,Roam,80,Active,"2023-01-01",5
7146,SO2dG6,Mini,50,Active,"2023-01-01",10
7147,q7uJW2,Mini,50,Paused,"2023-01-01",20
7148,"4b5Hvf",Residential,120,Active,"2023-01-01",0
7149,"33f5Lf",Business,250,Active,"2023-01-01",5
7150,xuIKSW,Residential,120,Active,"2023-01-01",10
7151,tiD8u9,Residential,120,Active,"2023-01-01",20
7152,wh8MGT,Roam,80,Active,"2023-01-01",0
7153,rp0QsU,Roam,80,Active,"2023-01-01",5
7154,M38SvD,Residential,120,Active,"2023-01-01",10
7155,TEYpFG,Residential,120,Active,"2023-01-01",20
7156,uxVc1z,Roam,80,Active,"2023-01-01",0
7157,QImCxN,Roam,80,Active,"2023-01-01",5
7158,"2Ys16z",Mini,50,Active,"2023-01-01",10
7159,"1VlXSg",Mini,50,Active,"2023-01-01",20
7160,"7MzkCW",Residential,120,Active,"2023-01-01",0
7161,Oq7KMz,Residential,120,Active,"2023-01-01",5
7162,HDBTq0,Residential,120,Active,"2023-01-01",10
7163,qL8tnb,Roam,80,Active,"2023-01-01",20
7164,v9rIpC,Business,250,Active,"2023-01-01",0
7165,lK7VWn,Mini,50,Active,"2023-01-01",5
7166,tSpIcm,Roam,80,Paused,"2023-01-01",10
7167,"7jLPEx",Residential,120,Active,"2023-01-01",20
7168,lIXhhm,Roam,80,Active,"2023-01-01",0
7169,NYuwah,Residential,120,Active,"2023-01-01",5
7170,KHN4Ay,Roam,80,Active,"2023-01-01",10
7171,fZVB3u,Residential,120,Active,"2023-01-01",20
7172,AKDMcE,Residential,120,Active,"2023-01-01",0
7173,pV02WT,Residential,120,Active,"2023-01-01",5
7174,"5Gcifl",Residential,120,Active,"2023-01-01",10
7175,dcRePC,Roam,80,Active,"2023-01-01",20
7176,XtwyNU,Residential,120,Active,"2023-01-01",0
7177,RZNRfF,Roam,80,Active,"2023-01-01",5
7178,iJZBbn,Residential,120,Active,"2023-01-01",10
7179,LXM8zT,Residential,120,Active,"2023-01-01",20
7180,XacrKd,Mini,50,Active,"2023-01-01",0
7181,pXxDVB,Residential,120,Active,"2023-01-01",5
7182,b5QAei,Residential,120,Active,"2023-01-01",10
7183,jVom3t,Roam,80,Active,"2023-01-01",20
7184,"9USWZB",Residential,120,Active,"2023-01-01",0
7185,"5xofA9",Roam,80,Active,"2023-01-01",5
7186,xbZVNc,Residential,120,Cancelled,"2023-01-01",10
7187,quuPD6,Roam,80,Active,"2023-01-01",20
7188,pxbNyA,Residential,120,Active,"2023-01-01",0
7189,gJSoFc,Mini,50,Active,"2023-01-01",5
7190,v62AFR,Mini,50,Active,"2023-01-01",10
7191,zARkSS,Mini,50,Active,"2023-01-01",20
7192,VC8BpV,Business,250,Active,"2023-01-01",0
7193,hza07C,Business,250,Active,"2023-01-01",5
7194,PPjrYU,Roam,80,Cancelled,"2023-01-01",10
7195,"5j7uNL",Residential,120,Cancelled,"2023-01-01",20
7196,knyuIR,Residential,120,Paused,"2023-01-01",0
7197,"9oxGKy",Business,250,Active,"2023-01-01",5
7198,KKpCc1,Residential,120,Paused,"2023-01-01",10
7199,UrUZJT,Roam,80,Active,"2023-01-01",20
7200,WWOwC4,Residential,120,Active,"2023-01-01",0
7201,sm84eP,Roam,80,Active,"2023-01-01",5
7202,e8cXE9,Business,250,Active,"2023-01-01",10
7203,EJSJ2h,Business,250,Active,"2023-01-01",20
7204,WsKugm,Residential,120,Active,"2023-01-01",0
7205,TFpFp0,Business,250,Active,"2023-01-01",5
7206,Y5d5wO,Mini,50,Active,"2023-01-01",10
7207,oYBUzo,Mini,50,Paused,"2023-01-01",20
7208,OQWQa8,Residential,120,Active,"2023-01-01",0
7209,vAOBZP,Mini,50,Cancelled,"2023-01-01",5
7210,xzUS50,Mini,50,Active,"2023-01-01",10
7211,x8NCsQ,Residential,120,Active,"2023-01-01",20
7212,V7Vbeq,Roam,80,Active,"2023-01-01",0
7213,c8uRGZ,Business,250,Paused,"2023-01-01",5
7214,kllMVq,Residential,120,Active,"2023-01-01",10
7215,GoFVcM,Roam,80,Active,"2023-01-01",20
7216,NS80TK,Business,250,Active,"2023-01-01",0
7217,QAKXqE,Roam,80,Cancelled,"2023-01-01",5
7218,abY8uF,Mini,50,Cancelled,"2023-01-01",10
7219,"8tbcZv",Residential,120,Active,"2023-01-01",20
7220,xSrEFw,Residential,120,Active,"2023-01-01",0
7221,wGT3Et,Roam,80,Active,"2023-01-01",5
7222,GQIB0q,Residential,120,Active,"2023-01-01",10
7223,rbCIVV,Business,250,Active,"2023-01-01",20
7224,jea4EU,Roam,80,Active,"2023-01-01",0
7225,DkPcNr,Residential,120,Active,"2023-01-01",5
7226,JiXN6N,Residential,120,Active,"2023-01-01",10
7227,R2lZ3I,Roam,80,Active,"2023-01-01",20
7228,WvMuZ5,Residential,120,Active,"2023-01-01",0
7229,gtblrb,Residential,120,Active,"2023-01-01",5
7230,bSdTjz,Residential,120,Active,"2023-01-01",10
7231,HhYzAu,Business,250,Paused,"2023-01-01",20
7232,kTyxqA,Mini,50,Active,"2023-01-01",0
7233,JqUXlE,Residential,120,Active,"2023-01-01",5
7234,nKP11p,Business,250,Cancelled,"2023-01-01",10
7235,r8bYPX,Residential,120,Active,"2023-01-01",20
7236,oVHFDb,Business,250,Cancelled,"2023-01-01",0
7237,sPDT3z,Residential,120,Active,"2023-01-01",5
7238,t0Qrjr,Roam,80,Active,"2023-01-01",10
7239,"1aY3hV",Residential,120,Cancelled,"2023-01-01",20
7240,WTIAEd,Roam,80,Active,"2023-01-01",0
7241,ZwMaRK,Residential,120,Active,"2023-01-01",5
7242,QdyTb6,Mini,50,Active,"2023-01-01",10
7243,"0scDU7",Residential,120,Active,"2023-01-01",20
7244,dpYT2D,Mini,50,Active,"2023-01-01",0
7245,TRgted,Mini,50,Active,"2023-01-01",5
7246,"8xlB3H",Residential,120,Paused,"2023-01-01",10
7247,VCwpxo,Residential,120,Active,"2023-01-01",20
7248,vNfC1J,Residential,120,Active,"2023-01-01",0
7249,"3mGwzE",Residential,120,Paused,"2023-01-01",5
7250,HnHPEW,Residential,120,Active,"2023-01-01",10
7251,MLAJxN,Residential,120,Active,"2023-01-01",20
7252,AlXvpE,Residential,120,Active,"2023-01-01",0
7253,snTJns,Residential,120,Active,"2023-01-01",5
7254,cmwPOX,Residential,120,Active,"2023-01-01",10
7255,ysbjFq,Residential,120,Active,"2023-01-01",20
7256,CLdSsb,Mini,50,Active,"2023-01-01",0
7257,SRUpT6,Roam,80,Cancelled,"2023-01-01",5
7258,t6JUA6,Residential,120,Active,"2023-01-01",10
7259,efrZ4v,Residential,120,Active,"2023-01-01",20
7260,t3drwd,Residential,120,Cancelled,"2023-01-01",0
7261,"3ggSK5",Roam,80,Active,"2023-01-01",5
7262,F67rcW,Residential,120,Active,"2023-01-01",10
7263,TMRYzJ,Residential,120,Active,"2023-01-01",20
7264,NfezsS,Mini,50,Active,"2023-01-01",0
7265,J5SCpY,Residential,120,Active,"2023-01-01",5
7266,YT0a7A,Residential,120,Active,"2023-01-01",10
7267,eAJlfl,Business,250,Active,"2023-01-01",20
7268,iRa9bl,Mini,50,Active,"2023-01-01",0
7269,Rh4nKz,Residential,120,Active,"2023-01-01",5
7270,yz4OFb,Residential,120,Active,"2023-01-01",10
7271,KMM1s0,Roam,80,Active,"2023-01-01",20
7272,"3gDmQV",Business,250,Active,"2023-01-01",0
7273,V0fPvM,Residential,120,Active,"2023-01-01",5
7274,"5FeELY",Residential,120,Active,"2023-01-01",10
7275,"37NRxq",Roam,80,Active,"2023-01-01",20
7276,yEfcoC,Residential,120,Paused,"2023-01-01",0
7277,HmN9BT,Residential,120,Active,"2023-01-01",5
7278,MCytk0,Residential,120,Active,"2023-01-01",10
7279,"5pa1VF",Residential,120,Cancelled,"2023-01-01",20
7280,"4zCxjd",Mini,50,Active,"2023-01-01",0
7281,P054si,Residential,120,Active,"2023-01-01",5
7282,aDZFnu,Residential,120,Active,"2023-01-01",10
7283,"2Uo3lb",Roam,80,Active,"2023-01-01",20
7284,"5xLtpB",Residential,120,Active,"2023-01-01",0
7285,VVrAsM,Residential,120,Active,"2023-01-01",5
7286,GvxaMP,Residential,120,Active,"2023-01-01",10
7287,rhEw3Q,Residential,120,Cancelled,"2023-01-01",20
7288,rpy2yr,Residential,120,Active,"2023-01-01",0
7289,P5V5mM,Residential,120,Active,"2023-01-01",5
7290,"8wVf4f",Business,250,Active,"2023-01-01",10
7291,AZH1XO,Residential,120,Cancelled,"2023-01-01",20
7292,LehgHe,Roam,80,Active,"2023-01-01",0
7293,f0Qhy4,Residential,120,Active,"2023-01-01",5
7294,"6YPhNU",Residential,120,Active,"2023-01-01",10
7295,"8zgv6s",Residential,120,Active,"2023-01-01",20
7296,orWT8i,Residential,120,Active,"2023-01-01",0
7297,NsWtCB,Business,250,Active,"2023-01-01",5
7298,"9RZokY",Residential,120,Active,"2023-01-01",10
7299,f2Td6P,Roam,80,Active,"2023-01-01",20
7300,Ivm9ws,Residential,120,Active,"2023-01-01",0
7301,doXZ6k,Residential,120,Active,"2023-01-01",5
7302,w57Ip2,Residential,120,Active,"2023-01-01",10
7303,jWVRSG,Residential,120,Active,"2023-01-01",20
7304,hzyEcG,Residential,120,Active,"2023-01-01",0
7305,W1VJNx,Business,250,Active,"2023-01-01",5
7306,OAiFma,Residential,120,Paused,"2023-01-01",10
7307,VlokId,Residential,120,Cancelled,"2023-01-01",20
7308,VoGLJe,Business,250,Active,"2023-01-01",0
7309,L9DnQs,Residential,120,Active,"2023-01-01",5
7310,avnKUi,Residential,120,Paused,"2023-01-01",10
7311,"5TGWi2",Mini,50,Cancelled,"2023-01-01",20
7312,nJdXDH,Residential,120,Active,"2023-01-01",0
7313,"0vzAa9",Roam,80,Active,"2023-01-01",5
7314,L2Cpw5,Roam,80,Cancelled,"2023-01-01",10
7315,zp2o0s,Residential,120,Paused,"2023-01-01",20
7316,QnHNAX,Residential,120,Active,"2023-01-01",0
7317,aMThNa,Residential,120,Active,"2023-01-01",5
7318,FusUAt,Residential,120,Active,"2023-01-01",10
7319,LzhJcj,Roam,80,Active,"2023-01-01",20
7320,wD1y5K,Residential,120,Active,"2023-01-01",0
7321,ymF2ys,Roam,80,Active,"2023-01-01",5
7322,"9rPzzj",Roam,80,Active,"2023-01-01",10
7323,bq7TeG,Roam,80,Active,"2023-01-01",20
7324,"64zoTi",Mini,50,Cancelled,"2023-01-01",0
7325,NhXf5w,Residential,120,Active,"2023-01-01",5
7326,"9O4lHO",Residential,120,Active,"2023-01-01",10
7327,uWrFSo,Business,250,Active,"2023-01-01",20
7328,pvMJze,Residential,120,Active,"2023-01-01",0
7329,uRnLhR,Roam,80,Active,"2023-01-01",5
7330,Mf566X,Residential,120,Active,"2023-01-01",10
7331,Xujux6,Residential,120,Active,"2023-01-01",20
7332,"0CP091",Residential,120,Active,"2023-01-01",0
7333,wXaHCP,Roam,80,Active,"2023-01-01",5
7334,yPwYwJ,Roam,80,Active,"2023-01-01",10
7335,"4W017x",Mini,50,Active,"2023-01-01",20
7336,flZd3G,Mini,50,Active,"2023-01-01",0
7337,D8gzJi,Residential,120,Active,"2023-01-01",5
7338,"8PhC94",Business,250,Active,"2023-01-01",10
7339,qapBNh,Mini,50,Active,"2023-01-01",20
7340,AdkD3z,Residential,120,Active,"2023-01-01",0
7341,rSX0pV,Roam,80,Active,"2023-01-01",5
7342,"7ePFQ7",Residential,120,Paused,"2023-01-01",10
7343,VYmtzR,Roam,80,Active,"2023-01-01",20
7344,OqY4d9,Residential,120,Paused,"2023-01-01",0
7345,PmY3wz,Roam,80,Active,"2023-01-01",5
7346,m31nhN,Residential,120,Active,"2023-01-01",10
7347,"1Ag7lb",Residential,120,Active,"2023-01-01",20
7348,O7U8mS,Mini,50,Active,"2023-01-01",0
7349,lNVUe9,Residential,120,Active,"2023-01-01",5
7350,BpF6o2,Business,250,Active,"2023-01-01",10
7351,"773x5m",Mini,50,Cancelled,"2023-01-01",20
7352,zLdVSq,Mini,50,Active,"2023-01-01",0
7353,FaOPsX,Roam,80,Active,"2023-01-01",5
7354,z8N4Pa,Residential,120,Active,"2023-01-01",10
7355,"9ovZXF",Residential,120,Cancelled,"2023-01-01",20
7356,CfCN3C,Residential,120,Active,"2023-01-01",0
7357,"4VqSir",Residential,120,Active,"2023-01-01",5
7358,ImtLqP,Residential,120,Paused,"2023-01-01",10
7359,tZlPMp,Mini,50,Paused,"2023-01-01",20
7360,W7zE9j,Residential,120,Active,"2023-01-01",0
7361,bNiCdx,Mini,50,Active,"2023-01-01",5
7362,zsFH49,Residential,120,Active,"2023-01-01",10
7363,zK9dBM,Residential,120,Active,"2023-01-01",20
7364,ysV32f,Roam,80,Active,"2023-01-01",0
7365,sUkiH8,Residential,120,Active,"2023-01-01",5
7366,XdJmce,Residential,120,Active,"2023-01-01",10
7367,z350gA,Residential,120,Active,"2023-01-01",20
7368,wwln6E,Residential,120,Active,"2023-01-01",0
7369,i8jMFT,Residential,120,Active,"2023-01-01",5
7370,"4KHJ9j",Roam,80,Cancelled,"2023-01-01",10
7371,"95W6HD",Residential,120,Active,"2023-01-01",20
7372,xqis9V,Residential,120,Cancelled,"2023-01-01",0
7373,C1HAVx,Mini,50,Paused,"2023-01-01",5
7374,PqLiZg,Residential,120,Active,"2023-01-01",10
7375,"0CZKHQ",Mini,50,Cancelled,"2023-01-01",20
7376,UJxe6M,Residential,120,Cancelled,"2023-01-01",0
7377,gOCMqs,Mini,50,Active,"2023-01-01",5
7378,RkyAqf,Mini,50,Active,"2023-01-01",10
7379,"0mNoyc",Residential,120,Active,"2023-01-01",20
7380,zF7XNs,Residential,120,Active,"2023-01-01",0
7381,n1lGiV,Roam,80,Active,"2023-01-01",5
7382,xU5iaX,Roam,80,Active,"2023-01-01",10
7383,iOPJf5,Residential,120,Active,"2023-01-01",20
7384,XoZCw3,Residential,120,Paused,"2023-01-01",0
7385,IkUJjY,Roam,80,Active,"2023-01-01",5
7386,Yi6bGO,Roam,80,Active,"2023-01-01",10
7387,"4sff09",Residential,120,Active,"2023-01-01",20
7388,mleEsi,Roam,80,Active,"2023-01-01",0
7389,hWq2Vb,Mini,50,Active,"2023-01-01",5
7390,XWMbmf,Business,250,Cancelled,"2023-01-01",10
7391,KUR2SA,Residential,120,Active,"2023-01-01",20
7392,CbbXDx,Business,250,Active,"2023-01-01",0
7393,"9yxCRC",Business,250,Cancelled,"2023-01-01",5
7394,NUaELQ,Residential,120,Active,"2023-01-01",10
7395,jmaRvo,Mini,50,Active,"2023-01-01",20
7396,amP2my,Residential,120,Paused,"2023-01-01",0
7397,"4bLYFW",Residential,120,Active,"2023-01-01",5
7398,"8Grgmo",Residential,120,Cancelled,"2023-01-01",10
7399,fsxXr4,Residential,120,Active,"2023-01-01",20
7400,Kum0lc,Roam,80,Active,"2023-01-01",0
7401,"0OI0Zt",Residential,120,Cancelled,"2023-01-01",5
7402,ndTyBK,Business,250,Active,"2023-01-01",10
7403,IDzo8V,Residential,120,Active,"2023-01-01",20
7404,Icd9vo,Roam,80,Active,"2023-01-01",0
7405,z0xKL5,Residential,120,Active,"2023-01-01",5
7406,qpQ1vS,Residential,120,Active,"2023-01-01",10
7407,Gqc0tL,Mini,50,Active,"2023-01-01",20
7408,E1RlvF,Business,250,Active,"2023-01-01",0
7409,ZjQ0kW,Residential,120,Active,"2023-01-01",5
7410,o3ziJm,Mini,50,Paused,"2023-01-01",10
7411,GDkn9A,Residential,120,Active,"2023-01-01",20
7412,KxDiFH,Residential,120,Active,"2023-01-01",0
7413,aCeelR,Roam,80,Active,"2023-01-01",5
7414,OYXKL7,Residential,120,Active,"2023-01-01",10
7415,jev24q,Residential,120,Active,"2023-01-01",20
7416,eRzcg9,Business,250,Active,"2023-01-01",0
7417,hxWR6v,Residential,120,Active,"2023-01-01",5
7418,FXNfR2,Residential,120,Active,"2023-01-01",10
7419,"75rtlG",Residential,120,Paused,"2023-01-01",20
7420,aDqG89,Roam,80,Active,"2023-01-01",0
7421,ULmFSG,Residential,120,Active,"2023-01-01",5
7422,RWExy4,Residential,120,Active,"2023-01-01",10
7423,UnCbVi,Residential,120,Active,"2023-01-01",20
7424,jdfMJW,Business,250,Active,"2023-01-01",0
7425,sTvK62,Mini,50,Active,"2023-01-01",5
7426,"7M9vNI",Residential,120,Paused,"2023-01-01",10
7427,PF9W8C,Residential,120,Active,"2023-01-01",20
7428,bL2UnP,Residential,120,Active,"2023-01-01",0
7429,zIJz0K,Roam,80,Active,"2023-01-01",5
7430,LK5Dvy,Business,250,Paused,"2023-01-01",10
7431,Trgfrz,Residential,120,Active,"2023-01-01",20
7432,al51Hz,Roam,80,Active,"2023-01-01",0
7433,W9Ob1y,Residential,120,Active,"2023-01-01",5
7434,qrodJ0,Roam,80,Paused,"2023-01-01",10
7435,rtfA8J,Residential,120,Active,"2023-01-01",20
7436,hbCkdA,Residential,120,Paused,"2023-01-01",0
7437,FPyuPj,Residential,120,Active,"2023-01-01",5
7438,KmJZda,Roam,80,Cancelled,"2023-01-01",10
7439,j7DuBm,Residential,120,Active,"2023-01-01",20
7440,ojweDw,Residential,120,Active,"2023-01-01",0
7441,ITfVHH,Residential,120,Active,"2023-01-01",5
7442,D4XDOP,Residential,120,Active,"2023-01-01",10
7443,qWA5Dw,Roam,80,Active,"2023-01-01",20
7444,GxmkyB,Residential,120,Cancelled,"2023-01-01",0
7445,gMeqGb,Roam,80,Active,"2023-01-01",5
7446,j20GEw,Roam,80,Active,"2023-01-01",10
7447,pYtbCL,Residential,120,Paused,"2023-01-01",20
7448,ENcr8e,Roam,80,Active,"2023-01-01",0
7449,"7UxV7w",Residential,120,Active,"2023-01-01",5
7450,aVNZDE,Roam,80,Active,"2023-01-01",10
7451,"5MJDB0",Roam,80,Active,"2023-01-01",20
7452,"3w3951",Mini,50,Active,"2023-01-01",0
7453,"39Q4Vi",Residential,120,Active,"2023-01-01",5
7454,"4hIbCY",Residential,120,Active,"2023-01-01",10
7455,Jb8y3m,Residential,120,Active,"2023-01-01",20
7456,Idrim2,Business,250,Active,"2023-01-01",0
7457,qGc7By,Residential,120,Active,"2023-01-01",5
7458,U4arG5,Roam,80,Active,"2023-01-01",10
7459,"71OQqz",Business,250,Active,"2023-01-01",20
7460,BhGJO8,Mini,50,Active,"2023-01-01",0
7461,lHpGVa,Residential,120,Active,"2023-01-01",5
7462,"13LSwC",Residential,120,Active,"2023-01-01",10
7463,CVmfiQ,Business,250,Active,"2023-01-01",20
7464,"0BzVpY",Residential,120,Active,"2023-01-01",0
7465,dD86IY,Residential,120,Active,"2023-01-01",5
7466,PqcUDO,Residential,120,Active,"2023-01-01",10
7467,ym29k2,Mini,50,Active,"2023-01-01",20
7468,fMg2e5,Business,250,Active,"2023-01-01",0
7469,hPFJ5h,Roam,80,Active,"2023-01-01",5
7470,eNmmga,Mini,50,Active,"2023-01-01",10
7471,xmEezG,Roam,80,Active,"2023-01-01",20
7472,HOejTr,Residential,120,Active,"2023-01-01",0
7473,fZ4K7T,Residential,120,Active,"2023-01-01",5
7474,HN4Cfa,Residential,120,Active,"2023-01-01",10
7475,gPKwoI,Residential,120,Active,"2023-01-01",20
7476,p6gZwk,Residential,120,Paused,"2023-01-01",0
7477,U1S8Lv,Roam,80,Active,"2023-01-01",5
7478,OtUbbx,Business,250,Active,"2023-01-01",10
7479,dQMhZg,Roam,80,Active,"2023-01-01",20
7480,CudhC0,Residential,120,Cancelled,"2023-01-01",0
7481,w3Pbhu,Mini,50,Active,"2023-01-01",5
7482,lBIzbv,Business,250,Active,"2023-01-01",10
7483,"2pHd9P",Residential,120,Active,"2023-01-01",20
7484,"2Vzc1Z",Roam,80,Active,"2023-01-01",0
7485,DSkgQO,Roam,80,Active,"2023-01-01",5
7486,a8VUOk,Roam,80,Active,"2023-01-01",10
7487,fhg7Ml,Residential,120,Active,"2023-01-01",20
7488,fi2h7w,Roam,80,Active,"2023-01-01",0
7489,"4vTYYo",Roam,80,Active,"2023-01-01",5
7490,s9BvYB,Mini,50,Paused,"2023-01-01",10
7491,N0Qoj2,Mini,50,Active,"2023-01-01",20
7492,xbEJEY,Residential,120,Cancelled,"2023-01-01",0
7493,Ol4yoc,Residential,120,Paused,"2023-01-01",5
7494,ALwZPT,Residential,120,Active,"2023-01-01",10
7495,"5yHhTC",Mini,50,Active,"2023-01-01",20
7496,ZRL9Oa,Roam,80,Active,"2023-01-01",0
7497,"4vOEi8",Residential,120,Active,"2023-01-01",5
7498,krPQdk,Roam,80,Active,"2023-01-01",10
7499,dCta3w,Residential,120,Paused,"2023-01-01",20
7500,l2yfng,Roam,80,Active,"2023-01-01",0
7501,jofuEi,Residential,120,Active,"2023-01-01",5
7502,EtulJV,Residential,120,Active,"2023-01-01",10
7503,qCQpL7,Residential,120,Active,"2023-01-01",20
7504,W8vbP3,Residential,120,Active,"2023-01-01",0
7505,LRc3uo,Residential,120,Active,"2023-01-01",5
7506,"3gCK2Q",Residential,120,Paused,"2023-01-01",10
7507,UgSOlJ,Roam,80,Paused,"2023-01-01",20
7508,HMHXp8,Residential,120,Cancelled,"2023-01-01",0
7509,P01TIn,Residential,120,Active,"2023-01-01",5
7510,rzhWns,Residential,120,Paused,"2023-01-01",10
7511,gD98IB,Residential,120,Active,"2023-01-01",20
7512,z5ZKVB,Residential,120,Paused,"2023-01-01",0
7513,bRwwHE,Roam,80,Paused,"2023-01-01",5
7514,eiMaMC,Business,250,Cancelled,"2023-01-01",10
7515,"440u8U",Business,250,Active,"2023-01-01",20
7516,xmw4zi,Roam,80,Active,"2023-01-01",0
7517,XmZ80t,Residential,120,Active,"2023-01-01",5
7518,o4iCpp,Residential,120,Active,"2023-01-01",10
7519,WRrj2b,Residential,120,Active,"2023-01-01",20
7520,hY0qu5,Residential,120,Active,"2023-01-01",0
7521,jBHygQ,Residential,120,Active,"2023-01-01",5
7522,"4bEpfx",Residential,120,Cancelled,"2023-01-01",10
7523,dHFJju,Residential,120,Paused,"2023-01-01",20
7524,UJkJdl,Residential,120,Active,"2023-01-01",0
7525,Y7fVxV,Mini,50,Cancelled,"2023-01-01",5
7526,tyEOfH,Mini,50,Active,"2023-01-01",10
7527,XyVtnQ,Residential,120,Paused,"2023-01-01",20
7528,"5EeC3M",Residential,120,Active,"2023-01-01",0
7529,rTkmVo,Residential,120,Active,"2023-01-01",5
7530,"4zo8fn",Roam,80,Active,"2023-01-01",10
7531,N4b9L1,Residential,120,Active,"2023-01-01",20
7532,sBrz8T,Business,250,Active,"2023-01-01",0
7533,c36LLp,Residential,120,Active,"2023-01-01",5
7534,TbCHVS,Residential,120,Paused,"2023-01-01",10
7535,"9sdP3V",Residential,120,Active,"2023-01-01",20
7536,RBsQYX,Roam,80,Active,"2023-01-01",0
7537,FGKZdn,Roam,80,Active,"2023-01-01",5
7538,HjtLu8,Residential,120,Active,"2023-01-01",10
7539,wUv3JW,Residential,120,Active,"2023-01-01",20
7540,ZqHkOw,Roam,80,Active,"2023-01-01",0
7541,o5iL0g,Residential,120,Active,"2023-01-01",5
7542,uvFB9Z,Residential,120,Active,"2023-01-01",10
7543,B93Pqu,Residential,120,Active,"2023-01-01",20
7544,VrgrWQ,Residential,120,Active,"2023-01-01",0
7545,Xv8h2o,Business,250,Active,"2023-01-01",5
7546,MdeNMq,Roam,80,Active,"2023-01-01",10
7547,YVPs3j,Residential,120,Active,"2023-01-01",20
7548,q9Ew6A,Roam,80,Active,"2023-01-01",0
7549,SFZvTp,Roam,80,Active,"2023-01-01",5
7550,HcDME9,Business,250,Cancelled,"2023-01-01",10
7551,z0rLkj,Residential,120,Active,"2023-01-01",20
7552,HelT4N,Mini,50,Cancelled,"2023-01-01",0
7553,EPyRgz,Residential,120,Active,"2023-01-01",5
7554,kFVrMC,Roam,80,Active,"2023-01-01",10
7555,ZWj9Yy,Residential,120,Active,"2023-01-01",20
7556,DONMju,Mini,50,Active,"2023-01-01",0
7557,"0m7oE3",Business,250,Active,"2023-01-01",5
7558,cMg5NW,Roam,80,Active,"2023-01-01",10
7559,rBebJh,Roam,80,Paused,"2023-01-01",20
7560,"2dahhu",Residential,120,Paused,"2023-01-01",0
7561,LxpcuN,Residential,120,Active,"2023-01-01",5
7562,QAhZeM,Residential,120,Cancelled,"2023-01-01",10
7563,grscAX,Roam,80,Active,"2023-01-01",20
7564,R0OVSn,Residential,120,Cancelled,"2023-01-01",0
7565,pl4JzY,Residential,120,Active,"2023-01-01",5
7566,"5QHXw3",Roam,80,Active,"2023-01-01",10
7567,ybBsml,Roam,80,Active,"2023-01-01",20
7568,VhrLoA,Roam,80,Active,"2023-01-01",0
7569,"3eB4Oo",Residential,120,Active,"2023-01-01",5
7570,KQXWpY,Residential,120,Active,"2023-01-01",10
7571,fm9vGL,Mini,50,Active,"2023-01-01",20
7572,fLuxsy,Residential,120,Active,"2023-01-01",0
7573,xlWuEQ,Residential,120,Active,"2023-01-01",5
7574,nmM8ow,Business,250,Active,"2023-01-01",10
7575,"8n7QNl",Roam,80,Active,"2023-01-01",20
7576,lrACzm,Residential,120,Active,"2023-01-01",0
7577,"2ei5Xl",Residential,120,Active,"2023-01-01",5
7578,u7Rl3v,Residential,120,Active,"2023-01-01",10
7579,FPXQA5,Residential,120,Active,"2023-01-01",20
7580,a4u937,Residential,120,Active,"2023-01-01",0
7581,Me4ute,Business,250,Active,"2023-01-01",5
7582,a4sGxp,Mini,50,Active,"2023-01-01",10
7583,"3dJmD2",Residential,120,Active,"2023-01-01",20
7584,wTNorJ,Mini,50,Active,"2023-01-01",0
7585,"6h2Fih",Residential,120,Active,"2023-01-01",5
7586,KDUmJZ,Business,250,Active,"2023-01-01",10
7587,DU0mni,Residential,120,Active,"2023-01-01",20
7588,ksRqEJ,Residential,120,Active,"2023-01-01",0
7589,RFd3RM,Residential,120,Active,"2023-01-01",5
7590,vUTYtZ,Roam,80,Active,"2023-01-01",10
7591,hjkNqq,Residential,120,Active,"2023-01-01",20
7592,RyvRyj,Residential,120,Paused,"2023-01-01",0
7593,YQrR99,Roam,80,Active,"2023-01-01",5
7594,K1xsRt,Roam,80,Active,"2023-01-01",10
7595,cECM1W,Residential,120,Active,"2023-01-01",20
7596,QTwOEW,Business,250,Active,"2023-01-01",0
7597,cwKtTz,Residential,120,Active,"2023-01-01",5
7598,QejR4V,Residential,120,Active,"2023-01-01",10
7599,LHzDA2,Roam,80,Paused,"2023-01-01",20
7600,LVpt6H,Residential,120,Active,"2023-01-01",0
7601,OpXQOe,Roam,80,Paused,"2023-01-01",5
7602,rw3fPt,Mini,50,Paused,"2023-01-01",10
7603,koseFf,Residential,120,Active,"2023-01-01",20
7604,IRjpat,Residential,120,Active,"2023-01-01",0
7605,yHNFq2,Residential,120,Active,"2023-01-01",5
7606,AOSBKY,Residential,120,Active,"2023-01-01",10
7607,Qqzbzi,Residential,120,Active,"2023-01-01",20
7608,x1DyIh,Residential,120,Active,"2023-01-01",0
7609,KlKM07,Residential,120,Active,"2023-01-01",5
7610,"6oc81F",Residential,120,Active,"2023-01-01",10
7611,GFZDz6,Roam,80,Active,"2023-01-01",20
7612,XGLnyH,Residential,120,Cancelled,"2023-01-01",0
7613,k4rsih,Residential,120,Active,"2023-01-01",5
7614,TRnJB4,Roam,80,Active,"2023-01-01",10
7615,S8sYZG,Residential,120,Paused,"2023-01-01",20
7616,"74A2Om",Residential,120,Active,"2023-01-01",0
7617,daeOj3,Mini,50,Paused,"2023-01-01",5
7618,kiTl14,Residential,120,Active,"2023-01-01",10
7619,"97xjOT",Residential,120,Active,"2023-01-01",20
7620,"6edSNo",Residential,120,Active,"2023-01-01",0
7621,cndyeJ,Residential,120,Active,"2023-01-01",5
7622,eeJYjl,Roam,80,Active,"2023-01-01",10
7623,"8UCiY5",Residential,120,Active,"2023-01-01",20
7624,NI1Ynh,Roam,80,Paused,"2023-01-01",0
7625,tr75Xz,Residential,120,Active,"2023-01-01",5
7626,x2Raxi,Residential,120,Active,"2023-01-01",10
7627,DqruJu,Residential,120,Active,"2023-01-01",20
7628,sISJ9G,Mini,50,Paused,"2023-01-01",0
7629,WOZ5b9,Business,250,Active,"2023-01-01",5
7630,VglHl4,Residential,120,Active,"2023-01-01",10
7631,jlnyZC,Residential,120,Active,"2023-01-01",20
7632,l4VKmU,Business,250,Paused,"2023-01-01",0
7633,gYXuOX,Residential,120,Active,"2023-01-01",5
7634,uRWeay,Roam,80,Paused,"2023-01-01",10
7635,Dv1Ymu,Mini,50,Active,"2023-01-01",20
7636,QxVrpF,Residential,120,Paused,"2023-01-01",0
7637,"7TXOKN",Roam,80,Active,"2023-01-01",5
7638,cTpffT,Roam,80,Paused,"2023-01-01",10
7639,litol2,Residential,120,Active,"2023-01-01",20
7640,kqfZO1,Residential,120,Active,"2023-01-01",0
7641,TEEGPC,Residential,120,Paused,"2023-01-01",5
7642,PKvfn3,Roam,80,Active,"2023-01-01",10
7643,yOSzlx,Residential,120,Active,"2023-01-01",20
7644,"6u03nZ",Residential,120,Cancelled,"2023-01-01",0
7645,UXHtOt,Residential,120,Active,"2023-01-01",5
7646,uGj7nd,Residential,120,Active,"2023-01-01",10
7647,"3hOwMS",Business,250,Paused,"2023-01-01",20
7648,w7S0eU,Residential,120,Active,"2023-01-01",0
7649,QHqNgA,Residential,120,Active,"2023-01-01",5
7650,khdKZR,Roam,80,Active,"2023-01-01",10
7651,YxKAJQ,Roam,80,Active,"2023-01-01",20
7652,AuO64b,Business,250,Active,"2023-01-01",0
7653,uhzRAE,Residential,120,Active,"2023-01-01",5
7654,mT91nA,Residential,120,Active,"2023-01-01",10
7655,"06d89U",Roam,80,Active,"2023-01-01",20
7656,b589qU,Roam,80,Active,"2023-01-01",0
7657,ON2iSn,Residential,120,Active,"2023-01-01",5
7658,YUjoTw,Roam,80,Active,"2023-01-01",10
7659,"9uM37w",Mini,50,Active,"2023-01-01",20
7660,"7OkmoQ",Roam,80,Active,"2023-01-01",0
7661,xFzx1u,Residential,120,Active,"2023-01-01",5
7662,"3UDqpN",Business,250,Active,"2023-01-01",10
7663,"6aO0Tg",Roam,80,Active,"2023-01-01",20
7664,t6vbQH,Mini,50,Active,"2023-01-01",0
7665,RJChfT,Roam,80,Active,"2023-01-01",5
7666,G5o2tl,Mini,50,Active,"2023-01-01",10
7667,I05iYc,Residential,120,Active,"2023-01-01",20
7668,FNdsys,Mini,50,Active,"2023-01-01",0
7669,GEVJho,Residential,120,Active,"2023-01-01",5
7670,zpRJ5w,Residential,120,Active,"2023-01-01",10
7671,lmS415,Business,250,Active,"2023-01-01",20
7672,S4ez5F,Residential,120,Paused,"2023-01-01",0
7673,FIWwa9,Residential,120,Active,"2023-01-01",5
7674,"1OrOwh",Residential,120,Cancelled,"2023-01-01",10
7675,j6RBVK,Roam,80,Active,"2023-01-01",20
7676,DIBkuj,Mini,50,Active,"2023-01-01",0
7677,pgaxT8,Residential,120,Active,"2023-01-01",5
7678,C2j643,Roam,80,Active,"2023-01-01",10
7679,XUdUwT,Roam,80,Paused,"2023-01-01",20
7680,"4WYtQZ",Roam,80,Active,"2023-01-01",0
7681,mOeP7k,Residential,120,Active,"2023-01-01",5
7682,GXiXjy,Residential,120,Cancelled,"2023-01-01",10
7683,Y57UUy,Residential,120,Active,"2023-01-01",20
7684,vg33gh,Residential,120,Active,"2023-01-01",0
7685,BQOMu9,Residential,120,Active,"2023-01-01",5
7686,nMwtVW,Residential,120,Active,"2023-01-01",10
7687,ikeNnl,Residential,120,Active,"2023-01-01",20
7688,"4VUntF",Residential,120,Active,"2023-01-01",0
7689,aQOaD3,Residential,120,Active,"2023-01-01",5
7690,aBKsoR,Roam,80,Active,"2023-01-01",10
7691,NjaAlU,Roam,80,Cancelled,"2023-01-01",20
7692,lNXrIt,Residential,120,Cancelled,"2023-01-01",0
7693,oOX5ra,Residential,120,Active,"2023-01-01",5
7694,x8F7HG,Business,250,Active,"2023-01-01",10
7695,Cii740,Residential,120,Active,"2023-01-01",20
7696,DHPnpU,Residential,120,Active,"2023-01-01",0
7697,QVhQx6,Residential,120,Active,"2023-01-01",5
7698,iCXyy2,Residential,120,Active,"2023-01-01",10
7699,sUKhQf,Residential,120,Cancelled,"2023-01-01",20
7700,zJ2vnG,Residential,120,Active,"2023-01-01",0
7701,KSRHtW,Business,250,Active,"2023-01-01",5
7702,p751J5,Residential,120,Cancelled,"2023-01-01",10
7703,bgPHkO,Roam,80,Active,"2023-01-01",20
7704,HVlnES,Roam,80,Active,"2023-01-01",0
7705,sF8JEN,Roam,80,Active,"2023-01-01",5
7706,"3rxUB0",Business,250,Cancelled,"2023-01-01",10
7707,"04xSZm",Residential,120,Active,"2023-01-01",20
7708,OJ5jre,Business,250,Paused,"2023-01-01",0
7709,SE0h2p,Mini,50,Active,"2023-01-01",5
7710,SThQ7u,Residential,120,Active,"2023-01-01",10
7711,lF7z69,Roam,80,Active,"2023-01-01",20
7712,kjZ8Mj,Roam,80,Active,"2023-01-01",0
7713,BE5LlE,Mini,50,Active,"2023-01-01",5
7714,zRH0um,Residential,120,Active,"2023-01-01",10
7715,jBkZV4,Roam,80,Active,"2023-01-01",20
7716,zpsoLD,Residential,120,Cancelled,"2023-01-01",0
7717,"3I2ceV",Residential,120,Active,"2023-01-01",5
7718,ElJecj,Residential,120,Active,"2023-01-01",10
7719,MqFLUS,Residential,120,Active,"2023-01-01",20
7720,KsQvSt,Residential,120,Cancelled,"2023-01-01",0
7721,XTIFlH,Roam,80,Active,"2023-01-01",5
7722,RCiXEr,Roam,80,Cancelled,"2023-01-01",10
7723,SMBPIY,Business,250,Active,"2023-01-01",20
7724,nDJtmm,Residential,120,Paused,"2023-01-01",0
7725,t0Sstz,Residential,120,Active,"2023-01-01",5
7726,zfRwAz,Roam,80,Cancelled,"2023-01-01",10
7727,n9JljW,Roam,80,Paused,"2023-01-01",20
7728,hePqOA,Roam,80,Cancelled,"2023-01-01",0
7729,X8FgLu,Mini,50,Paused,"2023-01-01",5
7730,AYaTvC,Residential,120,Active,"2023-01-01",10
7731,c5t7KU,Residential,120,Active,"2023-01-01",20
7732,Cfark7,Mini,50,Active,"2023-01-01",0
7733,BJbWk8,Residential,120,Paused,"2023-01-01",5
7734,xrZzIc,Residential,120,Active,"2023-01-01",10
7735,Rw1m2p,Residential,120,Active,"2023-01-01",20
7736,yQFr6y,Residential,120,Active,"2023-01-01",0
7737,EqftXb,Residential,120,Active,"2023-01-01",5
7738,UHxRDi,Residential,120,Active,"2023-01-01",10
7739,VpHBzD,Residential,120,Active,"2023-01-01",20
7740,aW7H0Q,Residential,120,Paused,"2023-01-01",0
7741,mmMvjW,Roam,80,Active,"2023-01-01",5
7742,AEQLjZ,Business,250,Active,"2023-01-01",10
7743,IX0ZJW,Residential,120,Active,"2023-01-01",20
7744,sAFehc,Roam,80,Cancelled,"2023-01-01",0
7745,JpfeWh,Residential,120,Active,"2023-01-01",5
7746,FWeyVE,Business,250,Active,"2023-01-01",10
7747,fS2YOV,Residential,120,Active,"2023-01-01",20
7748,MUQh6J,Residential,120,Active,"2023-01-01",0
7749,ezpIB8,Business,250,Active,"2023-01-01",5
7750,iRNO49,Business,250,Active,"2023-01-01",10
7751,mhsC6d,Roam,80,Active,"2023-01-01",20
7752,db04Rw,Residential,120,Active,"2023-01-01",0
7753,d2BXJD,Roam,80,Active,"2023-01-01",5
7754,"7qmhV4",Residential,120,Active,"2023-01-01",10
7755,GBiCG8,Residential,120,Active,"2023-01-01",20
7756,j8YR9C,Residential,120,Active,"2023-01-01",0
7757,xOL3Tz,Residential,120,Cancelled,"2023-01-01",5
7758,Qcdw57,Residential,120,Active,"2023-01-01",10
7759,mGnKVQ,Residential,120,Active,"2023-01-01",20
7760,etsb8u,Residential,120,Active,"2023-01-01",0
7761,w87OV3,Residential,120,Active,"2023-01-01",5
7762,ONwszR,Residential,120,Active,"2023-01-01",10
7763,V2zzB5,Residential,120,Active,"2023-01-01",20
7764,iDXYf3,Roam,80,Cancelled,"2023-01-01",0
7765,T0wiJI,Roam,80,Active,"2023-01-01",5
7766,spzgnG,Residential,120,Paused,"2023-01-01",10
7767,"2tOy4C",Residential,120,Active,"2023-01-01",20
7768,GxFIkj,Roam,80,Paused,"2023-01-01",0
7769,XSnmYj,Residential,120,Active,"2023-01-01",5
7770,emEncs,Residential,120,Active,"2023-01-01",10
7771,j3wPPP,Residential,120,Active,"2023-01-01",20
7772,oO4EVy,Residential,120,Active,"2023-01-01",0
7773,lbJsew,Roam,80,Paused,"2023-01-01",5
7774,inulhu,Residential,120,Active,"2023-01-01",10
7775,YTdj9F,Residential,120,Paused,"2023-01-01",20
7776,uj9QOa,Mini,50,Cancelled,"2023-01-01",0
7777,dC5k0a,Business,250,Active,"2023-01-01",5
7778,Z2TGlw,Roam,80,Paused,"2023-01-01",10
7779,ytzuxZ,Residential,120,Active,"2023-01-01",20
7780,"2JRQgA",Residential,120,Active,"2023-01-01",0
7781,"0GcG8o",Residential,120,Active,"2023-01-01",5
7782,"5Iaeep",Residential,120,Cancelled,"2023-01-01",10
7783,h47Y4n,Roam,80,Paused,"2023-01-01",20
7784,mYWaWv,Residential,120,Active,"2023-01-01",0
7785,CIdoCr,Roam,80,Cancelled,"2023-01-01",5
7786,"6q3L11",Business,250,Active,"2023-01-01",10
7787,uNgopL,Residential,120,Active,"2023-01-01",20
7788,"9iftD7",Business,250,Active,"2023-01-01",0
7789,sI3h2v,Residential,120,Paused,"2023-01-01",5
7790,tyEpAq,Roam,80,Cancelled,"2023-01-01",10
7791,"1r76s3",Business,250,Active,"2023-01-01",20
7792,BRlGLa,Residential,120,Active,"2023-01-01",0
7793,Jg89OE,Roam,80,Active,"2023-01-01",5
7794,IieAxe,Residential,120,Active,"2023-01-01",10
7795,odetGD,Residential,120,Active,"2023-01-01",20
7796,"39EhaY",Roam,80,Active,"2023-01-01",0
7797,XGsOST,Mini,50,Active,"2023-01-01",5
7798,H6eSU1,Residential,120,Active,"2023-01-01",10
7799,qB8ELx,Residential,120,Active,"2023-01-01",20
7800,kFF6s1,Residential,120,Active,"2023-01-01",0
7801,bFdicj,Residential,120,Paused,"2023-01-01",5
7802,wvnmmp,Residential,120,Cancelled,"2023-01-01",10
7803,zEjCta,Residential,120,Active,"2023-01-01",20
7804,"8RpLRl",Roam,80,Active,"2023-01-01",0
7805,f0RQhj,Residential,120,Active,"2023-01-01",5
7806,DjCN56,Residential,120,Active,"2023-01-01",10
7807,YLLLi4,Roam,80,Active,"2023-01-01",20
7808,rgI3jz,Residential,120,Active,"2023-01-01",0
7809,T5Po1R,Residential,120,Active,"2023-01-01",5
7810,X9AP2r,Residential,120,Paused,"2023-01-01",10
7811,x4xcPR,Roam,80,Active,"2023-01-01",20
7812,B5ADqm,Business,250,Active,"2023-01-01",0
7813,jNR9Zg,Roam,80,Active,"2023-01-01",5
7814,aknNul,Residential,120,Cancelled,"2023-01-01",10
7815,ofdOW7,Residential,120,Active,"2023-01-01",20
7816,fHiebk,Residential,120,Cancelled,"2023-01-01",0
7817,"69TPvH",Business,250,Active,"2023-01-01",5
7818,"47uRP0",Business,250,Cancelled,"2023-01-01",10
7819,rDj0iP,Business,250,Paused,"2023-01-01",20
7820,Pp4su9,Mini,50,Active,"2023-01-01",0
7821,P83JAb,Residential,120,Active,"2023-01-01",5
7822,TVUTXl,Mini,50,Cancelled,"2023-01-01",10
7823,J6nEaK,Roam,80,Paused,"2023-01-01",20
7824,"9ae9H3",Residential,120,Active,"2023-01-01",0
7825,CWLoBA,Residential,120,Active,"2023-01-01",5
7826,KQdFZ1,Residential,120,Active,"2023-01-01",10
7827,u6ObjF,Residential,120,Active,"2023-01-01",20
7828,QvSMbk,Residential,120,Active,"2023-01-01",0
7829,YXbINb,Roam,80,Active,"2023-01-01",5
7830,JrCXXH,Residential,120,Active,"2023-01-01",10
7831,AZ8tCH,Roam,80,Active,"2023-01-01",20
7832,SPkoaV,Residential,120,Active,"2023-01-01",0
7833,VjWkDx,Residential,120,Active,"2023-01-01",5
7834,TkLteX,Residential,120,Active,"2023-01-01",10
7835,mAhaJ1,Roam,80,Active,"2023-01-01",20
7836,NAr8Qp,Business,250,Active,"2023-01-01",0
7837,Ev4gjn,Business,250,Active,"2023-01-01",5
7838,x92Xc1,Residential,120,Active,"2023-01-01",10
7839,SyekoZ,Residential,120,Paused,"2023-01-01",20
7840,cxuqFO,Residential,120,Cancelled,"2023-01-01",0
7841,s1aY7h,Residential,120,Active,"2023-01-01",5
7842,cCkJYy,Residential,120,Active,"2023-01-01",10
7843,MeQIsx,Residential,120,Active,"2023-01-01",20
7844,WRYeSg,Residential,120,Active,"2023-01-01",0
7845,sxtXuI,Residential,120,Active,"2023-01-01",5
7846,FsQMfz,Roam,80,Active,"2023-01-01",10
7847,"8xE5YM",Residential,120,Cancelled,"2023-01-01",20
7848,wqFEg8,Residential,120,Paused,"2023-01-01",0
7849,"5O6Uwm",Residential,120,Active,"2023-01-01",5
7850,"5bABpv",Mini,50,Active,"2023-01-01",10
7851,eKIinb,Residential,120,Active,"2023-01-01",20
7852,"03spmy",Residential,120,Cancelled,"2023-01-01",0
7853,rIRsOq,Residential,120,Active,"2023-01-01",5
7854,grhqB2,Residential,120,Active,"2023-01-01",10
7855,aHFUO4,Residential,120,Active,"2023-01-01",20
7856,"4UrIFj",Residential,120,Active,"2023-01-01",0
7857,G6vKlc,Mini,50,Active,"2023-01-01",5
7858,TkbsbF,Residential,120,Active,"2023-01-01",10
7859,"1IY21m",Residential,120,Active,"2023-01-01",20
7860,"636HBM",Roam,80,Paused,"2023-01-01",0
7861,"9JSUrr",Residential,120,Active,"2023-01-01",5
7862,KJgVVA,Roam,80,Active,"2023-01-01",10
7863,iE9TvM,Residential,120,Active,"2023-01-01",20
7864,"8h7XwY",Residential,120,Active,"2023-01-01",0
7865,Lus3HR,Residential,120,Active,"2023-01-01",5
7866,oQUJK2,Roam,80,Active,"2023-01-01",10
7867,hWubz3,Residential,120,Active,"2023-01-01",20
7868,cCkiCM,Residential,120,Active,"2023-01-01",0
7869,ihoDjq,Business,250,Active,"2023-01-01",5
7870,Mmehsk,Residential,120,Active,"2023-01-01",10
7871,R2ZkNH,Roam,80,Active,"2023-01-01",20
7872,z2vfYi,Roam,80,Active,"2023-01-01",0
7873,PXxXFI,Residential,120,Active,"2023-01-01",5
7874,ZB5lrH,Roam,80,Active,"2023-01-01",10
7875,DdTiDq,Roam,80,Cancelled,"2023-01-01",20
7876,"851Lxj",Residential,120,Active,"2023-01-01",0
7877,"55qb2x",Roam,80,Active,"2023-01-01",5
7878,r5geI7,Residential,120,Active,"2023-01-01",10
7879,kEAWJ1,Residential,120,Active,"2023-01-01",20
7880,hIAlXz,Residential,120,Active,"2023-01-01",0
7881,Tt758M,Residential,120,Cancelled,"2023-01-01",5
7882,fwVHnV,Residential,120,Cancelled,"2023-01-01",10
7883,rVAbef,Business,250,Active,"2023-01-01",20
7884,gNe3Ep,Roam,80,Active,"2023-01-01",0
7885,zLD9an,Roam,80,Cancelled,"2023-01-01",5
7886,"2f2bjC",Mini,50,Active,"2023-01-01",10
7887,fO2Wk5,Residential,120,Cancelled,"2023-01-01",20
7888,osHWsi,Residential,120,Cancelled,"2023-01-01",0
7889,"6GWOBJ",Roam,80,Cancelled,"2023-01-01",5
7890,RadWgP,Roam,80,Active,"2023-01-01",10
7891,L6PFVQ,Residential,120,Active,"2023-01-01",20
7892,CUcCHV,Residential,120,Active,"2023-01-01",0
7893,geJpB3,Roam,80,Active,"2023-01-01",5
7894,"2xpgf8",Residential,120,Cancelled,"2023-01-01",10
7895,"6WKOe8",Residential,120,Active,"2023-01-01",20
7896,AaNJRv,Roam,80,Active,"2023-01-01",0
7897,DQsmtX,Business,250,Active,"2023-01-01",5
7898,"0wcdgP",Roam,80,Active,"2023-01-01",10
7899,zWHubW,Residential,120,Active,"2023-01-01",20
7900,kpyEiR,Mini,50,Active,"2023-01-01",0
7901,oVGIuu,Residential,120,Active,"2023-01-01",5
7902,bsPHGZ,Residential,120,Active,"2023-01-01",10
7903,lah8fE,Residential,120,Active,"2023-01-01",20
7904,RKUK8B,Mini,50,Cancelled,"2023-01-01",0
7905,"0oPgxl",Business,250,Active,"2023-01-01",5
7906,pWupvz,Residential,120,Active,"2023-01-01",10
7907,Nqap9e,Roam,80,Paused,"2023-01-01",20
7908,Bz2S8U,Mini,50,Active,"2023-01-01",0
7909,"0VQc4T",Roam,80,Active,"2023-01-01",5
7910,hO1giL,Residential,120,Active,"2023-01-01",10
7911,KYYQMV,Business,250,Active,"2023-01-01",20
7912,aQZGvU,Mini,50,Cancelled,"2023-01-01",0
7913,K4LxbZ,Mini,50,Active,"2023-01-01",5
7914,"4XarHL",Residential,120,Active,"2023-01-01",10
7915,CgkcsX,Residential,120,Active,"2023-01-01",20
7916,amfJbT,Roam,80,Active,"2023-01-01",0
7917,wuifGt,Residential,120,Active,"2023-01-01",5
7918,V3N6wo,Residential,120,Active,"2023-01-01",10
7919,G8DQtu,Business,250,Active,"2023-01-01",20
7920,"2WUKGT",Business,250,Active,"2023-01-01",0
7921,w4aCNB,Residential,120,Cancelled,"2023-01-01",5
7922,RkmXQH,Residential,120,Active,"2023-01-01",10
7923,DaSwgJ,Residential,120,Active,"2023-01-01",20
7924,qbQFQM,Residential,120,Active,"2023-01-01",0
7925,UixZoh,Roam,80,Active,"2023-01-01",5
7926,vcy1ri,Business,250,Active,"2023-01-01",10
7927,YJ3yrl,Business,250,Active,"2023-01-01",20
7928,teDOoB,Residential,120,Active,"2023-01-01",0
7929,k3XxkO,Roam,80,Active,"2023-01-01",5
7930,KU3yF7,Mini,50,Active,"2023-01-01",10
7931,"2kyT0G",Mini,50,Active,"2023-01-01",20
7932,"6KFQra",Residential,120,Active,"2023-01-01",0
7933,s7mJzZ,Residential,120,Active,"2023-01-01",5
7934,t6LpKR,Residential,120,Active,"2023-01-01",10
7935,"37W74G",Residential,120,Paused,"2023-01-01",20
7936,VdX1Ox,Residential,120,Active,"2023-01-01",0
7937,"20lNfj",Residential,120,Active,"2023-01-01",5
7938,kabPkb,Residential,120,Active,"2023-01-01",10
7939,iLZ3WO,Residential,120,Active,"2023-01-01",20
7940,KjBYqR,Roam,80,Paused,"2023-01-01",0
7941,"7JjDaJ",Roam,80,Active,"2023-01-01",5
7942,gQGabE,Residential,120,Cancelled,"2023-01-01",10
7943,sRbfcG,Residential,120,Active,"2023-01-01",20
7944,wLe5mE,Mini,50,Paused,"2023-01-01",0
7945,TK51ex,Business,250,Active,"2023-01-01",5
7946,xFvL2l,Roam,80,Active,"2023-01-01",10
7947,qUliK6,Roam,80,Active,"2023-01-01",20
7948,LM6hpE,Roam,80,Active,"2023-01-01",0
7949,xe3Wbm,Residential,120,Active,"2023-01-01",5
7950,"9ReXNz",Residential,120,Active,"2023-01-01",10
7951,Uo9ctW,Residential,120,Active,"2023-01-01",20
7952,sRzZCf,Roam,80,Active,"2023-01-01",0
7953,cwnY3M,Roam,80,Active,"2023-01-01",5
7954,ZiEtnv,Residential,120,Paused,"2023-01-01",10
7955,soVpqh,Business,250,Cancelled,"2023-01-01",20
7956,uZSzQw,Mini,50,Paused,"2023-01-01",0
7957,TTpuJ3,Residential,120,Active,"2023-01-01",5
7958,CHaQdl,Residential,120,Active,"2023-01-01",10
7959,Qwi3EB,Residential,120,Active,"2023-01-01",20
7960,"19UpVv",Mini,50,Active,"2023-01-01",0
7961,TxZYSz,Roam,80,Paused,"2023-01-01",5
7962,FO7XJj,Residential,120,Active,"2023-01-01",10
7963,FU0hfp,Residential,120,Active,"2023-01-01",20
7964,Otaa4I,Residential,120,Active,"2023-01-01",0
7965,aOIa6E,Residential,120,Active,"2023-01-01",5
7966,MFC5Hj,Roam,80,Paused,"2023-01-01",10
7967,"6yotwZ",Residential,120,Active,"2023-01-01",20
7968,Ma46KY,Roam,80,Cancelled,"2023-01-01",0
7969,"3Fbjr8",Business,250,Cancelled,"2023-01-01",5
7970,tUQDRf,Business,250,Active,"2023-01-01",10
7971,DkhleO,Residential,120,Active,"2023-01-01",20
7972,yT1g8t,Roam,80,Active,"2023-01-01",0
7973,"4DGzjE",Residential,120,Active,"2023-01-01",5
7974,X5j93N,Residential,120,Active,"2023-01-01",10
7975,rPObgm,Business,250,Cancelled,"2023-01-01",20
7976,lhCVSj,Business,250,Paused,"2023-01-01",0
7977,vlVs0y,Residential,120,Active,"2023-01-01",5
7978,AhCM3Q,Residential,120,Active,"2023-01-01",10
7979,XrIkhy,Residential,120,Cancelled,"2023-01-01",20
7980,FQQr05,Mini,50,Active,"2023-01-01",0
7981,EcH0yd,Residential,120,Active,"2023-01-01",5
7982,ceKj3i,Business,250,Cancelled,"2023-01-01",10
7983,KWHXju,Residential,120,Active,"2023-01-01",20
7984,K9zJTh,Roam,80,Cancelled,"2023-01-01",0
7985,xhdCzE,Roam,80,Active,"2023-01-01",5
7986,"6sU4vz",Residential,120,Active,"2023-01-01",10
7987,xELcri,Residential,120,Active,"2023-01-01",20
7988,BapcmQ,Residential,120,Active,"2023-01-01",0
7989,e21e2v,Residential,120,Paused,"2023-01-01",5
7990,fO2zYV,Residential,120,Cancelled,"2023-01-01",10
7991,fkafiB,Residential,120,Active,"2023-01-01",20
7992,cKqon0,Residential,120,Active,"2023-01-01",0
7993,zChU9z,Residential,120,Paused,"2023-01-01",5
7994,y97cL5,Residential,120,Active,"2023-01-01",10
7995,CEjrNS,Residential,120,Active,"2023-01-01",20
7996,q2x74T,Residential,120,Active,"2023-01-01",0
7997,Tix8JJ,Business,250,Active,"2023-01-01",5
7998,kDRumZ,Residential,120,Active,"2023-01-01",10
7999,JMjcCW,Residential,120,Active,"2023-01-01",20
8000,TF2Evp,Roam,80,Active,"2023-01-01",0
8001,"4BNiY9",Roam,80,Active,"2023-01-01",5
8002,g3iMJx,Residential,120,Cancelled,"2023-01-01",10
8003,oBIK27,Residential,120,Active,"2023-01-01",20
8004,"1pSZVP",Roam,80,Active,"2023-01-01",0
8005,"960YBW",Residential,120,Active,"2023-01-01",5
8006,"3I2AFZ",Roam,80,Active,"2023-01-01",10
8007,ENNSU5,Roam,80,Active,"2023-01-01",20
8008,qilznw,Roam,80,Active,"2023-01-01",0
8009,"2SA8wi",Residential,120,Active,"2023-01-01",5
8010,u8Odlu,Roam,80,Active,"2023-01-01",10
8011,EVdusQ,Residential,120,Active,"2023-01-01",20
8012,sfFH5z,Mini,50,Active,"2023-01-01",0
8013,cwaUXY,Residential,120,Active,"2023-01-01",5
8014,lCwNGs,Residential,120,Active,"2023-01-01",10
8015,eNVsbS,Residential,120,Active,"2023-01-01",20
8016,AtPySG,Residential,120,Active,"2023-01-01",0
8017,JUH243,Residential,120,Active,"2023-01-01",5
8018,"075cOr",Roam,80,Active,"2023-01-01",10
8019,Behgyp,Residential,120,Paused,"2023-01-01",20
8020,Lej0JF,Residential,120,Active,"2023-01-01",0
8021,RHF22e,Roam,80,Cancelled,"2023-01-01",5
8022,KnQFhH,Residential,120,Active,"2023-01-01",10
8023,mp89Lb,Mini,50,Active,"2023-01-01",20
8024,CgNcXW,Roam,80,Active,"2023-01-01",0
8025,K83fEs,Residential,120,Active,"2023-01-01",5
8026,HtyvY0,Residential,120,Paused,"2023-01-01",10
8027,p2x4fc,Business,250,Active,"2023-01-01",20
8028,"62ocqJ",Residential,120,Active,"2023-01-01",0
8029,uCoUx3,Residential,120,Active,"2023-01-01",5
8030,WxYpEM,Residential,120,Active,"2023-01-01",10
8031,fAKzBl,Residential,120,Active,"2023-01-01",20
8032,"1hAOE8",Roam,80,Active,"2023-01-01",0
8033,eqbFCn,Residential,120,Active,"2023-01-01",5
8034,"916IZu",Business,250,Cancelled,"2023-01-01",10
8035,WTcMXv,Residential,120,Active,"2023-01-01",20
8036,jwncPn,Residential,120,Paused,"2023-01-01",0
8037,"362Gk9",Residential,120,Active,"2023-01-01",5
8038,orFuK0,Roam,80,Active,"2023-01-01",10
8039,Y5zfx3,Residential,120,Active,"2023-01-01",20
8040,qSsT7d,Residential,120,Active,"2023-01-01",0
8041,JqHhOP,Roam,80,Cancelled,"2023-01-01",5
8042,"8gGTYL",Residential,120,Cancelled,"2023-01-01",10
8043,cN4ocY,Mini,50,Active,"2023-01-01",20
8044,OJdh2P,Residential,120,Active,"2023-01-01",0
8045,X08jdZ,Residential,120,Active,"2023-01-01",5
8046,cQLGea,Roam,80,Active,"2023-01-01",10
8047,odW3AR,Roam,80,Active,"2023-01-01",20
8048,imhtQq,Roam,80,Active,"2023-01-01",0
8049,"5aYcTd",Business,250,Active,"2023-01-01",5
8050,ZqQSdd,Residential,120,Active,"2023-01-01",10
8051,ec5mC1,Residential,120,Cancelled,"2023-01-01",20
8052,st1gSW,Roam,80,Active,"2023-01-01",0
8053,Df8bxz,Residential,120,Active,"2023-01-01",5
8054,Xch3zy,Roam,80,Cancelled,"2023-01-01",10
8055,cEZiWR,Residential,120,Active,"2023-01-01",20
8056,Wd3NZN,Roam,80,Active,"2023-01-01",0
8057,LZadGn,Residential,120,Active,"2023-01-01",5
8058,"04HUEs",Residential,120,Active,"2023-01-01",10
8059,YsP6ih,Roam,80,Active,"2023-01-01",20
8060,hUFziA,Residential,120,Active,"2023-01-01",0
8061,zcHeL4,Roam,80,Active,"2023-01-01",5
8062,"1LR8Ui",Residential,120,Active,"2023-01-01",10
8063,yZEuh9,Residential,120,Active,"2023-01-01",20
8064,M0C04g,Residential,120,Active,"2023-01-01",0
8065,DSr8w1,Residential,120,Active,"2023-01-01",5
8066,"9EHf3h",Residential,120,Active,"2023-01-01",10
8067,X6hKew,Residential,120,Active,"2023-01-01",20
8068,"1CR9KP",Residential,120,Cancelled,"2023-01-01",0
8069,ANZmmo,Residential,120,Active,"2023-01-01",5
8070,GSDEVq,Roam,80,Active,"2023-01-01",10
8071,sAtZdm,Residential,120,Active,"2023-01-01",20
8072,Wc4WY0,Mini,50,Cancelled,"2023-01-01",0
8073,gPbzp2,Residential,120,Active,"2023-01-01",5
8074,AaL6Ca,Residential,120,Active,"2023-01-01",10
8075,qNyqMj,Residential,120,Active,"2023-01-01",20
8076,"8Du8no",Residential,120,Active,"2023-01-01",0
8077,JUo6Nu,Mini,50,Paused,"2023-01-01",5
8078,zY4egn,Residential,120,Paused,"2023-01-01",10
8079,RvADka,Roam,80,Active,"2023-01-01",20
8080,tb6F7n,Residential,120,Active,"2023-01-01",0
8081,"8XBKT5",Business,250,Paused,"2023-01-01",5
8082,Y1U4Is,Residential,120,Active,"2023-01-01",10
8083,usFWgL,Business,250,Active,"2023-01-01",20
8084,IECwYc,Residential,120,Active,"2023-01-01",0
8085,dDIBuP,Residential,120,Active,"2023-01-01",5
8086,VhbyVu,Roam,80,Active,"2023-01-01",10
8087,QkRWWq,Business,250,Active,"2023-01-01",20
8088,QG7UYm,Roam,80,Active,"2023-01-01",0
8089,"1ghr0X",Residential,120,Active,"2023-01-01",5
8090,ZH8tBX,Residential,120,Active,"2023-01-01",10
8091,DS2944,Residential,120,Paused,"2023-01-01",20
8092,z0zQbA,Mini,50,Paused,"2023-01-01",0
8093,kFgvXk,Residential,120,Active,"2023-01-01",5
8094,F7Axxh,Business,250,Active,"2023-01-01",10
8095,Kd33nY,Roam,80,Paused,"2023-01-01",20
8096,Qoh7wQ,Residential,120,Active,"2023-01-01",0
8097,GuMhJR,Residential,120,Active,"2023-01-01",5
8098,TEZoxo,Roam,80,Active,"2023-01-01",10
8099,fUwsLg,Mini,50,Active,"2023-01-01",20
8100,jscfRi,Residential,120,Active,"2023-01-01",0
8101,WRUrYd,Roam,80,Active,"2023-01-01",5
8102,dsHvbL,Residential,120,Active,"2023-01-01",10
8103,YGVZuQ,Business,250,Active,"2023-01-01",20
8104,vKb9SP,Residential,120,Cancelled,"2023-01-01",0
8105,dILNl7,Roam,80,Active,"2023-01-01",5
8106,"00umSb",Residential,120,Paused,"2023-01-01",10
8107,vH8KI0,Residential,120,Cancelled,"2023-01-01",20
8108,pARHeT,Residential,120,Active,"2023-01-01",0
8109,RxsCMB,Residential,120,Active,"2023-01-01",5
8110,"4uHmiH",Residential,120,Active,"2023-01-01",10
8111,Mu96UT,Residential,120,Active,"2023-01-01",20
8112,GaOBSM,Business,250,Active,"2023-01-01",0
8113,ZMJVo5,Mini,50,Active,"2023-01-01",5
8114,sSaOQd,Business,250,Active,"2023-01-01",10
8115,RIcuhr,Mini,50,Active,"2023-01-01",20
8116,UXUSHO,Business,250,Active,"2023-01-01",0
8117,pwxTfQ,Residential,120,Active,"2023-01-01",5
8118,Tpzjpj,Residential,120,Active,"2023-01-01",10
8119,DHeLwJ,Mini,50,Active,"2023-01-01",20
8120,dz5Az9,Residential,120,Active,"2023-01-01",0
8121,"9vWTjb",Residential,120,Active,"2023-01-01",5
8122,HQ9YuK,Residential,120,Active,"2023-01-01",10
8123,J8vYU2,Residential,120,Active,"2023-01-01",20
8124,yUeafG,Residential,120,Active,"2023-01-01",0
8125,aqAB7z,Residential,120,Paused,"2023-01-01",5
8126,GaMq1l,Residential,120,Active,"2023-01-01",10
8127,"7Rzp9m",Business,250,Active,"2023-01-01",20
8128,"7XWQTh",Roam,80,Active,"2023-01-01",0
8129,"5OYsc1",Residential,120,Active,"2023-01-01",5
8130,UvAPQx,Residential,120,Active,"2023-01-01",10
8131,"07tcdt",Roam,80,Cancelled,"2023-01-01",20
8132,"5XZmsV",Residential,120,Active,"2023-01-01",0
8133,yZqmQa,Residential,120,Active,"2023-01-01",5
8134,uPHozm,Roam,80,Cancelled,"2023-01-01",10
8135,nCjOeu,Mini,50,Paused,"2023-01-01",20
8136,Rtlthz,Residential,120,Cancelled,"2023-01-01",0
8137,Y9uOjk,Mini,50,Active,"2023-01-01",5
8138,ihch2Z,Roam,80,Active,"2023-01-01",10
8139,fJ9SR9,Residential,120,Paused,"2023-01-01",20
8140,"2QJRIN",Roam,80,Active,"2023-01-01",0
8141,Z5oBCk,Residential,120,Active,"2023-01-01",5
8142,DZHT7a,Roam,80,Active,"2023-01-01",10
8143,dZU9Vm,Roam,80,Active,"2023-01-01",20
8144,IWcaF1,Business,250,Cancelled,"2023-01-01",0
8145,"80Aw7B",Residential,120,Active,"2023-01-01",5
8146,PP1RRT,Roam,80,Active,"2023-01-01",10
8147,"35qWgl",Roam,80,Active,"2023-01-01",20
8148,CIsegS,Residential,120,Active,"2023-01-01",0
8149,TojEvt,Residential,120,Active,"2023-01-01",5
8150,"2OvIkJ",Residential,120,Active,"2023-01-01",10
8151,"0pKGyt",Roam,80,Paused,"2023-01-01",20
8152,NLk81f,Roam,80,Active,"2023-01-01",0
8153,tomsAq,Residential,120,Cancelled,"2023-01-01",5
8154,iY0kbg,Residential,120,Active,"2023-01-01",10
8155,uwdznJ,Business,250,Paused,"2023-01-01",20
8156,vKMpwL,Residential,120,Active,"2023-01-01",0
8157,NsnSnP,Roam,80,Active,"2023-01-01",5
8158,Xd0rIq,Residential,120,Cancelled,"2023-01-01",10
8159,biE2Ph,Residential,120,Active,"2023-01-01",20
8160,"3thFHt",Mini,50,Active,"2023-01-01",0
8161,fSEVQO,Residential,120,Active,"2023-01-01",5
8162,vV7yVb,Residential,120,Active,"2023-01-01",10
8163,YLvVJU,Residential,120,Active,"2023-01-01",20
8164,DjS0j4,Residential,120,Active,"2023-01-01",0
8165,p2ptnE,Residential,120,Active,"2023-01-01",5
8166,YKwrUA,Residential,120,Cancelled,"2023-01-01",10
8167,rc5UTI,Roam,80,Active,"2023-01-01",20
8168,igOsZW,Business,250,Active,"2023-01-01",0
8169,"6qdGqA",Roam,80,Active,"2023-01-01",5
8170,LC0DrB,Mini,50,Active,"2023-01-01",10
8171,wBllfU,Residential,120,Active,"2023-01-01",20
8172,TNnnOE,Residential,120,Active,"2023-01-01",0
8173,LapXs7,Residential,120,Active,"2023-01-01",5
8174,"60Gpn1",Residential,120,Active,"2023-01-01",10
8175,"7QbHQh",Business,250,Active,"2023-01-01",20
8176,Y7Qnif,Mini,50,Active,"2023-01-01",0
8177,owDqym,Residential,120,Active,"2023-01-01",5
8178,c15tVY,Business,250,Active,"2023-01-01",10
8179,ulPn2X,Business,250,Cancelled,"2023-01-01",20
8180,v74EZP,Residential,120,Active,"2023-01-01",0
8181,kXudLH,Roam,80,Paused,"2023-01-01",5
8182,o7A1Qi,Residential,120,Cancelled,"2023-01-01",10
8183,FqszDS,Residential,120,Active,"2023-01-01",20
8184,KoSyPi,Residential,120,Active,"2023-01-01",0
8185,AbqO1c,Business,250,Active,"2023-01-01",5
8186,mlYFfX,Residential,120,Active,"2023-01-01",10
8187,"7QyJlh",Residential,120,Active,"2023-01-01",20
8188,vCkVLh,Business,250,Active,"2023-01-01",0
8189,ZzcsrB,Residential,120,Active,"2023-01-01",5
8190,IhbHtg,Roam,80,Active,"2023-01-01",10
8191,"5bzVV8",Roam,80,Active,"2023-01-01",20
8192,wsrVpO,Residential,120,Active,"2023-01-01",0
8193,oKRyIV,Residential,120,Active,"2023-01-01",5
8194,B2vR4M,Roam,80,Active,"2023-01-01",10
8195,"3SapcK",Residential,120,Active,"2023-01-01",20
8196,wLHxof,Roam,80,Active,"2023-01-01",0
8197,ZtcTiw,Residential,120,Active,"2023-01-01",5
8198,GWyM2t,Residential,120,Active,"2023-01-01",10
8199,Lv7Iwb,Business,250,Active,"2023-01-01",20
8200,"4sg6kn",Residential,120,Active,"2023-01-01",0
8201,dkcFKs,Business,250,Active,"2023-01-01",5
8202,hiIrAL,Business,250,Cancelled,"2023-01-01",10
8203,DEaIaG,Business,250,Paused,"2023-01-01",20
8204,uQs82V,Residential,120,Active,"2023-01-01",0
8205,NZQeRT,Roam,80,Active,"2023-01-01",5
8206,b7O4qv,Residential,120,Cancelled,"2023-01-01",10
8207,ZN7vbl,Residential,120,Active,"2023-01-01",20
8208,FL3QZ8,Roam,80,Active,"2023-01-01",0
8209,sOco4p,Residential,120,Active,"2023-01-01",5
8210,ozWjXw,Roam,80,Paused,"2023-01-01",10
8211,g3eOdb,Roam,80,Active,"2023-01-01",20
8212,UqvyT1,Residential,120,Active,"2023-01-01",0
8213,mXowWd,Residential,120,Active,"2023-01-01",5
8214,jtLDaD,Residential,120,Active,"2023-01-01",10
8215,"4RLcB3",Residential,120,Active,"2023-01-01",20
8216,OqIi4o,Business,250,Cancelled,"2023-01-01",0
8217,uWH1xc,Residential,120,Active,"2023-01-01",5
8218,"2dSide",Residential,120,Active,"2023-01-01",10
8219,zCFWjy,Residential,120,Active,"2023-01-01",20
8220,eOtLAQ,Residential,120,Active,"2023-01-01",0
8221,jMdhcQ,Residential,120,Active,"2023-01-01",5
8222,dA6YqJ,Residential,120,Active,"2023-01-01",10
8223,"51K3ay",Residential,120,Active,"2023-01-01",20
8224,knemOt,Business,250,Active,"2023-01-01",0
8225,sHNV7X,Residential,120,Active,"2023-01-01",5
8226,D6oWnw,Residential,120,Active,"2023-01-01",10
8227,vR3Z65,Residential,120,Active,"2023-01-01",20
8228,EAIQg3,Residential,120,Active,"2023-01-01",0
8229,uvNxvq,Business,250,Active,"2023-01-01",5
8230,DkW9fX,Roam,80,Active,"2023-01-01",10
8231,"2BiBt5",Residential,120,Active,"2023-01-01",20
8232,VByODH,Residential,120,Active,"2023-01-01",0
8233,InV5p7,Residential,120,Active,"2023-01-01",5
8234,imzJ4C,Business,250,Cancelled,"2023-01-01",10
8235,xKP0nT,Business,250,Active,"2023-01-01",20
8236,RWDJP2,Residential,120,Active,"2023-01-01",0
8237,FtRzdZ,Residential,120,Active,"2023-01-01",5
8238,bZ0tR4,Residential,120,Active,"2023-01-01",10
8239,WhdLjN,Roam,80,Active,"2023-01-01",20
8240,RbflcL,Roam,80,Active,"2023-01-01",0
8241,rmagok,Mini,50,Active,"2023-01-01",5
8242,Bz13aX,Roam,80,Paused,"2023-01-01",10
8243,ONhD17,Mini,50,Active,"2023-01-01",20
8244,QED0es,Residential,120,Active,"2023-01-01",0
8245,Oj8DhN,Residential,120,Active,"2023-01-01",5
8246,CeWLf8,Business,250,Active,"2023-01-01",10
8247,Pev8Bz,Roam,80,Active,"2023-01-01",20
8248,h1DLHf,Residential,120,Paused,"2023-01-01",0
8249,NEXRUa,Residential,120,Active,"2023-01-01",5
8250,Mq4y4J,Residential,120,Active,"2023-01-01",10
8251,A0keU4,Residential,120,Active,"2023-01-01",20
8252,Plh9yV,Roam,80,Active,"2023-01-01",0
8253,XTWLvd,Business,250,Active,"2023-01-01",5
8254,cx0mSM,Mini,50,Active,"2023-01-01",10
8255,eDSOd0,Mini,50,Active,"2023-01-01",20
8256,MEELaO,Mini,50,Active,"2023-01-01",0
8257,YUvh7i,Residential,120,Active,"2023-01-01",5
8258,dJBu2E,Roam,80,Active,"2023-01-01",10
8259,QMVlwA,Mini,50,Active,"2023-01-01",20
8260,"2BY9Km",Residential,120,Active,"2023-01-01",0
8261,"6BrZR8",Residential,120,Active,"2023-01-01",5
8262,gatwqi,Residential,120,Active,"2023-01-01",10
8263,MfDYKM,Residential,120,Paused,"2023-01-01",20
8264,XOk07E,Residential,120,Active,"2023-01-01",0
8265,ZMP9Hu,Roam,80,Active,"2023-01-01",5
8266,mqdq2f,Residential,120,Active,"2023-01-01",10
8267,ClWoOd,Residential,120,Cancelled,"2023-01-01",20
8268,"3zMsVt",Residential,120,Active,"2023-01-01",0
8269,Rdbvf9,Residential,120,Active,"2023-01-01",5
8270,"173g0Y",Mini,50,Active,"2023-01-01",10
8271,OATIy5,Residential,120,Active,"2023-01-01",20
8272,Cr0uIa,Residential,120,Active,"2023-01-01",0
8273,"60K8So",Residential,120,Active,"2023-01-01",5
8274,hEFwIw,Residential,120,Cancelled,"2023-01-01",10
8275,EU5m0l,Residential,120,Active,"2023-01-01",20
8276,BA3oUH,Roam,80,Active,"2023-01-01",0
8277,xDybXw,Roam,80,Active,"2023-01-01",5
8278,NYCcA8,Roam,80,Active,"2023-01-01",10
8279,E5RZJz,Residential,120,Active,"2023-01-01",20
8280,FBnTLB,Residential,120,Active,"2023-01-01",0
8281,tSIMOy,Residential,120,Active,"2023-01-01",5
8282,nwDPnU,Residential,120,Active,"2023-01-01",10
8283,"8j3iGF",Roam,80,Active,"2023-01-01",20
8284,bSJz4w,Residential,120,Active,"2023-01-01",0
8285,"7Ln4jr",Residential,120,Active,"2023-01-01",5
8286,t7CCRP,Mini,50,Cancelled,"2023-01-01",10
8287,ocqRB9,Roam,80,Active,"2023-01-01",20
8288,xU0Edn,Residential,120,Paused,"2023-01-01",0
8289,"5NBl7h",Residential,120,Active,"2023-01-01",5
8290,A0s9fN,Roam,80,Paused,"2023-01-01",10
8291,"2yDW6w",Roam,80,Active,"2023-01-01",20
8292,uofExd,Roam,80,Active,"2023-01-01",0
8293,JTRDYl,Residential,120,Active,"2023-01-01",5
8294,sEI15R,Mini,50,Cancelled,"2023-01-01",10
8295,"8W58c9",Business,250,Cancelled,"2023-01-01",20
8296,bfwWIL,Mini,50,Active,"2023-01-01",0
8297,heAZlr,Residential,120,Active,"2023-01-01",5
8298,"3Ia3Ii",Residential,120,Active,"2023-01-01",10
8299,Z4ROUH,Roam,80,Active,"2023-01-01",20
8300,DXVt59,Residential,120,Active,"2023-01-01",0
8301,l9ASUS,Residential,120,Active,"2023-01-01",5
8302,Kr7GGD,Residential,120,Active,"2023-01-01",10
8303,jJcyZL,Residential,120,Active,"2023-01-01",20
8304,JPkYng,Residential,120,Active,"2023-01-01",0
8305,EJLww3,Roam,80,Active,"2023-01-01",5
8306,zXg7jI,Business,250,Active,"2023-01-01",10
8307,"7xWD25",Residential,120,Active,"2023-01-01",20
8308,ZIxkkC,Residential,120,Active,"2023-01-01",0
8309,ucK9MY,Mini,50,Active,"2023-01-01",5
8310,upCser,Residential,120,Active,"2023-01-01",10
8311,nnuwnU,Residential,120,Active,"2023-01-01",20
8312,"9y2GDA",Residential,120,Active,"2023-01-01",0
8313,MtSaTN,Mini,50,Active,"2023-01-01",5
8314,ZIUwJp,Business,250,Cancelled,"2023-01-01",10
8315,AIMjC9,Roam,80,Active,"2023-01-01",20
8316,p5B1Id,Residential,120,Active,"2023-01-01",0
8317,"9htFXD",Residential,120,Cancelled,"2023-01-01",5
8318,QkFTqO,Roam,80,Active,"2023-01-01",10
8319,z12DQ4,Residential,120,Active,"2023-01-01",20
8320,DFMl1I,Mini,50,Active,"2023-01-01",0
8321,"1I4TAt",Mini,50,Paused,"2023-01-01",5
8322,"7tdfFk",Residential,120,Paused,"2023-01-01",10
8323,wDQ3ZW,Roam,80,Active,"2023-01-01",20
8324,t1x3mf,Residential,120,Active,"2023-01-01",0
8325,qALrHb,Residential,120,Active,"2023-01-01",5
8326,aPW8M6,Roam,80,Active,"2023-01-01",10
8327,IBp4Xs,Residential,120,Active,"2023-01-01",20
8328,LOpqfm,Residential,120,Paused,"2023-01-01",0
8329,"8OOTbq",Roam,80,Active,"2023-01-01",5
8330,y5OdKR,Residential,120,Active,"2023-01-01",10
8331,U1DA29,Residential,120,Active,"2023-01-01",20
8332,"23YbIr",Roam,80,Active,"2023-01-01",0
8333,bAu9gc,Roam,80,Active,"2023-01-01",5
8334,"9YiwKE",Residential,120,Active,"2023-01-01",10
8335,E4dotB,Residential,120,Cancelled,"2023-01-01",20
8336,gmk7ZX,Roam,80,Active,"2023-01-01",0
8337,IZ4FRA,Residential,120,Cancelled,"2023-01-01",5
8338,bimhTj,Residential,120,Active,"2023-01-01",10
8339,uZVFrT,Roam,80,Active,"2023-01-01",20
8340,tza8zY,Business,250,Active,"2023-01-01",0
8341,qpL8sD,Residential,120,Active,"2023-01-01",5
8342,HR0eYo,Mini,50,Active,"2023-01-01",10
8343,ToeVsN,Residential,120,Active,"2023-01-01",20
8344,iWbFyh,Residential,120,Active,"2023-01-01",0
8345,pYhPq2,Roam,80,Cancelled,"2023-01-01",5
8346,TbxnsN,Roam,80,Active,"2023-01-01",10
8347,Gtirjy,Residential,120,Active,"2023-01-01",20
8348,"2UHuZ1",Residential,120,Paused,"2023-01-01",0
8349,"1rBo22",Business,250,Active,"2023-01-01",5
8350,WHoPe5,Business,250,Active,"2023-01-01",10
8351,w0Lxdz,Residential,120,Active,"2023-01-01",20
8352,OV17PY,Roam,80,Paused,"2023-01-01",0
8353,"6NC1VM",Residential,120,Active,"2023-01-01",5
8354,MIAesK,Business,250,Active,"2023-01-01",10
8355,WhFj0x,Residential,120,Active,"2023-01-01",20
8356,h7h1Iw,Business,250,Active,"2023-01-01",0
8357,nXcLML,Roam,80,Active,"2023-01-01",5
8358,K9ydZu,Residential,120,Active,"2023-01-01",10
8359,YfLQqm,Residential,120,Paused,"2023-01-01",20
8360,"6z9NGX",Residential,120,Active,"2023-01-01",0
8361,"5bwRMP",Residential,120,Active,"2023-01-01",5
8362,NkOYbG,Residential,120,Active,"2023-01-01",10
8363,qxKNEO,Roam,80,Active,"2023-01-01",20
8364,QIJalg,Roam,80,Paused,"2023-01-01",0
8365,UPV0fG,Residential,120,Active,"2023-01-01",5
8366,ZdH1B2,Roam,80,Paused,"2023-01-01",10
8367,QMQweF,Roam,80,Active,"2023-01-01",20
8368,rDVX7H,Residential,120,Cancelled,"2023-01-01",0
8369,DiMvJc,Mini,50,Paused,"2023-01-01",5
8370,RCQ5WM,Residential,120,Active,"2023-01-01",10
8371,Y0DCLS,Residential,120,Active,"2023-01-01",20
8372,uCq1GN,Residential,120,Active,"2023-01-01",0
8373,"10CNVd",Residential,120,Active,"2023-01-01",5
8374,WR6hND,Residential,120,Active,"2023-01-01",10
8375,"3CiUAb",Roam,80,Active,"2023-01-01",20
8376,"6Rekgd",Roam,80,Active,"2023-01-01",0
8377,"1CDedc",Residential,120,Active,"2023-01-01",5
8378,CC508C,Residential,120,Cancelled,"2023-01-01",10
8379,XaIdxc,Residential,120,Paused,"2023-01-01",20
8380,Z9PE7n,Mini,50,Active,"2023-01-01",0
8381,"3gw1xK",Roam,80,Active,"2023-01-01",5
8382,noCrfP,Residential,120,Active,"2023-01-01",10
8383,haZW9n,Residential,120,Active,"2023-01-01",20
8384,sp1prp,Residential,120,Paused,"2023-01-01",0
8385,EM9gsu,Residential,120,Active,"2023-01-01",5
8386,HdnPlG,Mini,50,Active,"2023-01-01",10
8387,xiiNsp,Business,250,Active,"2023-01-01",20
8388,"2YN13o",Residential,120,Active,"2023-01-01",0
8389,WzVDLv,Roam,80,Active,"2023-01-01",5
8390,vAb5fS,Mini,50,Active,"2023-01-01",10
8391,y6MQbB,Residential,120,Cancelled,"2023-01-01",20
8392,Bp4SFE,Roam,80,Active,"2023-01-01",0
8393,Z1bSxA,Residential,120,Paused,"2023-01-01",5
8394,SzcWx3,Residential,120,Active,"2023-01-01",10
8395,qcFeAV,Residential,120,Active,"2023-01-01",20
8396,"8PEYYp",Roam,80,Active,"2023-01-01",0
8397,"4B2lDC",Residential,120,Active,"2023-01-01",5
8398,KNZ5p9,Residential,120,Active,"2023-01-01",10
8399,"8Zhqjc",Residential,120,Paused,"2023-01-01",20
8400,oC54AD,Residential,120,Active,"2023-01-01",0
8401,lPgdwn,Residential,120,Active,"2023-01-01",5
8402,flEcXg,Residential,120,Active,"2023-01-01",10
8403,KzK4IH,Roam,80,Cancelled,"2023-01-01",20
8404,zErVgp,Mini,50,Active,"2023-01-01",0
8405,aPndIG,Business,250,Active,"2023-01-01",5
8406,vwH4J5,Residential,120,Active,"2023-01-01",10
8407,GIWwFk,Roam,80,Active,"2023-01-01",20
8408,RVyj4g,Residential,120,Active,"2023-01-01",0
8409,UUxahW,Residential,120,Active,"2023-01-01",5
8410,WgUxO1,Residential,120,Cancelled,"2023-01-01",10
8411,"2YD0Go",Business,250,Active,"2023-01-01",20
8412,HKb9Md,Residential,120,Active,"2023-01-01",0
8413,HeBEYi,Roam,80,Active,"2023-01-01",5
8414,D5qiHh,Residential,120,Paused,"2023-01-01",10
8415,Z84Qjo,Mini,50,Active,"2023-01-01",20
8416,RGKSzy,Residential,120,Paused,"2023-01-01",0
8417,abNvV3,Residential,120,Paused,"2023-01-01",5
8418,dGuWzG,Residential,120,Active,"2023-01-01",10
8419,ZWrbw4,Residential,120,Active,"2023-01-01",20
8420,fa2nYR,Mini,50,Active,"2023-01-01",0
8421,RpxVa4,Residential,120,Active,"2023-01-01",5
8422,pKlaPo,Residential,120,Active,"2023-01-01",10
8423,"2UtvdK",Business,250,Active,"2023-01-01",20
8424,ZZG2EX,Residential,120,Active,"2023-01-01",0
8425,"7cR8IY",Roam,80,Active,"2023-01-01",5
8426,kCfItS,Residential,120,Active,"2023-01-01",10
8427,MLKDRF,Mini,50,Active,"2023-01-01",20
8428,COAnVP,Residential,120,Active,"2023-01-01",0
8429,eRyB72,Roam,80,Active,"2023-01-01",5
8430,Zw69Cr,Residential,120,Cancelled,"2023-01-01",10
8431,bfxzrs,Residential,120,Active,"2023-01-01",20
8432,jA5amX,Residential,120,Active,"2023-01-01",0
8433,xA8rao,Roam,80,Active,"2023-01-01",5
8434,COlQvQ,Roam,80,Active,"2023-01-01",10
8435,jfM59M,Business,250,Paused,"2023-01-01",20
8436,Wi2wc6,Roam,80,Cancelled,"2023-01-01",0
8437,Gk8xDu,Roam,80,Paused,"2023-01-01",5
8438,P8vSh8,Mini,50,Active,"2023-01-01",10
8439,yCYOM0,Residential,120,Active,"2023-01-01",20
8440,L9qXkJ,Residential,120,Active,"2023-01-01",0
8441,c5X3hM,Residential,120,Active,"2023-01-01",5
8442,nS3v8c,Roam,80,Active,"2023-01-01",10
8443,VrlxmO,Residential,120,Cancelled,"2023-01-01",20
8444,MNTpYa,Residential,120,Active,"2023-01-01",0
8445,emmNa5,Mini,50,Active,"2023-01-01",5
8446,XJphxL,Residential,120,Active,"2023-01-01",10
8447,aCYq8O,Residential,120,Active,"2023-01-01",20
8448,vZAATT,Residential,120,Active,"2023-01-01",0
8449,auMrAo,Residential,120,Active,"2023-01-01",5
8450,"3p8DIj",Roam,80,Active,"2023-01-01",10
8451,XVng9L,Residential,120,Active,"2023-01-01",20
8452,n5lx9Y,Roam,80,Active,"2023-01-01",0
8453,w8jndd,Residential,120,Active,"2023-01-01",5
8454,O6UjCu,Residential,120,Cancelled,"2023-01-01",10
8455,k5Tl26,Residential,120,Active,"2023-01-01",20
8456,kmcYeq,Residential,120,Active,"2023-01-01",0
8457,MMz3wt,Residential,120,Paused,"2023-01-01",5
8458,P1UJdb,Business,250,Active,"2023-01-01",10
8459,ycot7b,Residential,120,Active,"2023-01-01",20
8460,ccqQND,Business,250,Active,"2023-01-01",0
8461,N8pSIJ,Roam,80,Active,"2023-01-01",5
8462,QvhxKk,Business,250,Active,"2023-01-01",10
8463,kR0TRL,Roam,80,Active,"2023-01-01",20
8464,DiBEgt,Residential,120,Paused,"2023-01-01",0
8465,QwXPqM,Mini,50,Active,"2023-01-01",5
8466,kbq4Xc,Residential,120,Active,"2023-01-01",10
8467,nNv1U7,Residential,120,Paused,"2023-01-01",20
8468,aqlaHO,Residential,120,Active,"2023-01-01",0
8469,zVNSXx,Residential,120,Active,"2023-01-01",5
8470,kcoaj9,Residential,120,Paused,"2023-01-01",10
8471,qwVDVC,Residential,120,Active,"2023-01-01",20
8472,VguIdt,Residential,120,Active,"2023-01-01",0
8473,plZh7C,Mini,50,Active,"2023-01-01",5
8474,"5BvvUI",Residential,120,Active,"2023-01-01",10
8475,UsCmq9,Business,250,Active,"2023-01-01",20
8476,x6GYnv,Roam,80,Active,"2023-01-01",0
8477,H53Z3B,Residential,120,Active,"2023-01-01",5
8478,QPjoct,Residential,120,Active,"2023-01-01",10
8479,jtL0db,Roam,80,Active,"2023-01-01",20
8480,b5pRCX,Residential,120,Paused,"2023-01-01",0
8481,d2zxig,Mini,50,Active,"2023-01-01",5
8482,uEEEoF,Residential,120,Active,"2023-01-01",10
8483,"3cNnwS",Residential,120,Active,"2023-01-01",20
8484,SJdYRJ,Business,250,Active,"2023-01-01",0
8485,QBrZoS,Residential,120,Active,"2023-01-01",5
8486,khnrZR,Roam,80,Active,"2023-01-01",10
8487,yBZkxN,Residential,120,Active,"2023-01-01",20
8488,xlDEl2,Business,250,Active,"2023-01-01",0
8489,B64mwF,Residential,120,Active,"2023-01-01",5
8490,y9nbOm,Business,250,Active,"2023-01-01",10
8491,ZZZfWI,Residential,120,Active,"2023-01-01",20
8492,FoY89J,Residential,120,Active,"2023-01-01",0
8493,gIqLSm,Roam,80,Active,"2023-01-01",5
8494,ohnmdp,Roam,80,Paused,"2023-01-01",10
8495,ubU6BC,Roam,80,Active,"2023-01-01",20
8496,EpT8wU,Roam,80,Active,"2023-01-01",0
8497,NcZhGn,Mini,50,Active,"2023-01-01",5
8498,wRAFeH,Residential,120,Active,"2023-01-01",10
8499,"1XsyeM",Mini,50,Active,"2023-01-01",20
8500,sqwaNx,Residential,120,Active,"2023-01-01",0
8501,fa4ID9,Residential,120,Active,"2023-01-01",5
8502,CfcXAe,Residential,120,Active,"2023-01-01",10
8503,TxH81y,Mini,50,Cancelled,"2023-01-01",20
8504,OQ4ErL,Roam,80,Cancelled,"2023-01-01",0
8505,"7Y3sJf",Residential,120,Active,"2023-01-01",5
8506,"6EcPNe",Residential,120,Cancelled,"2023-01-01",10
8507,RxNQfd,Roam,80,Active,"2023-01-01",20
8508,lJEIVE,Residential,120,Active,"2023-01-01",0
8509,ZnTYRd,Residential,120,Paused,"2023-01-01",5
8510,m2HYtR,Residential,120,Active,"2023-01-01",10
8511,XH4X85,Residential,120,Active,"2023-01-01",20
8512,"0WZn6H",Business,250,Active,"2023-01-01",0
8513,VeWSt0,Business,250,Paused,"2023-01-01",5
8514,mDtxj4,Residential,120,Active,"2023-01-01",10
8515,"8a6ENn",Mini,50,Active,"2023-01-01",20
8516,R4zbcy,Residential,120,Active,"2023-01-01",0
8517,EvD9B9,Residential,120,Active,"2023-01-01",5
8518,F3YDn2,Residential,120,Active,"2023-01-01",10
8519,JTT5cb,Residential,120,Paused,"2023-01-01",20
8520,M8wPQy,Residential,120,Paused,"2023-01-01",0
8521,xIszxg,Residential,120,Active,"2023-01-01",5
8522,QfZKni,Residential,120,Active,"2023-01-01",10
8523,SDdchp,Mini,50,Active,"2023-01-01",20
8524,zMazeC,Roam,80,Cancelled,"2023-01-01",0
8525,THDrP7,Residential,120,Active,"2023-01-01",5
8526,D3BI1Q,Residential,120,Cancelled,"2023-01-01",10
8527,MlHWud,Residential,120,Active,"2023-01-01",20
8528,kWp3Ne,Residential,120,Active,"2023-01-01",0
8529,ZtWh0i,Business,250,Active,"2023-01-01",5
8530,"6hCYy4",Roam,80,Cancelled,"2023-01-01",10
8531,"28yhFC",Residential,120,Active,"2023-01-01",20
8532,MiuaP8,Business,250,Active,"2023-01-01",0
8533,P3y6Bt,Roam,80,Active,"2023-01-01",5
8534,EYufS2,Residential,120,Active,"2023-01-01",10
8535,bLRhcJ,Roam,80,Cancelled,"2023-01-01",20
8536,"8e5UAb",Roam,80,Active,"2023-01-01",0
8537,s9661H,Residential,120,Active,"2023-01-01",5
8538,bgYv4q,Residential,120,Active,"2023-01-01",10
8539,DMayde,Residential,120,Paused,"2023-01-01",20
8540,"8danYl",Roam,80,Active,"2023-01-01",0
8541,"9sMLT6",Residential,120,Active,"2023-01-01",5
8542,WBninK,Residential,120,Paused,"2023-01-01",10
8543,"0Bivpe",Roam,80,Active,"2023-01-01",20
8544,dt2ikq,Residential,120,Paused,"2023-01-01",0
8545,pJ47zF,Residential,120,Active,"2023-01-01",5
8546,Kj7Cjc,Business,250,Active,"2023-01-01",10
8547,CQanKu,Residential,120,Active,"2023-01-01",20
8548,"7UHxal",Residential,120,Active,"2023-01-01",0
8549,"6IiOFM",Residential,120,Active,"2023-01-01",5
8550,hU3CNj,Roam,80,Active,"2023-01-01",10
8551,"9fFWIu",Roam,80,Active,"2023-01-01",20
8552,I2OTme,Residential,120,Active,"2023-01-01",0
8553,pA42Au,Residential,120,Active,"2023-01-01",5
8554,"6HMVAJ",Mini,50,Active,"2023-01-01",10
8555,zvxMse,Residential,120,Active,"2023-01-01",20
8556,bdNbCb,Residential,120,Active,"2023-01-01",0
8557,Mqcg17,Residential,120,Active,"2023-01-01",5
8558,xaCXQy,Residential,120,Active,"2023-01-01",10
8559,UNZNWk,Residential,120,Active,"2023-01-01",20
8560,XYzGRj,Residential,120,Active,"2023-01-01",0
8561,"8nnZDN",Residential,120,Active,"2023-01-01",5
8562,NKppXO,Mini,50,Active,"2023-01-01",10
8563,dW0nPU,Residential,120,Active,"2023-01-01",20
8564,XPoKjC,Residential,120,Active,"2023-01-01",0
8565,mAxBsW,Residential,120,Cancelled,"2023-01-01",5
8566,R3M7Nc,Residential,120,Active,"2023-01-01",10
8567,MxaSvA,Business,250,Active,"2023-01-01",20
8568,LnlDs8,Business,250,Active,"2023-01-01",0
8569,dNiVdj,Mini,50,Active,"2023-01-01",5
8570,MpB7nt,Roam,80,Cancelled,"2023-01-01",10
8571,Y7TedD,Residential,120,Active,"2023-01-01",20
8572,"56yHml",Residential,120,Active,"2023-01-01",0
8573,biXaBS,Mini,50,Active,"2023-01-01",5
8574,vtwr1O,Residential,120,Cancelled,"2023-01-01",10
8575,"1u8qAb",Roam,80,Active,"2023-01-01",20
8576,cCnUPu,Residential,120,Cancelled,"2023-01-01",0
8577,d11H29,Residential,120,Active,"2023-01-01",5
8578,t0Tize,Residential,120,Active,"2023-01-01",10
8579,"8CY3tq",Residential,120,Active,"2023-01-01",20
8580,mSclIp,Mini,50,Paused,"2023-01-01",0
8581,CDQP7x,Residential,120,Active,"2023-01-01",5
8582,mMisCf,Residential,120,Active,"2023-01-01",10
8583,nFJHzT,Residential,120,Active,"2023-01-01",20
8584,jXkE90,Roam,80,Active,"2023-01-01",0
8585,Qx0y2I,Business,250,Active,"2023-01-01",5
8586,svI3J0,Residential,120,Active,"2023-01-01",10
8587,kQlk6s,Roam,80,Active,"2023-01-01",20
8588,"9XgiiD",Business,250,Cancelled,"2023-01-01",0
8589,SuPzie,Residential,120,Active,"2023-01-01",5
8590,VVAHsi,Residential,120,Active,"2023-01-01",10
8591,NDAuim,Residential,120,Active,"2023-01-01",20
8592,t39oFO,Residential,120,Active,"2023-01-01",0
8593,ULoLop,Residential,120,Active,"2023-01-01",5
8594,"1Q0IG4",Roam,80,Active,"2023-01-01",10
8595,cWDKxf,Residential,120,Active,"2023-01-01",20
8596,n3PQfd,Business,250,Active,"2023-01-01",0
8597,UIoWXr,Residential,120,Cancelled,"2023-01-01",5
8598,QY5Kl3,Residential,120,Paused,"2023-01-01",10
8599,"7E2AUY",Business,250,Active,"2023-01-01",20
8600,U8XZMK,Mini,50,Active,"2023-01-01",0
8601,YuPGPZ,Business,250,Active,"2023-01-01",5
8602,FsQrSU,Roam,80,Active,"2023-01-01",10
8603,"7UDPPD",Business,250,Active,"2023-01-01",20
8604,h1U37z,Roam,80,Paused,"2023-01-01",0
8605,JetnCW,Mini,50,Cancelled,"2023-01-01",5
8606,r5ggVH,Residential,120,Active,"2023-01-01",10
8607,FwVCgQ,Business,250,Cancelled,"2023-01-01",20
8608,rHUsPk,Residential,120,Active,"2023-01-01",0
8609,hFWDsc,Roam,80,Active,"2023-01-01",5
8610,qa3vnm,Residential,120,Active,"2023-01-01",10
8611,"5wOwLY",Residential,120,Active,"2023-01-01",20
8612,bovJiX,Residential,120,Cancelled,"2023-01-01",0
8613,ZOmQHg,Roam,80,Paused,"2023-01-01",5
8614,"1ouRHF",Roam,80,Cancelled,"2023-01-01",10
8615,bZR2we,Residential,120,Active,"2023-01-01",20
8616,"9wIjnw",Roam,80,Active,"2023-01-01",0
8617,Sk9cis,Roam,80,Active,"2023-01-01",5
8618,AKFj2Q,Residential,120,Cancelled,"2023-01-01",10
8619,ecmmus,Roam,80,Cancelled,"2023-01-01",20
8620,ShLcfF,Residential,120,Active,"2023-01-01",0
8621,"88jwrZ",Roam,80,Active,"2023-01-01",5
8622,EBb9KS,Business,250,Active,"2023-01-01",10
8623,MhTCgw,Roam,80,Cancelled,"2023-01-01",20
8624,"2SSmqP",Residential,120,Active,"2023-01-01",0
8625,PDutyB,Mini,50,Active,"2023-01-01",5
8626,"2djLXK",Residential,120,Active,"2023-01-01",10
8627,T0BYCI,Residential,120,Active,"2023-01-01",20
8628,AspGd6,Residential,120,Cancelled,"2023-01-01",0
8629,WXmE2G,Residential,120,Cancelled,"2023-01-01",5
8630,CgQygI,Roam,80,Active,"2023-01-01",10
8631,x9INiq,Residential,120,Active,"2023-01-01",20
8632,RPCEMh,Roam,80,Cancelled,"2023-01-01",0
8633,"5i1JwQ",Residential,120,Active,"2023-01-01",5
8634,xxV4JO,Business,250,Active,"2023-01-01",10
8635,"1lohKJ",Mini,50,Active,"2023-01-01",20
8636,XA1thM,Roam,80,Active,"2023-01-01",0
8637,iG7AVn,Residential,120,Active,"2023-01-01",5
8638,LJk5BX,Roam,80,Active,"2023-01-01",10
8639,oise1S,Residential,120,Active,"2023-01-01",20
8640,T0pdEM,Business,250,Active,"2023-01-01",0
8641,fxdUOf,Residential,120,Paused,"2023-01-01",5
8642,Xr8EQC,Mini,50,Active,"2023-01-01",10
8643,JXke1M,Residential,120,Active,"2023-01-01",20
8644,Jqnwnf,Residential,120,Active,"2023-01-01",0
8645,"2Fgcdv",Residential,120,Active,"2023-01-01",5
8646,OPa3cv,Mini,50,Active,"2023-01-01",10
8647,mEBRfJ,Residential,120,Paused,"2023-01-01",20
8648,"7ljhO3",Residential,120,Active,"2023-01-01",0
8649,"0sjyey",Residential,120,Active,"2023-01-01",5
8650,gmKG1V,Residential,120,Active,"2023-01-01",10
8651,ma6yCp,Residential,120,Active,"2023-01-01",20
8652,fnqlSD,Mini,50,Active,"2023-01-01",0
8653,t6OlZY,Residential,120,Active,"2023-01-01",5
8654,Vptngo,Roam,80,Active,"2023-01-01",10
8655,upgovd,Residential,120,Active,"2023-01-01",20
8656,TZpBmQ,Residential,120,Active,"2023-01-01",0
8657,"2Gwx0V",Residential,120,Active,"2023-01-01",5
8658,n6xVcC,Residential,120,Active,"2023-01-01",10
8659,DNmmoZ,Residential,120,Active,"2023-01-01",20
8660,RHh01E,Roam,80,Active,"2023-01-01",0
8661,"8mlwHK",Residential,120,Paused,"2023-01-01",5
8662,"8SaYuo",Residential,120,Paused,"2023-01-01",10
8663,HD7X0m,Residential,120,Paused,"2023-01-01",20
8664,"1Jw0QE",Residential,120,Active,"2023-01-01",0
8665,q3VsAG,Residential,120,Active,"2023-01-01",5
8666,nnBq9U,Roam,80,Active,"2023-01-01",10
8667,j31qVK,Residential,120,Active,"2023-01-01",20
8668,QUdLE4,Residential,120,Active,"2023-01-01",0
8669,RdPaUq,Mini,50,Active,"2023-01-01",5
8670,F5OFKV,Business,250,Paused,"2023-01-01",10
8671,"9hBAnl",Residential,120,Cancelled,"2023-01-01",20
8672,BlxpjB,Residential,120,Active,"2023-01-01",0
8673,Bol6zj,Residential,120,Active,"2023-01-01",5
8674,dD9fZ5,Business,250,Active,"2023-01-01",10
8675,Ata7pR,Residential,120,Active,"2023-01-01",20
8676,bCFYHk,Roam,80,Active,"2023-01-01",0
8677,xQeHzA,Mini,50,Active,"2023-01-01",5
8678,YKetny,Residential,120,Active,"2023-01-01",10
8679,LC2lOB,Residential,120,Paused,"2023-01-01",20
8680,"7lnPDy",Residential,120,Active,"2023-01-01",0
8681,aIK7Wm,Residential,120,Paused,"2023-01-01",5
8682,RL0M3x,Residential,120,Active,"2023-01-01",10
8683,uVFXBB,Business,250,Active,"2023-01-01",20
8684,yjGR6W,Residential,120,Active,"2023-01-01",0
8685,iypqze,Roam,80,Active,"2023-01-01",5
8686,Z9cvIn,Roam,80,Active,"2023-01-01",10
8687,yNOSz1,Roam,80,Active,"2023-01-01",20
8688,pusYHl,Mini,50,Active,"2023-01-01",0
8689,G46sZ5,Residential,120,Active,"2023-01-01",5
8690,"4rU7qD",Roam,80,Active,"2023-01-01",10
8691,EygHWg,Residential,120,Active,"2023-01-01",20
8692,fnfKsc,Residential,120,Active,"2023-01-01",0
8693,xUcI8N,Business,250,Active,"2023-01-01",5
8694,uxZzN2,Mini,50,Active,"2023-01-01",10
8695,NxxnxY,Residential,120,Active,"2023-01-01",20
8696,uaZBEP,Business,250,Active,"2023-01-01",0
8697,pY9BSp,Residential,120,Active,"2023-01-01",5
8698,x8gt1G,Residential,120,Active,"2023-01-01",10
8699,"3laXFg",Residential,120,Active,"2023-01-01",20
8700,LclE6M,Business,250,Active,"2023-01-01",0
8701,"4FXcJl",Roam,80,Active,"2023-01-01",5
8702,sqI9QJ,Mini,50,Active,"2023-01-01",10
8703,hbkfRm,Residential,120,Cancelled,"2023-01-01",20
8704,ZB9cdW,Residential,120,Active,"2023-01-01",0
8705,"6SIEq4",Residential,120,Active,"2023-01-01",5
8706,MriI9U,Residential,120,Active,"2023-01-01",10
8707,Em5uaP,Residential,120,Active,"2023-01-01",20
8708,ud0ctf,Residential,120,Active,"2023-01-01",0
8709,ehDH5b,Residential,120,Active,"2023-01-01",5
8710,"2J3Ujm",Residential,120,Active,"2023-01-01",10
8711,SH7fmf,Residential,120,Cancelled,"2023-01-01",20
8712,Xidteh,Roam,80,Cancelled,"2023-01-01",0
8713,KYkgUC,Residential,120,Paused,"2023-01-01",5
8714,yjCYMZ,Roam,80,Active,"2023-01-01",10
8715,fE613G,Mini,50,Active,"2023-01-01",20
8716,"41sNLj",Roam,80,Active,"2023-01-01",0
8717,PSGpuK,Residential,120,Active,"2023-01-01",5
8718,UF2wU6,Residential,120,Active,"2023-01-01",10
8719,YqWg21,Residential,120,Active,"2023-01-01",20
8720,tCjF4n,Roam,80,Active,"2023-01-01",0
8721,uUBGiO,Residential,120,Active,"2023-01-01",5
8722,lkFxAI,Roam,80,Active,"2023-01-01",10
8723,oS5Ikz,Roam,80,Cancelled,"2023-01-01",20
8724,Dd17Qq,Residential,120,Active,"2023-01-01",0
8725,ZDwdTX,Residential,120,Active,"2023-01-01",5
8726,AnHTmt,Residential,120,Active,"2023-01-01",10
8727,zw04yH,Residential,120,Active,"2023-01-01",20
8728,kngotJ,Residential,120,Active,"2023-01-01",0
8729,qy5e2B,Mini,50,Active,"2023-01-01",5
8730,CM30c8,Residential,120,Active,"2023-01-01",10
8731,Xbx0V5,Residential,120,Active,"2023-01-01",20
8732,V2Of6X,Roam,80,Active,"2023-01-01",0
8733,"1JyiNb",Residential,120,Active,"2023-01-01",5
8734,AgwITj,Mini,50,Active,"2023-01-01",10
8735,qaL4xo,Roam,80,Active,"2023-01-01",20
8736,WsWJc2,Roam,80,Active,"2023-01-01",0
8737,kKIvwM,Roam,80,Active,"2023-01-01",5
8738,Fnryif,Residential,120,Paused,"2023-01-01",10
8739,DOJ5WG,Residential,120,Active,"2023-01-01",20
8740,aggBnr,Mini,50,Active,"2023-01-01",0
8741,"1f0KIh",Residential,120,Active,"2023-01-01",5
8742,rHel6k,Residential,120,Active,"2023-01-01",10
8743,Z649zq,Residential,120,Active,"2023-01-01",20
8744,eXDnXO,Residential,120,Active,"2023-01-01",0
8745,SDAAzb,Residential,120,Active,"2023-01-01",5
8746,AJFDSb,Residential,120,Paused,"2023-01-01",10
8747,AdPWPT,Roam,80,Active,"2023-01-01",20
8748,CUXBCC,Residential,120,Active,"2023-01-01",0
8749,OJ1Nbn,Residential,120,Paused,"2023-01-01",5
8750,VEVQ9e,Business,250,Active,"2023-01-01",10
8751,shF2dM,Roam,80,Active,"2023-01-01",20
8752,FZOXZn,Roam,80,Active,"2023-01-01",0
8753,"3xtvZk",Roam,80,Active,"2023-01-01",5
8754,CZRTSY,Residential,120,Active,"2023-01-01",10
8755,thfVul,Business,250,Active,"2023-01-01",20
8756,eUGNZn,Business,250,Active,"2023-01-01",0
8757,qn8AyX,Business,250,Active,"2023-01-01",5
8758,jWmiCQ,Residential,120,Active,"2023-01-01",10
8759,mZHPRW,Residential,120,Active,"2023-01-01",20
8760,sHyfV9,Residential,120,Active,"2023-01-01",0
8761,gVYIkY,Roam,80,Active,"2023-01-01",5
8762,L01iHq,Residential,120,Active,"2023-01-01",10
8763,"5YbhiA",Roam,80,Active,"2023-01-01",20
8764,rAYrDZ,Roam,80,Active,"2023-01-01",0
8765,PoTY6R,Residential,120,Active,"2023-01-01",5
8766,ntGH5E,Residential,120,Active,"2023-01-01",10
8767,TXxwFp,Residential,120,Paused,"2023-01-01",20
8768,c97gFU,Roam,80,Paused,"2023-01-01",0
8769,o5XN0z,Roam,80,Active,"2023-01-01",5
8770,"3tSscD",Residential,120,Paused,"2023-01-01",10
8771,KrIdBM,Roam,80,Active,"2023-01-01",20
8772,NZenxp,Roam,80,Active,"2023-01-01",0
8773,"1qDeD8",Residential,120,Paused,"2023-01-01",5
8774,UTJUD2,Residential,120,Active,"2023-01-01",10
8775,"9JV3sC",Roam,80,Active,"2023-01-01",20
8776,GzGTSN,Roam,80,Active,"2023-01-01",0
8777,RFG8K2,Residential,120,Active,"2023-01-01",5
8778,O3J73R,Residential,120,Active,"2023-01-01",10
8779,kMqpwO,Roam,80,Paused,"2023-01-01",20
8780,T8uRDr,Mini,50,Active,"2023-01-01",0
8781,ydV8aD,Business,250,Active,"2023-01-01",5
8782,S15L0w,Residential,120,Active,"2023-01-01",10
8783,"61Lvdt",Residential,120,Active,"2023-01-01",20
8784,jNBKat,Roam,80,Active,"2023-01-01",0
8785,jcgxWl,Roam,80,Active,"2023-01-01",5
8786,NwHqLY,Residential,120,Cancelled,"2023-01-01",10
8787,nh2G1V,Residential,120,Active,"2023-01-01",20
8788,DDDoNe,Residential,120,Active,"2023-01-01",0
8789,"0RVMup",Mini,50,Active,"2023-01-01",5
8790,"16Agf7",Residential,120,Paused,"2023-01-01",10
8791,"0EQHLl",Residential,120,Active,"2023-01-01",20
8792,ehsstv,Residential,120,Active,"2023-01-01",0
8793,tHQmwB,Residential,120,Cancelled,"2023-01-01",5
8794,YsTGXf,Residential,120,Active,"2023-01-01",10
8795,bqcUqL,Residential,120,Active,"2023-01-01",20
8796,IJRNA0,Roam,80,Active,"2023-01-01",0
8797,fiH0si,Residential,120,Active,"2023-01-01",5
8798,aWI2Cn,Mini,50,Active,"2023-01-01",10
8799,uNnUdI,Business,250,Active,"2023-01-01",20
8800,"5cEDda",Roam,80,Active,"2023-01-01",0
8801,WdiM5p,Residential,120,Cancelled,"2023-01-01",5
8802,GsnsOL,Residential,120,Paused,"2023-01-01",10
8803,CnQjEN,Residential,120,Paused,"2023-01-01",20
8804,HESh4c,Residential,120,Active,"2023-01-01",0
8805,lY9bgW,Residential,120,Active,"2023-01-01",5
8806,bOTFo8,Residential,120,Active,"2023-01-01",10
8807,DKDuB8,Residential,120,Cancelled,"2023-01-01",20
8808,uDNkrh,Business,250,Cancelled,"2023-01-01",0
8809,"63nX7W",Roam,80,Active,"2023-01-01",5
8810,UYFgT9,Roam,80,Cancelled,"2023-01-01",10
8811,Tj3XDb,Business,250,Active,"2023-01-01",20
8812,Oeaat6,Residential,120,Active,"2023-01-01",0
8813,YcW4ua,Residential,120,Paused,"2023-01-01",5
8814,"29B6FZ",Residential,120,Active,"2023-01-01",10
8815,"2j7wFM",Residential,120,Paused,"2023-01-01",20
8816,UlwW1u,Residential,120,Active,"2023-01-01",0
8817,Dvteun,Residential,120,Cancelled,"2023-01-01",5
8818,vhzj03,Business,250,Active,"2023-01-01",10
8819,BPr46y,Roam,80,Cancelled,"2023-01-01",20
8820,MA4ede,Business,250,Active,"2023-01-01",0
8821,xMlJ9c,Mini,50,Active,"2023-01-01",5
8822,"1Jn7UC",Residential,120,Active,"2023-01-01",10
8823,tWuqs0,Residential,120,Active,"2023-01-01",20
8824,"9fc4Vl",Residential,120,Active,"2023-01-01",0
8825,Apc6Rh,Residential,120,Active,"2023-01-01",5
8826,"9PBiy6",Residential,120,Paused,"2023-01-01",10
8827,VfxIda,Roam,80,Active,"2023-01-01",20
8828,"7oxxK6",Residential,120,Active,"2023-01-01",0
8829,YI74WK,Roam,80,Active,"2023-01-01",5
8830,gH7Qs1,Residential,120,Active,"2023-01-01",10
8831,B2LBLo,Residential,120,Active,"2023-01-01",20
8832,"2gQ1tE",Residential,120,Paused,"2023-01-01",0
8833,iSW1uz,Residential,120,Active,"2023-01-01",5
8834,ZM1JRc,Residential,120,Active,"2023-01-01",10
8835,WXRq5U,Mini,50,Cancelled,"2023-01-01",20
8836,"7dQzHM",Roam,80,Active,"2023-01-01",0
8837,mWiMdk,Business,250,Active,"2023-01-01",5
8838,dyYJCm,Residential,120,Active,"2023-01-01",10
8839,OF8EMm,Residential,120,Cancelled,"2023-01-01",20
8840,XYULel,Mini,50,Active,"2023-01-01",0
8841,rLxpqL,Roam,80,Active,"2023-01-01",5
8842,sW3liO,Residential,120,Cancelled,"2023-01-01",10
8843,"1PKvIf",Residential,120,Active,"2023-01-01",20
8844,"78sREJ",Mini,50,Active,"2023-01-01",0
8845,QHqAHL,Residential,120,Active,"2023-01-01",5
8846,O88gcs,Residential,120,Active,"2023-01-01",10
8847,Dce53I,Residential,120,Cancelled,"2023-01-01",20
8848,"7cHD57",Roam,80,Active,"2023-01-01",0
8849,TR3v8S,Residential,120,Cancelled,"2023-01-01",5
8850,"3BfQ0t",Roam,80,Active,"2023-01-01",10
8851,UwRJIA,Residential,120,Active,"2023-01-01",20
8852,mh7qLD,Residential,120,Cancelled,"2023-01-01",0
8853,rB7jrf,Residential,120,Active,"2023-01-01",5
8854,vuP1uR,Residential,120,Active,"2023-01-01",10
8855,UQJfCh,Residential,120,Active,"2023-01-01",20
8856,ZU1xNi,Residential,120,Active,"2023-01-01",0
8857,sJJlyW,Residential,120,Cancelled,"2023-01-01",5
8858,"7Xo1N4",Roam,80,Paused,"2023-01-01",10
8859,pZzFmY,Residential,120,Paused,"2023-01-01",20
8860,HDtK5D,Residential,120,Paused,"2023-01-01",0
8861,nsQeCW,Residential,120,Active,"2023-01-01",5
8862,"8MGfxb",Residential,120,Active,"2023-01-01",10
8863,H32ub8,Residential,120,Cancelled,"2023-01-01",20
8864,c9GyTI,Business,250,Active,"2023-01-01",0
8865,eXXJXk,Residential,120,Active,"2023-01-01",5
8866,MFFxvu,Residential,120,Active,"2023-01-01",10
8867,jcwiwK,Business,250,Active,"2023-01-01",20
8868,"1dlakm",Residential,120,Active,"2023-01-01",0
8869,AFTDF9,Residential,120,Cancelled,"2023-01-01",5
8870,FrjCpG,Residential,120,Active,"2023-01-01",10
8871,OEhf6J,Mini,50,Active,"2023-01-01",20
8872,"8810rP",Residential,120,Active,"2023-01-01",0
8873,wPwGzE,Residential,120,Active,"2023-01-01",5
8874,vX0XQm,Residential,120,Active,"2023-01-01",10
8875,vYmrPS,Mini,50,Active,"2023-01-01",20
8876,qaHh1K,Residential,120,Active,"2023-01-01",0
8877,rC8vlv,Business,250,Active,"2023-01-01",5
8878,VIY5hc,Mini,50,Paused,"2023-01-01",10
8879,rm261U,Mini,50,Active,"2023-01-01",20
8880,"0a6TDV",Residential,120,Active,"2023-01-01",0
8881,OHyGEI,Roam,80,Active,"2023-01-01",5
8882,DVcGDX,Residential,120,Active,"2023-01-01",10
8883,KZFR6T,Roam,80,Active,"2023-01-01",20
8884,GeCCbK,Residential,120,Active,"2023-01-01",0
8885,zHhFJW,Roam,80,Active,"2023-01-01",5
8886,"8Q08fR",Roam,80,Active,"2023-01-01",10
8887,"9wTIHg",Residential,120,Active,"2023-01-01",20
8888,"7jdjjm",Roam,80,Active,"2023-01-01",0
8889,FEgUoY,Mini,50,Active,"2023-01-01",5
8890,xAnxUy,Residential,120,Active,"2023-01-01",10
8891,knYObM,Mini,50,Active,"2023-01-01",20
8892,ggey7L,Residential,120,Active,"2023-01-01",0
8893,IB5cg0,Residential,120,Paused,"2023-01-01",5
8894,u0XJWn,Business,250,Active,"2023-01-01",10
8895,YZeIQG,Mini,50,Active,"2023-01-01",20
8896,KbsNtJ,Residential,120,Active,"2023-01-01",0
8897,k7Gaxb,Residential,120,Active,"2023-01-01",5
8898,QNHYnr,Business,250,Paused,"2023-01-01",10
8899,dzenHd,Residential,120,Active,"2023-01-01",20
8900,"5dsFso",Residential,120,Active,"2023-01-01",0
8901,Uvj9aM,Roam,80,Paused,"2023-01-01",5
8902,paNIkL,Mini,50,Paused,"2023-01-01",10
8903,d3DBwG,Residential,120,Active,"2023-01-01",20
8904,"8cioDy",Residential,120,Active,"2023-01-01",0
8905,Je7hQu,Roam,80,Active,"2023-01-01",5
8906,mDeZmu,Roam,80,Active,"2023-01-01",10
8907,O1b1Oo,Mini,50,Active,"2023-01-01",20
8908,RxFlNy,Residential,120,Active,"2023-01-01",0
8909,gQIapX,Mini,50,Active,"2023-01-01",5
8910,i3IZlx,Residential,120,Active,"2023-01-01",10
8911,xscHjF,Residential,120,Active,"2023-01-01",20
8912,Sbylde,Roam,80,Paused,"2023-01-01",0
8913,QQsaIe,Residential,120,Active,"2023-01-01",5
8914,ibRKL5,Residential,120,Active,"2023-01-01",10
8915,yAcn1i,Mini,50,Active,"2023-01-01",20
8916,bISKvv,Business,250,Paused,"2023-01-01",0
8917,FZwlLL,Business,250,Paused,"2023-01-01",5
8918,SQMUne,Residential,120,Active,"2023-01-01",10
8919,r5MNJg,Mini,50,Active,"2023-01-01",20
8920,"7ka6yA",Residential,120,Active,"2023-01-01",0
8921,bTNCyi,Residential,120,Active,"2023-01-01",5
8922,TnrbEB,Residential,120,Paused,"2023-01-01",10
8923,GDtgnm,Residential,120,Cancelled,"2023-01-01",20
8924,gGXGtE,Business,250,Active,"2023-01-01",0
8925,HUvYKn,Residential,120,Active,"2023-01-01",5
8926,B2uft4,Residential,120,Active,"2023-01-01",10
8927,DaM0Ii,Residential,120,Cancelled,"2023-01-01",20
8928,Itv2iC,Residential,120,Active,"2023-01-01",0
8929,miEGyG,Mini,50,Active,"2023-01-01",5
8930,Xor0IH,Roam,80,Active,"2023-01-01",10
8931,A9nWY9,Residential,120,Paused,"2023-01-01",20
8932,D99IlG,Residential,120,Active,"2023-01-01",0
8933,UGNtVE,Residential,120,Active,"2023-01-01",5
8934,RVur0s,Residential,120,Active,"2023-01-01",10
8935,wDjGj6,Roam,80,Active,"2023-01-01",20
8936,vYHV9u,Roam,80,Active,"2023-01-01",0
8937,Sk7nFR,Roam,80,Cancelled,"2023-01-01",5
8938,Wi6lTQ,Mini,50,Active,"2023-01-01",10
8939,"8XPCzU",Residential,120,Active,"2023-01-01",20
8940,N9XVkk,Residential,120,Active,"2023-01-01",0
8941,"7bL2Rn",Mini,50,Active,"2023-01-01",5
8942,HaePV1,Roam,80,Active,"2023-01-01",10
8943,i65eyM,Mini,50,Active,"2023-01-01",20
8944,"1zDdBs",Roam,80,Active,"2023-01-01",0
8945,ke1GvU,Mini,50,Active,"2023-01-01",5
8946,"20483B",Residential,120,Active,"2023-01-01",10
8947,goEt16,Residential,120,Active,"2023-01-01",20
8948,glsDpN,Residential,120,Paused,"2023-01-01",0
8949,aBfS3M,Residential,120,Active,"2023-01-01",5
8950,xQRmmo,Mini,50,Active,"2023-01-01",10
8951,EDcbip,Roam,80,Active,"2023-01-01",20
8952,"2RqbId",Business,250,Active,"2023-01-01",0
8953,MtYSPH,Residential,120,Cancelled,"2023-01-01",5
8954,cRhhWb,Residential,120,Active,"2023-01-01",10
8955,Oo7i22,Residential,120,Active,"2023-01-01",20
8956,uBTxqK,Roam,80,Active,"2023-01-01",0
8957,Q726wS,Residential,120,Active,"2023-01-01",5
8958,z4VOw6,Business,250,Active,"2023-01-01",10
8959,m9LlrP,Residential,120,Active,"2023-01-01",20
8960,MYq4Fz,Roam,80,Active,"2023-01-01",0
8961,Y4sHut,Residential,120,Active,"2023-01-01",5
8962,xWY3Z7,Roam,80,Active,"2023-01-01",10
8963,"42UtRK",Roam,80,Active,"2023-01-01",20
8964,GW7Nr1,Mini,50,Active,"2023-01-01",0
8965,z9zyFE,Roam,80,Active,"2023-01-01",5
8966,DNKFTQ,Business,250,Active,"2023-01-01",10
8967,MxkObv,Roam,80,Active,"2023-01-01",20
8968,OlQHck,Roam,80,Paused,"2023-01-01",0
8969,"5kWEh3",Residential,120,Active,"2023-01-01",5
8970,sWUlKi,Roam,80,Active,"2023-01-01",10
8971,LKVhDr,Residential,120,Active,"2023-01-01",20
8972,xEOfY3,Business,250,Active,"2023-01-01",0
8973,VaQbCE,Residential,120,Active,"2023-01-01",5
8974,oz0P72,Residential,120,Paused,"2023-01-01",10
8975,DXQsed,Mini,50,Active,"2023-01-01",20
8976,iT9Z17,Residential,120,Active,"2023-01-01",0
8977,xJbrBc,Roam,80,Cancelled,"2023-01-01",5
8978,eFByJ9,Residential,120,Active,"2023-01-01",10
8979,k0OXpA,Roam,80,Cancelled,"2023-01-01",20
8980,p9G7JW,Residential,120,Active,"2023-01-01",0
8981,HpWWVO,Residential,120,Active,"2023-01-01",5
8982,LET8Wo,Business,250,Cancelled,"2023-01-01",10
8983,k7GWSk,Business,250,Active,"2023-01-01",20
8984,qyg2ql,Residential,120,Paused,"2023-01-01",0
8985,"7IVU7C",Residential,120,Paused,"2023-01-01",5
8986,"1uMTZo",Residential,120,Active,"2023-01-01",10
8987,"4HZKjh",Residential,120,Active,"2023-01-01",20
8988,IIqWl0,Residential,120,Active,"2023-01-01",0
8989,o1mz9e,Residential,120,Active,"2023-01-01",5
8990,PBWsVC,Residential,120,Paused,"2023-01-01",10
8991,"6GH0tn",Residential,120,Active,"2023-01-01",20
8992,RnmRKS,Roam,80,Cancelled,"2023-01-01",0
8993,vSxwOc,Business,250,Active,"2023-01-01",5
8994,CyKC3I,Residential,120,Active,"2023-01-01",10
8995,"5M8a7u",Business,250,Cancelled,"2023-01-01",20
8996,HOuSo9,Roam,80,Active,"2023-01-01",0
8997,Z97wun,Mini,50,Active,"2023-01-01",5
8998,CPVJv2,Mini,50,Active,"2023-01-01",10
8999,r2IgGt,Roam,80,Active,"2023-01-01",20
9000,lPE37v,Residential,120,Active,"2023-01-01",0
9001,"4CPw3o",Business,250,Active,"2023-01-01",5
9002,KDqy38,Residential,120,Active,"2023-01-01",10
9003,VXruQQ,Business,250,Active,"2023-01-01",20
9004,wLca1Y,Roam,80,Active,"2023-01-01",0
9005,PTnI96,Residential,120,Active,"2023-01-01",5
9006,Cxv3OL,Residential,120,Active,"2023-01-01",10
9007,li45Fx,Roam,80,Cancelled,"2023-01-01",20
9008,hSiR1h,Business,250,Active,"2023-01-01",0
9009,yL1UhM,Residential,120,Active,"2023-01-01",5
9010,RV6b7D,Residential,120,Active,"2023-01-01",10
9011,Vgn5Ok,Business,250,Active,"2023-01-01",20
9012,ZIrLK6,Residential,120,Active,"2023-01-01",0
9013,N9bUAE,Roam,80,Active,"2023-01-01",5
9014,"3b1EQb",Residential,120,Active,"2023-01-01",10
9015,JWYZlP,Residential,120,Cancelled,"2023-01-01",20
9016,QHsMX6,Residential,120,Active,"2023-01-01",0
9017,GlBRxP,Residential,120,Active,"2023-01-01",5
9018,Fsjxwv,Residential,120,Active,"2023-01-01",10
9019,"3d3Rn4",Residential,120,Active,"2023-01-01",20
9020,gLW9Bn,Residential,120,Cancelled,"2023-01-01",0
9021,oDoy61,Mini,50,Active,"2023-01-01",5
9022,UUgKLn,Residential,120,Paused,"2023-01-01",10
9023,bQpR4H,Business,250,Active,"2023-01-01",20
9024,XfKB1E,Residential,120,Cancelled,"2023-01-01",0
9025,qoJypS,Residential,120,Active,"2023-01-01",5
9026,yttuvp,Roam,80,Paused,"2023-01-01",10
9027,ox44X5,Residential,120,Active,"2023-01-01",20
9028,xQFq2Q,Roam,80,Active,"2023-01-01",0
9029,vkt5fb,Residential,120,Active,"2023-01-01",5
9030,"0bcpGd",Business,250,Cancelled,"2023-01-01",10
9031,i27kZy,Roam,80,Active,"2023-01-01",20
9032,OlTSjg,Business,250,Active,"2023-01-01",0
9033,"6Dz0S2",Residential,120,Active,"2023-01-01",5
9034,qQogD4,Roam,80,Active,"2023-01-01",10
9035,n2onpD,Residential,120,Active,"2023-01-01",20
9036,rCKyOW,Residential,120,Active,"2023-01-01",0
9037,rGGYvU,Roam,80,Active,"2023-01-01",5
9038,BtbOsY,Roam,80,Active,"2023-01-01",10
9039,szGKTj,Business,250,Active,"2023-01-01",20
9040,XYms5f,Residential,120,Paused,"2023-01-01",0
9041,Rj7afj,Residential,120,Active,"2023-01-01",5
9042,ps7Oxt,Residential,120,Active,"2023-01-01",10
9043,"4LotKB",Roam,80,Cancelled,"2023-01-01",20
9044,mpkSO7,Residential,120,Active,"2023-01-01",0
9045,aP7rNP,Residential,120,Active,"2023-01-01",5
9046,g6Fm4F,Mini,50,Active,"2023-01-01",10
9047,udy9hM,Residential,120,Paused,"2023-01-01",20
9048,b1AvtB,Residential,120,Active,"2023-01-01",0
9049,"9zfxCN",Roam,80,Active,"2023-01-01",5
9050,dAkwu4,Mini,50,Active,"2023-01-01",10
9051,F1xsd0,Residential,120,Active,"2023-01-01",20
9052,"7lQY9c",Roam,80,Active,"2023-01-01",0
9053,iSkDOQ,Residential,120,Active,"2023-01-01",5
9054,QCG6el,Residential,120,Active,"2023-01-01",10
9055,STba58,Business,250,Active,"2023-01-01",20
9056,RAzyLe,Residential,120,Active,"2023-01-01",0
9057,"27YcQk",Residential,120,Active,"2023-01-01",5
9058,"6CPQEn",Residential,120,Cancelled,"2023-01-01",10
9059,IZgd7b,Residential,120,Active,"2023-01-01",20
9060,aiIKMd,Residential,120,Cancelled,"2023-01-01",0
9061,yn9Ffc,Roam,80,Paused,"2023-01-01",5
9062,zvU5ze,Residential,120,Active,"2023-01-01",10
9063,oRyX1u,Residential,120,Active,"2023-01-01",20
9064,MTpeWu,Residential,120,Cancelled,"2023-01-01",0
9065,Htr75x,Roam,80,Active,"2023-01-01",5
9066,Fexru0,Residential,120,Active,"2023-01-01",10
9067,R9tAnI,Mini,50,Active,"2023-01-01",20
9068,bh17mJ,Roam,80,Active,"2023-01-01",0
9069,HyzMH8,Business,250,Active,"2023-01-01",5
9070,oqdUPf,Residential,120,Active,"2023-01-01",10
9071,ZSuUE8,Residential,120,Active,"2023-01-01",20
9072,vgc8ZC,Business,250,Active,"2023-01-01",0
9073,TR7Ghf,Residential,120,Paused,"2023-01-01",5
9074,PZXWsr,Residential,120,Active,"2023-01-01",10
9075,NxuhAn,Business,250,Paused,"2023-01-01",20
9076,Akkvox,Residential,120,Active,"2023-01-01",0
9077,OasWtO,Business,250,Active,"2023-01-01",5
9078,fLMMje,Residential,120,Paused,"2023-01-01",10
9079,WTslF0,Roam,80,Active,"2023-01-01",20
9080,d8OK8M,Residential,120,Active,"2023-01-01",0
9081,orRBOc,Residential,120,Active,"2023-01-01",5
9082,"3lvgEf",Roam,80,Active,"2023-01-01",10
9083,O8TxrO,Roam,80,Paused,"2023-01-01",20
9084,LSUUGz,Residential,120,Active,"2023-01-01",0
9085,iKpuSj,Business,250,Active,"2023-01-01",5
9086,mdqMaK,Residential,120,Active,"2023-01-01",10
9087,J3XhE3,Roam,80,Active,"2023-01-01",20
9088,N9910T,Business,250,Active,"2023-01-01",0
9089,C3gxx7,Residential,120,Cancelled,"2023-01-01",5
9090,VLnZpp,Residential,120,Paused,"2023-01-01",10
9091,jgGbqy,Residential,120,Active,"2023-01-01",20
9092,Z26cfU,Roam,80,Active,"2023-01-01",0
9093,aVhDLG,Business,250,Active,"2023-01-01",5
9094,lLSBie,Residential,120,Active,"2023-01-01",10
9095,"7gW9j7",Residential,120,Active,"2023-01-01",20
9096,vLSarp,Residential,120,Active,"2023-01-01",0
9097,EyINjo,Residential,120,Active,"2023-01-01",5
9098,Fa4F8E,Residential,120,Active,"2023-01-01",10
9099,Z3BGHG,Business,250,Active,"2023-01-01",20
9100,qsBWRJ,Roam,80,Active,"2023-01-01",0
9101,ecGtQj,Business,250,Active,"2023-01-01",5
9102,ZZj8Df,Residential,120,Paused,"2023-01-01",10
9103,KoU3XJ,Residential,120,Cancelled,"2023-01-01",20
9104,jTwGkH,Mini,50,Active,"2023-01-01",0
9105,AQzXuX,Residential,120,Active,"2023-01-01",5
9106,X2YnBC,Roam,80,Active,"2023-01-01",10
9107,anY1CE,Residential,120,Active,"2023-01-01",20
9108,FmP6wd,Residential,120,Active,"2023-01-01",0
9109,MJfdct,Residential,120,Active,"2023-01-01",5
9110,uBLyLf,Residential,120,Paused,"2023-01-01",10
9111,htzF3R,Residential,120,Active,"2023-01-01",20
9112,LIQR9Y,Roam,80,Active,"2023-01-01",0
9113,jOn8AT,Residential,120,Cancelled,"2023-01-01",5
9114,J90YiN,Roam,80,Active,"2023-01-01",10
9115,lbf6OZ,Residential,120,Active,"2023-01-01",20
9116,d7S3Ct,Residential,120,Active,"2023-01-01",0
9117,YlV9sM,Mini,50,Active,"2023-01-01",5
9118,sGzUZN,Business,250,Active,"2023-01-01",10
9119,PwzMeF,Residential,120,Active,"2023-01-01",20
9120,"7W491h",Mini,50,Active,"2023-01-01",0
9121,jDkgvV,Residential,120,Active,"2023-01-01",5
9122,cEus0b,Mini,50,Active,"2023-01-01",10
9123,AAQR7q,Business,250,Paused,"2023-01-01",20
9124,qQzzr3,Residential,120,Active,"2023-01-01",0
9125,daODbo,Residential,120,Active,"2023-01-01",5
9126,ynigfL,Mini,50,Cancelled,"2023-01-01",10
9127,vCM6hK,Residential,120,Active,"2023-01-01",20
9128,BeCayz,Residential,120,Active,"2023-01-01",0
9129,ogaGJW,Roam,80,Active,"2023-01-01",5
9130,pwWtV6,Mini,50,Paused,"2023-01-01",10
9131,UFE6eA,Residential,120,Active,"2023-01-01",20
9132,r6bRtA,Mini,50,Active,"2023-01-01",0
9133,KUqYT7,Business,250,Active,"2023-01-01",5
9134,"2Hdfql",Business,250,Active,"2023-01-01",10
9135,VW23mn,Residential,120,Active,"2023-01-01",20
9136,Wlk0yk,Residential,120,Active,"2023-01-01",0
9137,SadjbO,Residential,120,Active,"2023-01-01",5
9138,Jt3tlr,Residential,120,Active,"2023-01-01",10
9139,X9CXu0,Residential,120,Active,"2023-01-01",20
9140,KnEIBw,Residential,120,Cancelled,"2023-01-01",0
9141,O79q7g,Business,250,Active,"2023-01-01",5
9142,XVk9tC,Business,250,Paused,"2023-01-01",10
9143,gRHT5d,Residential,120,Active,"2023-01-01",20
9144,uQkyei,Roam,80,Active,"2023-01-01",0
9145,"72llUL",Residential,120,Active,"2023-01-01",5
9146,LNxSTx,Mini,50,Active,"2023-01-01",10
9147,DFryBL,Residential,120,Cancelled,"2023-01-01",20
9148,c0Jxhp,Residential,120,Active,"2023-01-01",0
9149,TJQ9j6,Residential,120,Active,"2023-01-01",5
9150,kynpbV,Residential,120,Active,"2023-01-01",10
9151,yNVrmC,Mini,50,Active,"2023-01-01",20
9152,EJqzCN,Mini,50,Active,"2023-01-01",0
9153,RVc86L,Residential,120,Active,"2023-01-01",5
9154,d9tJiD,Residential,120,Active,"2023-01-01",10
9155,uWg8Ym,Residential,120,Active,"2023-01-01",20
9156,zbf57C,Residential,120,Active,"2023-01-01",0
9157,pJ9k2V,Roam,80,Active,"2023-01-01",5
9158,WBjg87,Roam,80,Paused,"2023-01-01",10
9159,ceWjKi,Residential,120,Paused,"2023-01-01",20
9160,kquRlM,Roam,80,Active,"2023-01-01",0
9161,XQMhUk,Residential,120,Active,"2023-01-01",5
9162,NwFCnb,Residential,120,Active,"2023-01-01",10
9163,mSIiqh,Residential,120,Active,"2023-01-01",20
9164,rb0upH,Business,250,Active,"2023-01-01",0
9165,yQmfyM,Residential,120,Active,"2023-01-01",5
9166,RiXIcF,Residential,120,Active,"2023-01-01",10
9167,QEukW0,Residential,120,Active,"2023-01-01",20
9168,"2a8FwT",Residential,120,Paused,"2023-01-01",0
9169,"2dgYcv",Residential,120,Active,"2023-01-01",5
9170,zUHLnn,Residential,120,Paused,"2023-01-01",10
9171,e31CXh,Residential,120,Active,"2023-01-01",20
9172,ZYWgaV,Residential,120,Active,"2023-01-01",0
9173,dXj6r6,Residential,120,Active,"2023-01-01",5
9174,Ogxzzo,Roam,80,Active,"2023-01-01",10
9175,"0REiwY",Business,250,Active,"2023-01-01",20
9176,graOqR,Residential,120,Active,"2023-01-01",0
9177,TQWEuZ,Roam,80,Active,"2023-01-01",5
9178,I1PC2I,Residential,120,Active,"2023-01-01",10
9179,XoGU39,Mini,50,Active,"2023-01-01",20
9180,PPbgtJ,Residential,120,Active,"2023-01-01",0
9181,Jdk3MN,Residential,120,Active,"2023-01-01",5
9182,vc1v9r,Residential,120,Active,"2023-01-01",10
9183,FuH2L1,Residential,120,Active,"2023-01-01",20
9184,RWd6YD,Mini,50,Cancelled,"2023-01-01",0
9185,"8oxix5",Residential,120,Active,"2023-01-01",5
9186,Dsi0mG,Residential,120,Active,"2023-01-01",10
9187,NuYUPn,Residential,120,Active,"2023-01-01",20
9188,J8WGX0,Residential,120,Active,"2023-01-01",0
9189,Uff6aX,Residential,120,Active,"2023-01-01",5
9190,acT3fN,Residential,120,Active,"2023-01-01",10
9191,MB3IaT,Business,250,Active,"2023-01-01",20
9192,Em2Ert,Roam,80,Active,"2023-01-01",0
9193,bW5fRN,Residential,120,Cancelled,"2023-01-01",5
9194,pBvkgX,Residential,120,Active,"2023-01-01",10
9195,AvBdhp,Residential,120,Cancelled,"2023-01-01",20
9196,"91kZLX",Residential,120,Active,"2023-01-01",0
9197,"3vUkvz",Business,250,Cancelled,"2023-01-01",5
9198,uBzxhM,Roam,80,Active,"2023-01-01",10
9199,AlknGx,Residential,120,Active,"2023-01-01",20
9200,wIFl8u,Business,250,Active,"2023-01-01",0
9201,"8kUxWy",Mini,50,Cancelled,"2023-01-01",5
9202,"38vUsW",Business,250,Paused,"2023-01-01",10
9203,JAyZpx,Residential,120,Paused,"2023-01-01",20
9204,lydSAi,Roam,80,Active,"2023-01-01",0
9205,lVrLD4,Roam,80,Cancelled,"2023-01-01",5
9206,EHBU7n,Residential,120,Active,"2023-01-01",10
9207,ljOZUb,Roam,80,Active,"2023-01-01",20
9208,ai335S,Residential,120,Cancelled,"2023-01-01",0
9209,He5o62,Roam,80,Active,"2023-01-01",5
9210,"5HyBhI",Residential,120,Cancelled,"2023-01-01",10
9211,ZQNnSr,Residential,120,Active,"2023-01-01",20
9212,PbI1F7,Residential,120,Active,"2023-01-01",0
9213,aB2TGN,Residential,120,Active,"2023-01-01",5
9214,"77T0ko",Mini,50,Active,"2023-01-01",10
9215,odMUlp,Business,250,Active,"2023-01-01",20
9216,j518Y2,Roam,80,Active,"2023-01-01",0
9217,lkjNp3,Residential,120,Active,"2023-01-01",5
9218,"15oVwo",Residential,120,Active,"2023-01-01",10
9219,LxngfS,Residential,120,Active,"2023-01-01",20
9220,"8cYIva",Residential,120,Active,"2023-01-01",0
9221,hmyysh,Roam,80,Active,"2023-01-01",5
9222,jSqbnG,Residential,120,Active,"2023-01-01",10
9223,kcxKYw,Mini,50,Active,"2023-01-01",20
9224,UVhqHU,Roam,80,Active,"2023-01-01",0
9225,sFgWpe,Business,250,Active,"2023-01-01",5
9226,ZufpwF,Roam,80,Paused,"2023-01-01",10
9227,"4YlalJ",Residential,120,Active,"2023-01-01",20
9228,PIwqFV,Mini,50,Active,"2023-01-01",0
9229,BLf5PV,Business,250,Active,"2023-01-01",5
9230,Opim9Z,Residential,120,Active,"2023-01-01",10
9231,DCLFuM,Residential,120,Active,"2023-01-01",20
9232,iki2hs,Residential,120,Paused,"2023-01-01",0
9233,l2wX94,Residential,120,Active,"2023-01-01",5
9234,xIqqB9,Mini,50,Active,"2023-01-01",10
9235,Ii8MTb,Roam,80,Cancelled,"2023-01-01",20
9236,Yh9KbI,Residential,120,Active,"2023-01-01",0
9237,RiMKpP,Residential,120,Active,"2023-01-01",5
9238,OqddN8,Residential,120,Active,"2023-01-01",10
9239,HX47zX,Roam,80,Active,"2023-01-01",20
9240,MJEVS8,Residential,120,Active,"2023-01-01",0
9241,mcJfI5,Residential,120,Active,"2023-01-01",5
9242,JH20hn,Residential,120,Active,"2023-01-01",10
9243,"4V2AbQ",Residential,120,Active,"2023-01-01",20
9244,l7A4dh,Business,250,Active,"2023-01-01",0
9245,"1iVnCb",Residential,120,Paused,"2023-01-01",5
9246,DOQez7,Residential,120,Paused,"2023-01-01",10
9247,NB6Nja,Business,250,Active,"2023-01-01",20
9248,YNKfi5,Residential,120,Active,"2023-01-01",0
9249,CbreoE,Residential,120,Active,"2023-01-01",5
9250,bkKxKP,Roam,80,Active,"2023-01-01",10
9251,zbO8Pr,Residential,120,Active,"2023-01-01",20
9252,e7roOe,Residential,120,Active,"2023-01-01",0
9253,DDh2zR,Residential,120,Active,"2023-01-01",5
9254,DJeBDr,Residential,120,Active,"2023-01-01",10
9255,"4ZOKko",Business,250,Active,"2023-01-01",20
9256,CuDB33,Roam,80,Paused,"2023-01-01",0
9257,CWyaSi,Roam,80,Active,"2023-01-01",5
9258,EVm3Vp,Residential,120,Active,"2023-01-01",10
9259,"6irKSa",Residential,120,Active,"2023-01-01",20
9260,XksxLR,Residential,120,Cancelled,"2023-01-01",0
9261,u9GCLg,Roam,80,Active,"2023-01-01",5
9262,HTrSNl,Residential,120,Active,"2023-01-01",10
9263,hZ3Nba,Mini,50,Active,"2023-01-01",20
9264,kJJMT2,Residential,120,Active,"2023-01-01",0
9265,CTiB7L,Roam,80,Paused,"2023-01-01",5
9266,TzlPfT,Business,250,Active,"2023-01-01",10
9267,"8GJ4gU",Residential,120,Active,"2023-01-01",20
9268,nTU39y,Roam,80,Active,"2023-01-01",0
9269,yJmQtJ,Residential,120,Active,"2023-01-01",5
9270,D8Mjc5,Roam,80,Cancelled,"2023-01-01",10
9271,tO4LQv,Residential,120,Active,"2023-01-01",20
9272,DaicpR,Roam,80,Cancelled,"2023-01-01",0
9273,q1tV6s,Residential,120,Active,"2023-01-01",5
9274,"5YTsi6",Residential,120,Active,"2023-01-01",10
9275,hsqG5P,Residential,120,Active,"2023-01-01",20
9276,iDL7pm,Roam,80,Active,"2023-01-01",0
9277,dKmtcB,Business,250,Cancelled,"2023-01-01",5
9278,mbpD0e,Residential,120,Active,"2023-01-01",10
9279,"6Mk8L9",Residential,120,Active,"2023-01-01",20
9280,rCtQXl,Business,250,Active,"2023-01-01",0
9281,"4BbDFl",Residential,120,Active,"2023-01-01",5
9282,aqLYEi,Residential,120,Active,"2023-01-01",10
9283,bmOHnK,Residential,120,Active,"2023-01-01",20
9284,"9EHr4J",Residential,120,Cancelled,"2023-01-01",0
9285,DcK4oX,Roam,80,Active,"2023-01-01",5
9286,hQmabf,Residential,120,Active,"2023-01-01",10
9287,"01hf1l",Mini,50,Cancelled,"2023-01-01",20
9288,"5vIgiw",Residential,120,Active,"2023-01-01",0
9289,c84RJU,Roam,80,Cancelled,"2023-01-01",5
9290,MywXUe,Business,250,Active,"2023-01-01",10
9291,vRdqlI,Mini,50,Paused,"2023-01-01",20
9292,Qkf9k3,Residential,120,Active,"2023-01-01",0
9293,ypKKjT,Residential,120,Active,"2023-01-01",5
9294,XQ0oPT,Roam,80,Cancelled,"2023-01-01",10
9295,FIcEw1,Residential,120,Paused,"2023-01-01",20
9296,jgoIws,Mini,50,Active,"2023-01-01",0
9297,AkQaz9,Residential,120,Active,"2023-01-01",5
9298,Kc5njl,Residential,120,Active,"2023-01-01",10
9299,XdYJbX,Roam,80,Paused,"2023-01-01",20
9300,mFFciu,Residential,120,Active,"2023-01-01",0
9301,rHerUT,Residential,120,Cancelled,"2023-01-01",5
9302,UnzLGD,Business,250,Active,"2023-01-01",10
9303,UpCXia,Mini,50,Active,"2023-01-01",20
9304,K4aESF,Residential,120,Active,"2023-01-01",0
9305,VpDp2O,Residential,120,Active,"2023-01-01",5
9306,Ggf3Zn,Residential,120,Active,"2023-01-01",10
9307,qt3t9V,Residential,120,Active,"2023-01-01",20
9308,yOdZfU,Residential,120,Active,"2023-01-01",0
9309,z1NsBE,Residential,120,Active,"2023-01-01",5
9310,jSSafj,Mini,50,Paused,"2023-01-01",10
9311,VTKeFU,Mini,50,Active,"2023-01-01",20
9312,hzP98V,Residential,120,Active,"2023-01-01",0
9313,E3skru,Business,250,Active,"2023-01-01",5
9314,yCuV68,Roam,80,Active,"2023-01-01",10
9315,gyyiWp,Residential,120,Active,"2023-01-01",20
9316,aUedQQ,Residential,120,Active,"2023-01-01",0
9317,NOCbpt,Roam,80,Active,"2023-01-01",5
9318,qMJ5Ga,Residential,120,Active,"2023-01-01",10
9319,DaipAj,Roam,80,Active,"2023-01-01",20
9320,h5Ao7N,Business,250,Active,"2023-01-01",0
9321,QLNDq7,Mini,50,Active,"2023-01-01",5
9322,"6xv7nU",Mini,50,Active,"2023-01-01",10
9323,XV1sEl,Mini,50,Active,"2023-01-01",20
9324,tuFbqm,Residential,120,Active,"2023-01-01",0
9325,Qlvkph,Mini,50,Active,"2023-01-01",5
9326,xlKONQ,Business,250,Active,"2023-01-01",10
9327,R8CxDc,Mini,50,Active,"2023-01-01",20
9328,NH7T1C,Residential,120,Cancelled,"2023-01-01",0
9329,WJfdjM,Residential,120,Active,"2023-01-01",5
9330,Lu8L5Y,Roam,80,Active,"2023-01-01",10
9331,Jk8Orr,Residential,120,Active,"2023-01-01",20
9332,qCdied,Business,250,Active,"2023-01-01",0
9333,Lp7Y8a,Residential,120,Cancelled,"2023-01-01",5
9334,FnxIfK,Residential,120,Active,"2023-01-01",10
9335,yni5rQ,Residential,120,Paused,"2023-01-01",20
9336,T7yziL,Residential,120,Active,"2023-01-01",0
9337,D1GwLK,Residential,120,Cancelled,"2023-01-01",5
9338,YgWkwf,Residential,120,Active,"2023-01-01",10
9339,"93vhjV",Roam,80,Active,"2023-01-01",20
9340,cb2wjZ,Mini,50,Active,"2023-01-01",0
9341,nty4ly,Residential,120,Active,"2023-01-01",5
9342,Wmqqmv,Residential,120,Active,"2023-01-01",10
9343,pbWvTM,Residential,120,Active,"2023-01-01",20
9344,cY63Hl,Business,250,Active,"2023-01-01",0
9345,k6DFyg,Mini,50,Active,"2023-01-01",5
9346,Muqm4x,Business,250,Cancelled,"2023-01-01",10
9347,SUv1PT,Residential,120,Active,"2023-01-01",20
9348,sRllvT,Residential,120,Paused,"2023-01-01",0
9349,A55914,Residential,120,Active,"2023-01-01",5
9350,rXAYaq,Residential,120,Active,"2023-01-01",10
9351,KdVI2L,Residential,120,Active,"2023-01-01",20
9352,"9zBXe6",Business,250,Active,"2023-01-01",0
9353,"3kFUqL",Residential,120,Active,"2023-01-01",5
9354,JjSCCb,Residential,120,Active,"2023-01-01",10
9355,taQCti,Mini,50,Active,"2023-01-01",20
9356,zENT2n,Residential,120,Active,"2023-01-01",0
9357,jMvKQG,Residential,120,Active,"2023-01-01",5
9358,pgW2zM,Roam,80,Active,"2023-01-01",10
9359,paIsiV,Roam,80,Active,"2023-01-01",20
9360,ZglG8k,Residential,120,Active,"2023-01-01",0
9361,HwUzuf,Residential,120,Cancelled,"2023-01-01",5
9362,"9DWwnV",Roam,80,Active,"2023-01-01",10
9363,HQtaLS,Residential,120,Cancelled,"2023-01-01",20
9364,C2nmyp,Residential,120,Active,"2023-01-01",0
9365,vRHxhU,Mini,50,Active,"2023-01-01",5
9366,tQhT66,Roam,80,Paused,"2023-01-01",10
9367,gAek4k,Residential,120,Active,"2023-01-01",20
9368,L9vGrT,Residential,120,Paused,"2023-01-01",0
9369,"4PGnnQ",Residential,120,Active,"2023-01-01",5
9370,AYog4f,Residential,120,Paused,"2023-01-01",10
9371,ADISIi,Residential,120,Cancelled,"2023-01-01",20
9372,AlKKZR,Business,250,Active,"2023-01-01",0
9373,fD7kXr,Mini,50,Active,"2023-01-01",5
9374,S0PmDB,Roam,80,Active,"2023-01-01",10
9375,jZIiV0,Residential,120,Active,"2023-01-01",20
9376,k4ShUh,Roam,80,Cancelled,"2023-01-01",0
9377,rz6DqI,Residential,120,Active,"2023-01-01",5
9378,UyyaY2,Residential,120,Paused,"2023-01-01",10
9379,cpmQZv,Residential,120,Active,"2023-01-01",20
9380,kIN4QR,Residential,120,Paused,"2023-01-01",0
9381,yN6gTD,Residential,120,Active,"2023-01-01",5
9382,"7asKYJ",Residential,120,Cancelled,"2023-01-01",10
9383,v6SKzE,Roam,80,Active,"2023-01-01",20
9384,"7P3Iib",Roam,80,Active,"2023-01-01",0
9385,iVUi9i,Roam,80,Active,"2023-01-01",5
9386,VhZRxR,Residential,120,Paused,"2023-01-01",10
9387,gt7tlm,Residential,120,Active,"2023-01-01",20
9388,Rqphlh,Residential,120,Active,"2023-01-01",0
9389,AbV8DH,Mini,50,Active,"2023-01-01",5
9390,mr3muE,Residential,120,Active,"2023-01-01",10
9391,D04wzI,Mini,50,Active,"2023-01-01",20
9392,Y0Dm5e,Residential,120,Active,"2023-01-01",0
9393,c9ZpGE,Residential,120,Active,"2023-01-01",5
9394,qkcqOk,Roam,80,Cancelled,"2023-01-01",10
9395,"9vFRET",Roam,80,Active,"2023-01-01",20
9396,a1iDLU,Residential,120,Active,"2023-01-01",0
9397,KIkvEv,Residential,120,Active,"2023-01-01",5
9398,aFnKjm,Residential,120,Cancelled,"2023-01-01",10
9399,xvYKWA,Residential,120,Active,"2023-01-01",20
9400,wAaF7A,Residential,120,Active,"2023-01-01",0
9401,EYdNny,Mini,50,Cancelled,"2023-01-01",5
9402,w1tuWN,Residential,120,Active,"2023-01-01",10
9403,W5pIDl,Roam,80,Cancelled,"2023-01-01",20
9404,jTn50o,Residential,120,Cancelled,"2023-01-01",0
9405,g5xeWg,Roam,80,Active,"2023-01-01",5
9406,AVgngk,Residential,120,Active,"2023-01-01",10
9407,P7I5Yx,Residential,120,Active,"2023-01-01",20
9408,Lb94rS,Residential,120,Active,"2023-01-01",0
9409,cgr1YX,Residential,120,Active,"2023-01-01",5
9410,M2kGu5,Roam,80,Active,"2023-01-01",10
9411,jnGXDq,Residential,120,Active,"2023-01-01",20
9412,pABg5U,Roam,80,Active,"2023-01-01",0
9413,kuCagF,Roam,80,Active,"2023-01-01",5
9414,qEVxqr,Roam,80,Active,"2023-01-01",10
9415,b4huyJ,Residential,120,Active,"2023-01-01",20
9416,YmSegY,Roam,80,Active,"2023-01-01",0
9417,vQ3Osh,Residential,120,Active,"2023-01-01",5
9418,LOyZBi,Roam,80,Cancelled,"2023-01-01",10
9419,a2LoPD,Residential,120,Active,"2023-01-01",20
9420,LCEoBQ,Residential,120,Active,"2023-01-01",0
9421,ZoWoMu,Residential,120,Active,"2023-01-01",5
9422,UQrxkJ,Residential,120,Active,"2023-01-01",10
9423,"4giT6I",Residential,120,Active,"2023-01-01",20
9424,qPC5hQ,Residential,120,Active,"2023-01-01",0
9425,Ta48SC,Residential,120,Active,"2023-01-01",5
9426,"7eOJVe",Residential,120,Active,"2023-01-01",10
9427,wqyoiR,Residential,120,Cancelled,"2023-01-01",20
9428,sR1UbC,Residential,120,Cancelled,"2023-01-01",0
9429,"8bdVYH",Roam,80,Paused,"2023-01-01",5
9430,TbmVsl,Residential,120,Active,"2023-01-01",10
9431,"0AI3M9",Residential,120,Active,"2023-01-01",20
9432,h5lq7U,Residential,120,Active,"2023-01-01",0
9433,l0oC8i,Roam,80,Active,"2023-01-01",5
9434,Ms84Cy,Residential,120,Active,"2023-01-01",10
9435,"4wQQeq",Roam,80,Active,"2023-01-01",20
9436,VJ73al,Residential,120,Active,"2023-01-01",0
9437,iLvQVC,Residential,120,Cancelled,"2023-01-01",5
9438,DWiJ1r,Residential,120,Active,"2023-01-01",10
9439,EIgW0g,Residential,120,Active,"2023-01-01",20
9440,xuPfro,Residential,120,Paused,"2023-01-01",0
9441,tDd4lU,Business,250,Active,"2023-01-01",5
9442,ppJoge,Residential,120,Active,"2023-01-01",10
9443,saU9U0,Roam,80,Active,"2023-01-01",20
9444,qlbcmW,Residential,120,Active,"2023-01-01",0
9445,bLKeRL,Residential,120,Paused,"2023-01-01",5
9446,m3lvf0,Residential,120,Active,"2023-01-01",10
9447,PBWena,Residential,120,Cancelled,"2023-01-01",20
9448,"9viIGN",Mini,50,Paused,"2023-01-01",0
9449,MrEZ7r,Residential,120,Active,"2023-01-01",5
9450,oqMii4,Residential,120,Paused,"2023-01-01",10
9451,"9a6RR9",Residential,120,Paused,"2023-01-01",20
9452,SlqRl6,Residential,120,Active,"2023-01-01",0
9453,"39CUAJ",Residential,120,Cancelled,"2023-01-01",5
9454,VKrY2P,Residential,120,Active,"2023-01-01",10
9455,FKnncO,Residential,120,Cancelled,"2023-01-01",20
9456,Z8iZxN,Residential,120,Active,"2023-01-01",0
9457,elifcG,Residential,120,Active,"2023-01-01",5
9458,EAl5Y9,Business,250,Paused,"2023-01-01",10
9459,"4Uy5jg",Business,250,Cancelled,"2023-01-01",20
9460,Vrv7c2,Business,250,Paused,"2023-01-01",0
9461,"7KxdR1",Business,250,Active,"2023-01-01",5
9462,egyhHB,Business,250,Active,"2023-01-01",10
9463,VCn2pY,Residential,120,Active,"2023-01-01",20
9464,ngaJlv,Residential,120,Active,"2023-01-01",0
9465,gIbQEl,Residential,120,Active,"2023-01-01",5
9466,enjt69,Residential,120,Paused,"2023-01-01",10
9467,pc05Sz,Residential,120,Active,"2023-01-01",20
9468,NmMsvP,Residential,120,Active,"2023-01-01",0
9469,ekOZyg,Residential,120,Active,"2023-01-01",5
9470,poe2Vv,Residential,120,Active,"2023-01-01",10
9471,"4UrWYR",Mini,50,Active,"2023-01-01",20
9472,jepS8c,Roam,80,Active,"2023-01-01",0
9473,DPTZw3,Residential,120,Active,"2023-01-01",5
9474,SWUNl5,Roam,80,Paused,"2023-01-01",10
9475,BbuQzk,Residential,120,Active,"2023-01-01",20
9476,LlQonJ,Roam,80,Paused,"2023-01-01",0
9477,DxMqmF,Residential,120,Active,"2023-01-01",5
9478,zbgYUZ,Residential,120,Active,"2023-01-01",10
9479,SXkZQJ,Roam,80,Active,"2023-01-01",20
9480,DnNFpB,Residential,120,Active,"2023-01-01",0
9481,Nj001e,Roam,80,Active,"2023-01-01",5
9482,"9ADEuz",Residential,120,Active,"2023-01-01",10
9483,EjHvIH,Residential,120,Active,"2023-01-01",20
9484,PeZFTf,Residential,120,Active,"2023-01-01",0
9485,Ys4SOF,Business,250,Active,"2023-01-01",5
9486,"2LQs6e",Residential,120,Active,"2023-01-01",10
9487,zrbkp1,Residential,120,Active,"2023-01-01",20
9488,QSOZM4,Mini,50,Active,"2023-01-01",0
9489,b6gyEj,Residential,120,Active,"2023-01-01",5
9490,ypSfgK,Residential,120,Active,"2023-01-01",10
9491,ivC4n0,Residential,120,Active,"2023-01-01",20
9492,smKVcb,Residential,120,Active,"2023-01-01",0
9493,aJg8r9,Roam,80,Active,"2023-01-01",5
9494,g5XT0p,Residential,120,Active,"2023-01-01",10
9495,pvtPIk,Residential,120,Paused,"2023-01-01",20
9496,ZU9NyR,Residential,120,Cancelled,"2023-01-01",0
9497,DxEwJQ,Roam,80,Active,"2023-01-01",5
9498,KmYTCd,Residential,120,Active,"2023-01-01",10
9499,bWwUt8,Mini,50,Active,"2023-01-01",20
9500,LhTTmX,Residential,120,Active,"2023-01-01",0
9501,BTxMxH,Roam,80,Active,"2023-01-01",5
9502,GEAQO7,Residential,120,Active,"2023-01-01",10
9503,dWM1T1,Business,250,Paused,"2023-01-01",20
9504,mzD1i5,Residential,120,Active,"2023-01-01",0
9505,cWTJe8,Residential,120,Cancelled,"2023-01-01",5
9506,Kmgs6u,Residential,120,Active,"2023-01-01",10
9507,oIVuc7,Residential,120,Active,"2023-01-01",20
9508,"9PHVG1",Roam,80,Active,"2023-01-01",0
9509,yN7fH7,Residential,120,Cancelled,"2023-01-01",5
9510,dy6z9k,Roam,80,Active,"2023-01-01",10
9511,TFOl0P,Residential,120,Paused,"2023-01-01",20
9512,hXjU1q,Residential,120,Active,"2023-01-01",0
9513,bQknlr,Residential,120,Active,"2023-01-01",5
9514,uXweOx,Business,250,Active,"2023-01-01",10
9515,q2EWGt,Business,250,Active,"2023-01-01",20
9516,q8J8Vx,Residential,120,Active,"2023-01-01",0
9517,TxtLUK,Residential,120,Active,"2023-01-01",5
9518,uobm1u,Roam,80,Active,"2023-01-01",10
9519,zPdJNn,Residential,120,Active,"2023-01-01",20
9520,tXkNX2,Roam,80,Active,"2023-01-01",0
9521,d624MA,Residential,120,Active,"2023-01-01",5
9522,JUZP2Y,Business,250,Paused,"2023-01-01",10
9523,"0OASNP",Roam,80,Active,"2023-01-01",20
9524,sjU2d1,Residential,120,Active,"2023-01-01",0
9525,bW0EGc,Residential,120,Active,"2023-01-01",5
9526,a8T7ew,Residential,120,Active,"2023-01-01",10
9527,CtPuhM,Residential,120,Active,"2023-01-01",20
9528,f5NlON,Mini,50,Active,"2023-01-01",0
9529,Q0OsGF,Residential,120,Active,"2023-01-01",5
9530,bYravz,Residential,120,Active,"2023-01-01",10
9531,"7YzZjz",Mini,50,Active,"2023-01-01",20
9532,qFcxI3,Residential,120,Paused,"2023-01-01",0
9533,DGpq7h,Residential,120,Active,"2023-01-01",5
9534,JA7oqt,Residential,120,Paused,"2023-01-01",10
9535,pktVXS,Business,250,Active,"2023-01-01",20
9536,s2tB9f,Roam,80,Active,"2023-01-01",0
9537,EuKefN,Roam,80,Active,"2023-01-01",5
9538,PnsrmM,Residential,120,Active,"2023-01-01",10
9539,"9YxQm9",Roam,80,Paused,"2023-01-01",20
9540,DhgQUK,Roam,80,Active,"2023-01-01",0
9541,hxv3Jw,Roam,80,Cancelled,"2023-01-01",5
9542,"26fEeV",Roam,80,Active,"2023-01-01",10
9543,sLORNs,Residential,120,Cancelled,"2023-01-01",20
9544,a1iipk,Business,250,Active,"2023-01-01",0
9545,V2ME98,Residential,120,Active,"2023-01-01",5
9546,sJw77d,Residential,120,Active,"2023-01-01",10
9547,WxKTVR,Residential,120,Active,"2023-01-01",20
9548,Fh8Etk,Roam,80,Active,"2023-01-01",0
9549,Gg5lfA,Residential,120,Active,"2023-01-01",5
9550,GJUlnC,Residential,120,Active,"2023-01-01",10
9551,iKgo0G,Residential,120,Active,"2023-01-01",20
9552,CKL2jZ,Residential,120,Active,"2023-01-01",0
9553,"6iU9Zj",Mini,50,Active,"2023-01-01",5
9554,YN81em,Business,250,Paused,"2023-01-01",10
9555,yNE6qU,Residential,120,Active,"2023-01-01",20
9556,"0YZhVp",Residential,120,Active,"2023-01-01",0
9557,DaNTIM,Residential,120,Active,"2023-01-01",5
9558,"71N3AE",Residential,120,Active,"2023-01-01",10
9559,bHeBiN,Residential,120,Cancelled,"2023-01-01",20
9560,jN5PqR,Residential,120,Cancelled,"2023-01-01",0
9561,GE5GmX,Mini,50,Active,"2023-01-01",5
9562,Pd3p0x,Residential,120,Cancelled,"2023-01-01",10
9563,FCyoWq,Roam,80,Active,"2023-01-01",20
9564,yVUTKm,Residential,120,Active,"2023-01-01",0
9565,nGjw7C,Mini,50,Active,"2023-01-01",5
9566,PN7NEZ,Roam,80,Paused,"2023-01-01",10
9567,"8ubhe6",Roam,80,Active,"2023-01-01",20
9568,jxF3IK,Residential,120,Active,"2023-01-01",0
9569,"1f0kWr",Mini,50,Active,"2023-01-01",5
9570,bB3jMF,Residential,120,Active,"2023-01-01",10
9571,UDOid5,Roam,80,Active,"2023-01-01",20
9572,"5kNK5a",Roam,80,Paused,"2023-01-01",0
9573,zoCXB1,Residential,120,Active,"2023-01-01",5
9574,oBECC2,Business,250,Active,"2023-01-01",10
9575,aL9V5D,Residential,120,Active,"2023-01-01",20
9576,"7wKN1y",Business,250,Active,"2023-01-01",0
9577,e7xZKz,Residential,120,Active,"2023-01-01",5
9578,Rxb7xR,Residential,120,Active,"2023-01-01",10
9579,k0lrG4,Residential,120,Active,"2023-01-01",20
9580,U4tcKM,Residential,120,Paused,"2023-01-01",0
9581,WAvc3N,Residential,120,Active,"2023-01-01",5
9582,dgG6Vg,Roam,80,Cancelled,"2023-01-01",10
9583,Ly4pIl,Residential,120,Active,"2023-01-01",20
9584,dXMrpQ,Roam,80,Active,"2023-01-01",0
9585,"4aCVgE",Mini,50,Active,"2023-01-01",5
9586,VBMhim,Roam,80,Active,"2023-01-01",10
9587,wmLreP,Residential,120,Active,"2023-01-01",20
9588,Bh6QrE,Roam,80,Active,"2023-01-01",0
9589,epZITG,Business,250,Active,"2023-01-01",5
9590,ubgVcN,Roam,80,Active,"2023-01-01",10
9591,vKNAp0,Roam,80,Paused,"2023-01-01",20
9592,"1XYu8U",Mini,50,Active,"2023-01-01",0
9593,xIYVhn,Residential,120,Active,"2023-01-01",5
9594,AbfEsI,Residential,120,Active,"2023-01-01",10
9595,PNYuxd,Residential,120,Active,"2023-01-01",20
9596,PFRHuK,Residential,120,Active,"2023-01-01",0
9597,gYeLTu,Business,250,Active,"2023-01-01",5
9598,"8EKqMn",Business,250,Paused,"2023-01-01",10
9599,Wp1A5L,Residential,120,Cancelled,"2023-01-01",20
9600,aEUMmT,Residential,120,Paused,"2023-01-01",0
9601,V2F50y,Residential,120,Active,"2023-01-01",5
9602,XTCWY1,Residential,120,Active,"2023-01-01",10
9603,XLQN4K,Residential,120,Active,"2023-01-01",20
9604,"4sYZKj",Business,250,Active,"2023-01-01",0
9605,W1oT5n,Residential,120,Active,"2023-01-01",5
9606,zIojqo,Business,250,Active,"2023-01-01",10
9607,UOhEAX,Roam,80,Active,"2023-01-01",20
9608,YILV2d,Residential,120,Active,"2023-01-01",0
9609,xzYjhJ,Mini,50,Active,"2023-01-01",5
9610,GpC65S,Residential,120,Active,"2023-01-01",10
9611,fiyKg5,Business,250,Active,"2023-01-01",20
9612,HAk5IK,Roam,80,Active,"2023-01-01",0
9613,TsmiGJ,Residential,120,Active,"2023-01-01",5
9614,dFi2sG,Mini,50,Active,"2023-01-01",10
9615,iDVSD6,Roam,80,Active,"2023-01-01",20
9616,p9HI94,Residential,120,Active,"2023-01-01",0
9617,NaLobH,Mini,50,Paused,"2023-01-01",5
9618,YbNzCF,Roam,80,Active,"2023-01-01",10
9619,wHE4Fy,Mini,50,Active,"2023-01-01",20
9620,uNzero,Residential,120,Active,"2023-01-01",0
9621,FitQk4,Residential,120,Active,"2023-01-01",5
9622,dDkwsF,Mini,50,Active,"2023-01-01",10
9623,"6IV1TT",Mini,50,Paused,"2023-01-01",20
9624,t8kdVO,Residential,120,Cancelled,"2023-01-01",0
9625,wk3I5d,Residential,120,Active,"2023-01-01",5
9626,V2nrAB,Residential,120,Active,"2023-01-01",10
9627,"8xQAI6",Roam,80,Active,"2023-01-01",20
9628,jDGbHB,Business,250,Active,"2023-01-01",0
9629,egVM4E,Residential,120,Cancelled,"2023-01-01",5
9630,XBRI8f,Residential,120,Active,"2023-01-01",10
9631,Zs5dzl,Residential,120,Active,"2023-01-01",20
9632,hFqxdE,Residential,120,Active,"2023-01-01",0
9633,AWsnoU,Residential,120,Active,"2023-01-01",5
9634,WNdkpi,Business,250,Active,"2023-01-01",10
9635,DookJA,Residential,120,Cancelled,"2023-01-01",20
9636,DI2eBY,Residential,120,Active,"2023-01-01",0
9637,DkZafH,Mini,50,Paused,"2023-01-01",5
9638,"9X3gFo",Residential,120,Active,"2023-01-01",10
9639,J0ZBJw,Business,250,Cancelled,"2023-01-01",20
9640,jG6oU8,Roam,80,Active,"2023-01-01",0
9641,hbiFBa,Mini,50,Active,"2023-01-01",5
9642,rGYSa5,Residential,120,Active,"2023-01-01",10
9643,U0RGiP,Mini,50,Cancelled,"2023-01-01",20
9644,yIYmBj,Residential,120,Active,"2023-01-01",0
9645,"7bA4xt",Residential,120,Active,"2023-01-01",5
9646,vruvfm,Residential,120,Paused,"2023-01-01",10
9647,QkSeIq,Residential,120,Active,"2023-01-01",20
9648,fPjm1W,Roam,80,Active,"2023-01-01",0
9649,kgPgUV,Residential,120,Active,"2023-01-01",5
9650,"8pnCRt",Residential,120,Active,"2023-01-01",10
9651,BeUzPo,Residential,120,Active,"2023-01-01",20
9652,"0Aw9a6",Mini,50,Active,"2023-01-01",0
9653,fOdRHU,Residential,120,Active,"2023-01-01",5
9654,ai5R0F,Roam,80,Active,"2023-01-01",10
9655,MKiY4R,Mini,50,Active,"2023-01-01",20
9656,BNnTvN,Residential,120,Paused,"2023-01-01",0
9657,Hh8WFD,Roam,80,Active,"2023-01-01",5
9658,rRQIMO,Mini,50,Active,"2023-01-01",10
9659,T2Sq6I,Residential,120,Active,"2023-01-01",20
9660,KRs2JC,Residential,120,Active,"2023-01-01",0
9661,pabaPq,Residential,120,Active,"2023-01-01",5
9662,uNLlBe,Residential,120,Cancelled,"2023-01-01",10
9663,"8LCohH",Residential,120,Active,"2023-01-01",20
9664,tzQhPC,Residential,120,Active,"2023-01-01",0
9665,eQWeWU,Residential,120,Active,"2023-01-01",5
9666,DcPaRK,Residential,120,Active,"2023-01-01",10
9667,GvLAC8,Residential,120,Cancelled,"2023-01-01",20
9668,"6txXYP",Residential,120,Active,"2023-01-01",0
9669,EwHAYe,Roam,80,Active,"2023-01-01",5
9670,ZYAWw5,Mini,50,Active,"2023-01-01",10
9671,cIXqT7,Residential,120,Paused,"2023-01-01",20
9672,C8dGZb,Mini,50,Active,"2023-01-01",0
9673,TbsxT1,Business,250,Active,"2023-01-01",5
9674,SrUyIt,Roam,80,Active,"2023-01-01",10
9675,jlks7X,Mini,50,Active,"2023-01-01",20
9676,cUamoV,Business,250,Active,"2023-01-01",0
9677,wAuOeT,Residential,120,Active,"2023-01-01",5
9678,ut9ERD,Residential,120,Active,"2023-01-01",10
9679,"5aSrut",Roam,80,Active,"2023-01-01",20
9680,bGpsSz,Roam,80,Active,"2023-01-01",0
9681,dvTMYe,Residential,120,Active,"2023-01-01",5
9682,yjKQl6,Residential,120,Active,"2023-01-01",10
9683,s3D8WR,Roam,80,Active,"2023-01-01",20
9684,azov02,Residential,120,Paused,"2023-01-01",0
9685,hN6IK6,Residential,120,Active,"2023-01-01",5
9686,"9DtBrU",Residential,120,Active,"2023-01-01",10
9687,dp3DGE,Mini,50,Active,"2023-01-01",20
9688,QnyxcA,Mini,50,Paused,"2023-01-01",0
9689,E4yV7c,Residential,120,Active,"2023-01-01",5
9690,gkCplT,Residential,120,Active,"2023-01-01",10
9691,"57Zxe7",Residential,120,Active,"2023-01-01",20
9692,ieaSEB,Residential,120,Active,"2023-01-01",0
9693,Vnxnso,Mini,50,Active,"2023-01-01",5
9694,WvAwFv,Roam,80,Active,"2023-01-01",10
9695,vW74RK,Residential,120,Paused,"2023-01-01",20
9696,"6pWOyl",Mini,50,Cancelled,"2023-01-01",0
9697,"4fJHS6",Residential,120,Active,"2023-01-01",5
9698,pV19pY,Roam,80,Active,"2023-01-01",10
9699,a4dcdY,Roam,80,Active,"2023-01-01",20
9700,"2QJZGG",Mini,50,Active,"2023-01-01",0
9701,WCqf1t,Business,250,Active,"2023-01-01",5
9702,hBhVWC,Residential,120,Active,"2023-01-01",10
9703,u3c24c,Residential,120,Active,"2023-01-01",20
9704,yh1nyv,Residential,120,Active,"2023-01-01",0
9705,zcigia,Residential,120,Active,"2023-01-01",5
9706,"0vmPFl",Residential,120,Paused,"2023-01-01",10
9707,EnP0st,Residential,120,Active,"2023-01-01",20
9708,"1HH9sa",Residential,120,Active,"2023-01-01",0
9709,pvR2r9,Mini,50,Active,"2023-01-01",5
9710,lKvgj0,Roam,80,Active,"2023-01-01",10
9711,W9aFaq,Residential,120,Active,"2023-01-01",20
9712,ANmLj7,Residential,120,Active,"2023-01-01",0
9713,iUcxW0,Residential,120,Paused,"2023-01-01",5
9714,sr6BBr,Residential,120,Cancelled,"2023-01-01",10
9715,lEJzdz,Roam,80,Active,"2023-01-01",20
9716,"243RXZ",Residential,120,Active,"2023-01-01",0
9717,lSvs7q,Residential,120,Active,"2023-01-01",5
9718,"3GlNWw",Roam,80,Active,"2023-01-01",10
9719,hAAyuk,Residential,120,Active,"2023-01-01",20
9720,G1jJFx,Residential,120,Active,"2023-01-01",0
9721,BD0HM2,Residential,120,Cancelled,"2023-01-01",5
9722,"4vyISh",Residential,120,Active,"2023-01-01",10
9723,"4MY6TX",Residential,120,Active,"2023-01-01",20
9724,fbVsrH,Residential,120,Paused,"2023-01-01",0
9725,QFDxQR,Residential,120,Active,"2023-01-01",5
9726,vpCadb,Roam,80,Active,"2023-01-01",10
9727,Vkgv15,Residential,120,Active,"2023-01-01",20
9728,M6Hcgf,Roam,80,Active,"2023-01-01",0
9729,iUqOPz,Residential,120,Cancelled,"2023-01-01",5
9730,DvYNA7,Residential,120,Active,"2023-01-01",10
9731,kisieV,Residential,120,Active,"2023-01-01",20
9732,h8Ny4n,Roam,80,Active,"2023-01-01",0
9733,ctSwYo,Residential,120,Active,"2023-01-01",5
9734,jPHrGV,Roam,80,Active,"2023-01-01",10
9735,hWjfRt,Residential,120,Active,"2023-01-01",20
9736,NZ7Ouz,Roam,80,Active,"2023-01-01",0
9737,hGegey,Mini,50,Active,"2023-01-01",5
9738,ddi0na,Residential,120,Paused,"2023-01-01",10
9739,cCG6mn,Residential,120,Active,"2023-01-01",20
9740,csbSpw,Roam,80,Active,"2023-01-01",0
9741,iSSgLl,Roam,80,Active,"2023-01-01",5
9742,ri5Jks,Residential,120,Active,"2023-01-01",10
9743,GgA7wL,Roam,80,Active,"2023-01-01",20
9744,vP8YAy,Business,250,Active,"2023-01-01",0
9745,F2gIAO,Business,250,Active,"2023-01-01",5
9746,ZafDHq,Roam,80,Active,"2023-01-01",10
9747,zUZsSt,Business,250,Active,"2023-01-01",20
9748,Y7gbtP,Residential,120,Active,"2023-01-01",0
9749,nHHFM2,Residential,120,Cancelled,"2023-01-01",5
9750,sPOsOx,Residential,120,Active,"2023-01-01",10
9751,zSt31O,Residential,120,Active,"2023-01-01",20
9752,"953j5B",Mini,50,Active,"2023-01-01",0
9753,vCA4EN,Roam,80,Active,"2023-01-01",5
9754,e28eJ0,Roam,80,Active,"2023-01-01",10
9755,Cg4KbF,Residential,120,Active,"2023-01-01",20
9756,fe77Dk,Residential,120,Active,"2023-01-01",0
9757,tFmYHy,Residential,120,Active,"2023-01-01",5
9758,TDU81J,Residential,120,Active,"2023-01-01",10
9759,eGbJnT,Residential,120,Paused,"2023-01-01",20
9760,pA7jMB,Residential,120,Active,"2023-01-01",0
9761,LAj9Ab,Residential,120,Paused,"2023-01-01",5
9762,"4cnblg",Business,250,Active,"2023-01-01",10
9763,lCqI0x,Residential,120,Active,"2023-01-01",20
9764,YeIF1T,Residential,120,Active,"2023-01-01",0
9765,"4AyUvW",Residential,120,Active,"2023-01-01",5
9766,zzooIm,Business,250,Paused,"2023-01-01",10
9767,S6204V,Residential,120,Active,"2023-01-01",20
9768,s1O3lW,Residential,120,Active,"2023-01-01",0
9769,jud5MP,Roam,80,Active,"2023-01-01",5
9770,HfSS5C,Roam,80,Active,"2023-01-01",10
9771,gqgVOc,Residential,120,Active,"2023-01-01",20
9772,ukrhWa,Mini,50,Active,"2023-01-01",0
9773,T70s9k,Residential,120,Active,"2023-01-01",5
9774,kK6BWa,Residential,120,Active,"2023-01-01",10
9775,IUhCeY,Residential,120,Active,"2023-01-01",20
9776,lky9gK,Residential,120,Active,"2023-01-01",0
9777,MDPUw4,Residential,120,Active,"2023-01-01",5
9778,"8dNDBX",Residential,120,Active,"2023-01-01",10
9779,uNCwK2,Residential,120,Cancelled,"2023-01-01",20
9780,uOQxIN,Residential,120,Active,"2023-01-01",0
9781,PNtsuC,Business,250,Active,"2023-01-01",5
9782,dKXpZI,Residential,120,Active,"2023-01-01",10
9783,yaMdJf,Business,250,Active,"2023-01-01",20
9784,MDjeze,Roam,80,Active,"2023-01-01",0
9785,T3oaq6,Roam,80,Active,"2023-01-01",5
9786,"2qqUSX",Residential,120,Active,"2023-01-01",10
9787,mRYRFl,Residential,120,Active,"2023-01-01",20
9788,a6vtnr,Residential,120,Active,"2023-01-01",0
9789,mxInJM,Roam,80,Cancelled,"2023-01-01",5
9790,"7nJ6iU",Residential,120,Active,"2023-01-01",10
9791,uLodRP,Roam,80,Active,"2023-01-01",20
9792,gp4z9N,Residential,120,Paused,"2023-01-01",0
9793,qNvprM,Residential,120,Active,"2023-01-01",5
9794,"02RNJz",Business,250,Active,"2023-01-01",10
9795,ssoIP2,Residential,120,Active,"2023-01-01",20
9796,"6JB3pY",Roam,80,Active,"2023-01-01",0
9797,hjqZUg,Residential,120,Active,"2023-01-01",5
9798,wmeZOb,Business,250,Active,"2023-01-01",10
9799,AJOCBn,Residential,120,Cancelled,"2023-01-01",20
9800,PIXDxa,Mini,50,Active,"2023-01-01",0
9801,W0qzyx,Residential,120,Paused,"2023-01-01",5
9802,VwZptR,Mini,50,Active,"2023-01-01",10
9803,tyBy4q,Residential,120,Active,"2023-01-01",20
9804,"8WIJum",Residential,120,Active,"2023-01-01",0
9805,VdyCaK,Residential,120,Active,"2023-01-01",5
9806,"3qKcsx",Mini,50,Cancelled,"2023-01-01",10
9807,orbCsH,Residential,120,Paused,"2023-01-01",20
9808,OVFiYO,Residential,120,Active,"2023-01-01",0
9809,OIrdtf,Roam,80,Active,"2023-01-01",5
9810,aBT7gw,Residential,120,Paused,"2023-01-01",10
9811,CyxLN7,Residential,120,Active,"2023-01-01",20
9812,"3WiXVG",Roam,80,Active,"2023-01-01",0
9813,i9HPvp,Roam,80,Active,"2023-01-01",5
9814,JU7u0A,Residential,120,Active,"2023-01-01",10
9815,"68xENK",Residential,120,Paused,"2023-01-01",20
9816,jKdihq,Residential,120,Active,"2023-01-01",0
9817,"2x1sOC",Residential,120,Active,"2023-01-01",5
9818,HnMjru,Business,250,Cancelled,"2023-01-01",10
9819,"6rUIo9",Roam,80,Active,"2023-01-01",20
9820,qGPOIj,Residential,120,Active,"2023-01-01",0
9821,"98i54t",Residential,120,Active,"2023-01-01",5
9822,"7OJp1P",Residential,120,Cancelled,"2023-01-01",10
9823,qcCBuc,Residential,120,Active,"2023-01-01",20
9824,"3i563V",Residential,120,Active,"2023-01-01",0
9825,EUHysA,Residential,120,Active,"2023-01-01",5
9826,sAkYJR,Residential,120,Active,"2023-01-01",10
9827,qBBNjW,Residential,120,Paused,"2023-01-01",20
9828,HFV2wM,Residential,120,Active,"2023-01-01",0
9829,W0M4M6,Business,250,Cancelled,"2023-01-01",5
9830,bDTsyY,Residential,120,Cancelled,"2023-01-01",10
9831,wM3aGl,Residential,120,Active,"2023-01-01",20
9832,gLjBLJ,Residential,120,Active,"2023-01-01",0
9833,"9YaeRG",Business,250,Active,"2023-01-01",5
9834,Ub3vgv,Mini,50,Active,"2023-01-01",10
9835,RzcRyJ,Roam,80,Active,"2023-01-01",20
9836,wQrPjp,Residential,120,Active,"2023-01-01",0
9837,WOiTqf,Residential,120,Active,"2023-01-01",5
9838,oyPstU,Roam,80,Paused,"2023-01-01",10
9839,t1az0M,Residential,120,Active,"2023-01-01",20
9840,fYly7q,Business,250,Active,"2023-01-01",0
9841,GLNjzD,Residential,120,Active,"2023-01-01",5
9842,pq8KQx,Residential,120,Active,"2023-01-01",10
9843,MKDaQl,Mini,50,Active,"2023-01-01",20
9844,EuhOgM,Residential,120,Active,"2023-01-01",0
9845,Y9VG7V,Residential,120,Paused,"2023-01-01",5
9846,"1pzFdI",Residential,120,Cancelled,"2023-01-01",10
9847,T3ggk4,Business,250,Cancelled,"2023-01-01",20
9848,"1M5UZD",Residential,120,Active,"2023-01-01",0
9849,WQj5DG,Roam,80,Cancelled,"2023-01-01",5
9850,ekJYoX,Residential,120,Active,"2023-01-01",10
9851,PvGdwN,Residential,120,Active,"2023-01-01",20
9852,rRs1DC,Business,250,Active,"2023-01-01",0
9853,IBs8oB,Residential,120,Active,"2023-01-01",5
9854,"8CZdQc",Residential,120,Paused,"2023-01-01",10
9855,xh3QpN,Residential,120,Active,"2023-01-01",20
9856,guyDWG,Residential,120,Active,"2023-01-01",0
9857,"702938",Business,250,Active,"2023-01-01",5
9858,P2jKe1,Mini,50,Active,"2023-01-01",10
9859,YqyxzJ,Residential,120,Active,"2023-01-01",20
9860,F8Lozo,Residential,120,Active,"2023-01-01",0
9861,UBHtYD,Roam,80,Active,"2023-01-01",5
9862,bsjfV6,Roam,80,Active,"2023-01-01",10
9863,YrEbty,Business,250,Active,"2023-01-01",20
9864,"6P89xb",Residential,120,Cancelled,"2023-01-01",0
9865,MclPUu,Mini,50,Active,"2023-01-01",5
9866,cmuKyC,Mini,50,Active,"2023-01-01",10
9867,ouQ6i1,Residential,120,Active,"2023-01-01",20
9868,RFy1ul,Residential,120,Active,"2023-01-01",0
9869,"5AWD2p",Residential,120,Active,"2023-01-01",5
9870,BIxJh6,Residential,120,Active,"2023-01-01",10
9871,R6IIl9,Roam,80,Paused,"2023-01-01",20
9872,i4fxyc,Roam,80,Active,"2023-01-01",0
9873,"7lvxno",Residential,120,Active,"2023-01-01",5
9874,xG7YXi,Residential,120,Active,"2023-01-01",10
9875,vBfwq9,Residential,120,Active,"2023-01-01",20
9876,HAVtGq,Residential,120,Active,"2023-01-01",0
9877,mn1uj3,Business,250,Active,"2023-01-01",5
9878,VBMqZ2,Residential,120,Active,"2023-01-01",10
9879,Wy3G6e,Residential,120,Active,"2023-01-01",20
9880,R05K44,Business,250,Active,"2023-01-01",0
9881,Bnbwmg,Residential,120,Active,"2023-01-01",5
9882,fx1LY8,Roam,80,Active,"2023-01-01",10
9883,"4XShhB",Residential,120,Active,"2023-01-01",20
9884,fLjg9q,Residential,120,Paused,"2023-01-01",0
9885,Y8KitU,Residential,120,Paused,"2023-01-01",5
9886,AzloYh,Roam,80,Active,"2023-01-01",10
9887,jzEAys,Residential,120,Active,"2023-01-01",20
9888,vukFhF,Business,250,Active,"2023-01-01",0
9889,tKyXQ9,Residential,120,Active,"2023-01-01",5
9890,UfFVdm,Roam,80,Active,"2023-01-01",10
9891,Kxac75,Residential,120,Active,"2023-01-01",20
9892,q7ppIu,Roam,80,Paused,"2023-01-01",0
9893,TKkwOc,Residential,120,Active,"2023-01-01",5
9894,I7AUMs,Roam,80,Active,"2023-01-01",10
9895,UFBNRm,Residential,120,Active,"2023-01-01",20
9896,"5ENLDq",Mini,50,Active,"2023-01-01",0
9897,"1OQke0",Residential,120,Active,"2023-01-01",5
9898,WL2SfT,Business,250,Cancelled,"2023-01-01",10
9899,J2gTwP,Residential,120,Paused,"2023-01-01",20
9900,fhGnF4,Business,250,Active,"2023-01-01",0
9901,bmZCwX,Residential,120,Active,"2023-01-01",5
9902,WZJxjG,Residential,120,Active,"2023-01-01",10
9903,ws6jND,Roam,80,Active,"2023-01-01",20
9904,YAjfH6,Residential,120,Active,"2023-01-01",0
9905,GEuROM,Roam,80,Active,"2023-01-01",5
9906,r49U5P,Residential,120,Active,"2023-01-01",10
9907,y3939A,Residential,120,Active,"2023-01-01",20
9908,kmM6Mu,Residential,120,Active,"2023-01-01",0
9909,"5uLKTs",Mini,50,Active,"2023-01-01",5
9910,mxNyu6,Residential,120,Active,"2023-01-01",10
9911,fa9zhs,Residential,120,Active,"2023-01-01",20
9912,"68AENQ",Residential,120,Active,"2023-01-01",0
9913,Q4Nwmg,Residential,120,Active,"2023-01-01",5
9914,"7iRHvc",Residential,120,Cancelled,"2023-01-01",10
9915,"4ZPjfF",Residential,120,Active,"2023-01-01",20
9916,"95OzZ8",Roam,80,Active,"2023-01-01",0
9917,PZygFP,Roam,80,Active,"2023-01-01",5
9918,"6YNBmO",Roam,80,Paused,"2023-01-01",10
9919,ljLwf9,Mini,50,Active,"2023-01-01",20
9920,uY2rEq,Residential,120,Active,"2023-01-01",0
9921,XphA8W,Residential,120,Active,"2023-01-01",5
9922,DopHML,Residential,120,Active,"2023-01-01",10
9923,XRTyQ1,Residential,120,Active,"2023-01-01",20
9924,u5t8bk,Residential,120,Active,"2023-01-01",0
9925,XxCm3j,Mini,50,Active,"2023-01-01",5
9926,ho9IuH,Residential,120,Active,"2023-01-01",10
9927,"4TGznN",Residential,120,Paused,"2023-01-01",20
9928,eL6Vi0,Residential,120,Active,"2023-01-01",0
9929,kYuNJ0,Mini,50,Active,"2023-01-01",5
9930,fxnQzl,Residential,120,Active,"2023-01-01",10
9931,YtUN3D,Roam,80,Active,"2023-01-01",20
9932,bHy8dA,Residential,120,Active,"2023-01-01",0
9933,CE7yVs,Residential,120,Active,"2023-01-01",5
9934,h4qoNI,Business,250,Active,"2023-01-01",10
9935,l6cd0g,Roam,80,Cancelled,"2023-01-01",20
9936,oACV86,Residential,120,Active,"2023-01-01",0
9937,EE09nB,Residential,120,Active,"2023-01-01",5
9938,X65BuD,Roam,80,Active,"2023-01-01",10
9939,nsf4r6,Residential,120,Active,"2023-01-01",20
9940,iSOtia,Residential,120,Active,"2023-01-01",0
9941,"5FhBmy",Residential,120,Active,"2023-01-01",5
9942,LM4rmI,Roam,80,Active,"2023-01-01",10
9943,nPWF1X,Residential,120,Active,"2023-01-01",20
9944,hGIaRa,Business,250,Active,"2023-01-01",0
9945,"6UHly2",Residential,120,Active,"2023-01-01",5
9946,M1pPIM,Residential,120,Active,"2023-01-01",10
9947,"4I17lM",Roam,80,Active,"2023-01-01",20
9948,NH6qyU,Residential,120,Active,"2023-01-01",0
9949,tPwYWx,Roam,80,Active,"2023-01-01",5
9950,QoN48A,Residential,120,Active,"2023-01-01",10
9951,"3QGmkB",Residential,120,Active,"2023-01-01",20
9952,pEqJHj,Business,250,Active,"2023-01-01",0
9953,eiAkqF,Residential,120,Active,"2023-01-01",5
9954,uQf7Pm,Residential,120,Active,"2023-01-01",10
9955,hWZwZc,Roam,80,Active,"2023-01-01",20
9956,kZIAb2,Mini,50,Active,"2023-01-01",0
9957,qt7gRZ,Residential,120,Active,"2023-01-01",5
9958,TRGDCt,Residential,120,Active,"2023-01-01",10
9959,AWzQ0f,Business,250,Active,"2023-01-01",20
9960,n0sZpr,Residential,120,Active,"2023-01-01",0
9961,OpYe6l,Residential,120,Cancelled,"2023-01-01",5
9962,aipZUp,Residential,120,Active,"2023-01-01",10
9963,"7ThnbB",Mini,50,Active,"2023-01-01",20
9964,yMRoIH,Roam,80,Active,"2023-01-01",0
9965,NXiyMt,Business,250,Active,"2023-01-01",5
9966,BHRSR3,Roam,80,Paused,"2023-01-01",10
9967,Ef1XQN,Residential,120,Active,"2023-01-01",20
9968,mWZlOE,Residential,120,Active,"2023-01-01",0
9969,pOV9iu,Residential,120,Active,"2023-01-01",5
9970,V3m5TU,Roam,80,Active,"2023-01-01",10
9971,IBd0LP,Mini,50,Active,"2023-01-01",20
9972,mWKjkC,Residential,120,Cancelled,"2023-01-01",0
9973,lXZ2r1,Residential,120,Active,"2023-01-01",5
9974,Pa8GXf,Mini,50,Active,"2023-01-01",10
9975,H8Wfft,Roam,80,Active,"2023-01-01",20
9976,aTPAwe,Business,250,Active,"2023-01-01",0
9977,BNTwJu,Residential,120,Active,"2023-01-01",5
9978,"1SxRC6",Residential,120,Active,"2023-01-01",10
9979,"37ejjk",Mini,50,Active,"2023-01-01",20
9980,eKhgBj,Residential,120,Active,"2023-01-01",0
9981,Lh0eVL,Mini,50,Active,"2023-01-01",5
9982,"3p3XDX",Residential,120,Active,"2023-01-01",10
9983,pCoec1,Business,250,Cancelled,"2023-01-01",20
9984,wW4k0g,Roam,80,Cancelled,"2023-01-01",0
9985,NV32ah,Residential,120,Active,"2023-01-01",5
9986,KxaFqA,Mini,50,Active,"2023-01-01",10
9987,KpNFG6,Roam,80,Active,"2023-01-01",20
9988,"0YuzXy",Residential,120,Active,"2023-01-01",0
9989,zsNouD,Residential,120,Paused,"2023-01-01",5
9990,JvJNCr,Residential,120,Cancelled,"2023-01-01",10
9991,"8l7qgA",Residential,120,Paused,"2023-01-01",20
9992,cAbLaq,Residential,120,Active,"2023-01-01",0
9993,xQPHOv,Residential,120,Active,"2023-01-01",5
9994,XtdvWD,Residential,120,Active,"2023-01-01",10
9995,WM71PA,Residential,120,Active,"2023-01-01",20
9996,KXksYC,Roam,80,Active,"2023-01-01",0
9997,JppfFh,Residential,120,Cancelled,"2023-01-01",5
9998,AolYQL,Mini,50,Cancelled,"2023-01-01",10
9999,YXgexj,Residential,120,Active,"2023-01-01",20
10000,d5gjoO,Roam,80,Cancelled,"2023-01-01",0
